[3/17/2025, 11:43:43 AM] LEGENDARY_CONFIG_PATH=/home/SamDaaEpic/.config/heroic/legendaryConfig/legendary /opt/Heroic/resources/app.asar.unpacked/build/bin/x64/linux/legendary --version
legendary version "0.20.36", codename "Urban Flight (Heroic)"
[3/17/2025, 11:43:44 AM] LEGENDARY_CONFIG_PATH=/home/SamDaaEpic/.config/heroic/legendaryConfig/legendary /opt/Heroic/resources/app.asar.unpacked/build/bin/x64/linux/legendary list --third-party
[cli] INFO: Logging in...
[Core] INFO: Trying to re-use existing login session...
[cli] INFO: Getting game list... (this may take a while)

Available games:
 * Fortnite (App name: Fortnite | Version: ++Fortnite+Release-34.10-CL-40567068-Windows)
 * Grand Theft Auto V (App name: 9d2d0eb64d5c44529cece33fe2a46482 | Version: 1.0.3442.0)
 * Grand Theft Auto V Enhanced (App name: 8769e24080ea413b8ebca3f1b8c50951 | Version: 1.0.812.6)
 * Rocket League® (App name: Sugar | Version: BC2_Update54+477186)
 * VALORANT (App name: 602eb4abc8764c87b7f2607a1ef8c18e | Version: 2609-591)
 * Watch Dogs 2 (App name: Angelonia | Version: 1.0)
  - This game can be activated directly on your Ubisoft account and does not require legendary to install/run. This game requires Ubisoft Connect to be installed. Use "legendary activate --uplay" and follow the instructions.

Total: 6
[3/17/2025, 11:43:46 AM] LEGENDARY_CONFIG_PATH=/home/SamDaaEpic/.config/heroic/legendaryConfig/legendary /opt/Heroic/resources/app.asar.unpacked/build/bin/x64/linux/legendary list --third-party
[cli] INFO: Logging in...
[Core] INFO: Trying to re-use existing login session...
[cli] INFO: Getting game list... (this may take a while)

Available games:
 * Fortnite (App name: Fortnite | Version: ++Fortnite+Release-34.10-CL-40567068-Windows)
 * Grand Theft Auto V (App name: 9d2d0eb64d5c44529cece33fe2a46482 | Version: 1.0.3442.0)
 * Grand Theft Auto V Enhanced (App name: 8769e24080ea413b8ebca3f1b8c50951 | Version: 1.0.812.6)
 * Rocket League® (App name: Sugar | Version: BC2_Update54+477186)
 * VALORANT (App name: 602eb4abc8764c87b7f2607a1ef8c18e | Version: 2609-591)
 * Watch Dogs 2 (App name: Angelonia | Version: 1.0)
  - This game can be activated directly on your Ubisoft account and does not require legendary to install/run. This game requires Ubisoft Connect to be installed. Use "legendary activate --uplay" and follow the instructions.

Total: 6
[3/17/2025, 11:44:28 AM] HEROIC_APP_NAME=9d2d0eb64d5c44529cece33fe2a46482 HEROIC_APP_RUNNER=legendary GAMEID=umu-0 HEROIC_APP_SOURCE=epic STORE=egs STEAM_COMPAT_INSTALL_PATH=/home/SamDaaEpic/Games/Heroic/GTAV LD_PRELOAD= WINEPREFIX="/home/SamDaaEpic/Games/Heroic/Prefixes/default/Grand Theft Auto V" WINEDLLOVERRIDES=winemenubuilder.exe=d WINE_FULLSCREEN_FSR=0 WINEESYNC=1 WINEFSYNC=1 DXVK_ENABLE_NVAPI=1 DXVK_NVAPI_ALLOW_OTHER_DRIVERS=1 PROTON_EAC_RUNTIME=/home/SamDaaEpic/.config/heroic/tools/runtimes/eac_runtime PROTON_BATTLEYE_RUNTIME=/home/SamDaaEpic/.config/heroic/tools/runtimes/battleye_runtime ORIG_LD_LIBRARY_PATH= LD_LIBRARY_PATH=/home/SamDaaEpic/.config/heroic/tools/wine/Wine-GE-Proton8-26/lib64:/home/SamDaaEpic/.config/heroic/tools/wine/Wine-GE-Proton8-26/lib GST_PLUGIN_SYSTEM_PATH_1_0=/home/SamDaaEpic/.config/heroic/tools/wine/Wine-GE-Proton8-26/lib64/gstreamer-1.0:/home/SamDaaEpic/.config/heroic/tools/wine/Wine-GE-Proton8-26/lib/gstreamer-1.0 WINEDLLPATH=/home/SamDaaEpic/.config/heroic/tools/wine/Wine-GE-Proton8-26/lib64/wine:/home/SamDaaEpic/.config/heroic/tools/wine/Wine-GE-Proton8-26/lib/wine LEGENDARY_CONFIG_PATH=/home/SamDaaEpic/.config/heroic/legendaryConfig/legendary /opt/Heroic/resources/app.asar.unpacked/build/bin/x64/linux/legendary launch 9d2d0eb64d5c44529cece33fe2a46482 --wine /home/SamDaaEpic/.config/heroic/tools/wine/Wine-GE-Proton8-26/bin/wine --language en
[cli] INFO: Logging in...
[Core] INFO: Trying to re-use existing login session...
[cli] INFO: Checking for updates...
[Core] INFO: Getting authentication token...
[cli] INFO: Launching 9d2d0eb64d5c44529cece33fe2a46482...
Traceback (most recent call last):
  File "legendary/cli.py", line 3224, in <module>
  File "legendary/cli.py", line 3137, in main
  File "legendary/cli.py", line 718, in launch_game
  File "subprocess.py", line 951, in __init__
  File "subprocess.py", line 1837, in _execute_child
FileNotFoundError: [Errno 2] No such file or directory: '/home/SamDaaEpic/.config/heroic/tools/wine/Wine-GE-Proton8-26/bin/wine'
[PYI-5495:ERROR] Failed to execute script 'cli' due to unhandled exception!
[3/17/2025, 11:44:29 AM] LEGENDARY_CONFIG_PATH=/home/SamDaaEpic/.config/heroic/legendaryConfig/legendary /opt/Heroic/resources/app.asar.unpacked/build/bin/x64/linux/legendary list --third-party
[cli] INFO: Logging in...
[Core] INFO: Trying to re-use existing login session...
[cli] INFO: Getting game list... (this may take a while)

Available games:
 * Fortnite (App name: Fortnite | Version: ++Fortnite+Release-34.10-CL-40567068-Windows)
 * Grand Theft Auto V (App name: 9d2d0eb64d5c44529cece33fe2a46482 | Version: 1.0.3442.0)
 * Grand Theft Auto V Enhanced (App name: 8769e24080ea413b8ebca3f1b8c50951 | Version: 1.0.812.6)
 * Rocket League® (App name: Sugar | Version: BC2_Update54+477186)
 * VALORANT (App name: 602eb4abc8764c87b7f2607a1ef8c18e | Version: 2609-591)
 * Watch Dogs 2 (App name: Angelonia | Version: 1.0)
  - This game can be activated directly on your Ubisoft account and does not require legendary to install/run. This game requires Ubisoft Connect to be installed. Use "legendary activate --uplay" and follow the instructions.

Total: 6
[3/17/2025, 11:47:36 AM] HEROIC_APP_NAME=9d2d0eb64d5c44529cece33fe2a46482 HEROIC_APP_RUNNER=legendary GAMEID=umu-0 HEROIC_APP_SOURCE=epic STORE=egs STEAM_COMPAT_INSTALL_PATH=/home/SamDaaEpic/Games/Heroic/GTAV LD_PRELOAD= WINEPREFIX="/home/SamDaaEpic/Games/Heroic/Prefixes/default/Grand Theft Auto V" WINEDLLOVERRIDES=winemenubuilder.exe=d WINE_FULLSCREEN_FSR=0 WINEESYNC=1 WINEFSYNC=1 DXVK_ENABLE_NVAPI=1 DXVK_NVAPI_ALLOW_OTHER_DRIVERS=1 PROTON_EAC_RUNTIME=/home/SamDaaEpic/.config/heroic/tools/runtimes/eac_runtime PROTON_BATTLEYE_RUNTIME=/home/SamDaaEpic/.config/heroic/tools/runtimes/battleye_runtime ORIG_LD_LIBRARY_PATH= LD_LIBRARY_PATH=/home/SamDaaEpic/.config/heroic/tools/wine/Wine-GE-Proton8-26/lib64:/home/SamDaaEpic/.config/heroic/tools/wine/Wine-GE-Proton8-26/lib GST_PLUGIN_SYSTEM_PATH_1_0=/home/SamDaaEpic/.config/heroic/tools/wine/Wine-GE-Proton8-26/lib64/gstreamer-1.0:/home/SamDaaEpic/.config/heroic/tools/wine/Wine-GE-Proton8-26/lib/gstreamer-1.0 WINEDLLPATH=/home/SamDaaEpic/.config/heroic/tools/wine/Wine-GE-Proton8-26/lib64/wine:/home/SamDaaEpic/.config/heroic/tools/wine/Wine-GE-Proton8-26/lib/wine LEGENDARY_CONFIG_PATH=/home/SamDaaEpic/.config/heroic/legendaryConfig/legendary /opt/Heroic/resources/app.asar.unpacked/build/bin/x64/linux/legendary launch 9d2d0eb64d5c44529cece33fe2a46482 --wine /home/SamDaaEpic/.config/heroic/tools/wine/Wine-GE-Proton8-26/bin/wine --language en
[cli] INFO: Logging in...
[Core] INFO: Trying to re-use existing login session...
[cli] INFO: Checking for updates...
[Core] INFO: Getting authentication token...
[cli] INFO: Launching 9d2d0eb64d5c44529cece33fe2a46482...
fsync: up and running.
wine: RLIMIT_NICE is <= 20, unable to use setpriority safely
002c:fixme:winediag:LdrInitializeThunk wine-staging 8.0 is a testing version containing experimental patches.
002c:fixme:winediag:LdrInitializeThunk Please mention your exact version when filing bug reports on winehq.org.
0070:fixme:hid:handle_IRP_MN_QUERY_ID Unhandled type 00000005
0070:fixme:hid:handle_IRP_MN_QUERY_ID Unhandled type 00000005
0070:fixme:hid:handle_IRP_MN_QUERY_ID Unhandled type 00000005
0070:fixme:hid:handle_IRP_MN_QUERY_ID Unhandled type 00000005
0088:err:hid:udev_bus_init UDEV monitor creation failed
00d8:err:vulkan:wine_vk_init Failed to load vulkan library
011c:fixme:oleacc:find_class_data unhandled window class: L"#32769"
011c:fixme:uiautomation:uia_get_providers_for_hwnd Override provider callback currently unimplemented.
011c:fixme:uiautomation:msaa_provider_GetPropertyValue Unimplemented propertyId 30024
00d8:err:vulkan:wine_vk_init Failed to load vulkan library
011c:fixme:uiautomation:msaa_fragment_get_FragmentRoot 0000000000B7B5C8, 000000000062FAC0: stub!
0128:fixme:uiautomation:uia_get_providers_for_hwnd Override provider callback currently unimplemented.
0128:fixme:uiautomation:msaa_provider_GetPropertyValue Unimplemented propertyId 30024
012c:err:winediag:nodrv_CreateWindow Application tried to create a window, but no driver could be loaded.
012c:err:winediag:nodrv_CreateWindow L"The explorer process failed to start."
0128:fixme:uiautomation:msaa_fragment_get_FragmentRoot 0000000000BAB678, 0000000001D9FAB0: stub!
00e0:fixme:imm:ImeSetActiveContext himc 0000000000010026, flag 0 stub!
00d0:fixme:imm:ImeSetActiveContext himc 0000000000020046, flag 0x1 stub!
0128:fixme:oleacc:find_class_data unhandled window class: L"#32770"
0128:fixme:uiautomation:uia_get_providers_for_hwnd Override provider callback currently unimplemented.
0128:fixme:uiautomation:msaa_provider_GetPropertyValue Unimplemented propertyId 30024
0128:fixme:uiautomation:msaa_fragment_get_FragmentRoot 0000000000BAB798, 0000000001D9FAB0: stub!
0128:fixme:oleacc:find_class_data unhandled window class: L"Static"
0128:fixme:uiautomation:uia_get_providers_for_hwnd Override provider callback currently unimplemented.
0128:fixme:uiautomation:msaa_provider_GetPropertyValue Unimplemented propertyId 30024
0128:fixme:uiautomation:msaa_fragment_get_FragmentRoot 0000000000BA9528, 0000000001D9F960: stub!
0128:fixme:oleacc:find_class_data unhandled window class: L"Button"
0128:fixme:uiautomation:uia_get_providers_for_hwnd Override provider callback currently unimplemented.
0128:fixme:uiautomation:msaa_provider_GetPropertyValue Unimplemented propertyId 30024
0128:fixme:uiautomation:msaa_fragment_get_FragmentRoot 0000000000BA95A8, 0000000001D9F960: stub!
0128:fixme:oleacc:find_class_data unhandled window class: L"Button"
0128:fixme:uiautomation:uia_get_providers_for_hwnd Override provider callback currently unimplemented.
0128:fixme:uiautomation:msaa_provider_GetPropertyValue Unimplemented propertyId 30024
0128:fixme:uiautomation:msaa_fragment_get_FragmentRoot 0000000000BCA618, 0000000001D9F960: stub!
0128:fixme:oleacc:find_class_data unhandled window class: L"Static"
0128:fixme:uiautomation:uia_get_providers_for_hwnd Override provider callback currently unimplemented.
0128:fixme:uiautomation:msaa_provider_GetPropertyValue Unimplemented propertyId 30024
0128:fixme:uiautomation:msaa_fragment_get_FragmentRoot 0000000000BCA698, 0000000001D9F960: stub!
0128:fixme:oleacc:find_class_data unhandled window class: L"Static"
0128:fixme:uiautomation:uia_get_providers_for_hwnd Override provider callback currently unimplemented.
0128:fixme:uiautomation:msaa_provider_GetPropertyValue Unimplemented propertyId 30024
0128:fixme:uiautomation:msaa_fragment_get_FragmentRoot 0000000000BA9488, 0000000001D9FAB0: stub!
0128:fixme:oleacc:find_class_data unhandled window class: L"Button"
0128:fixme:uiautomation:uia_get_providers_for_hwnd Override provider callback currently unimplemented.
0128:fixme:uiautomation:msaa_provider_GetPropertyValue Unimplemented propertyId 30024
0128:fixme:uiautomation:msaa_fragment_get_FragmentRoot 0000000000BCA718, 0000000001D9FAB0: stub!
0128:fixme:oleacc:find_class_data unhandled window class: L"Button"
0128:fixme:uiautomation:uia_get_providers_for_hwnd Override provider callback currently unimplemented.
0128:fixme:uiautomation:msaa_provider_GetPropertyValue Unimplemented propertyId 30024
0128:fixme:uiautomation:msaa_fragment_get_FragmentRoot 0000000000BCA798, 0000000001D9FAB0: stub!
0128:fixme:oleacc:find_class_data unhandled window class: L"Static"
0128:fixme:uiautomation:uia_get_providers_for_hwnd Override provider callback currently unimplemented.
0128:fixme:uiautomation:msaa_provider_GetPropertyValue Unimplemented propertyId 30024
0128:fixme:uiautomation:msaa_fragment_get_FragmentRoot 0000000000BB5868, 0000000001D9FAB0: stub!
0128:fixme:uiautomation:uia_get_providers_for_hwnd Override provider callback currently unimplemented.
0128:fixme:uiautomation:msaa_provider_GetPropertyValue Unimplemented propertyId 30024
0128:fixme:uiautomation:msaa_fragment_get_FragmentRoot 0000000000BB58E8, 0000000001D9FAB0: stub!
0128:fixme:uiautomation:uia_get_providers_for_hwnd Override provider callback currently unimplemented.
0128:fixme:uiautomation:msaa_provider_GetPropertyValue Unimplemented propertyId 30024
0128:fixme:uiautomation:msaa_fragment_get_FragmentRoot 0000000000BB5968, 0000000001D9FAB0: stub!
0128:fixme:oleacc:find_class_data unhandled window class: L"#32770"
0128:fixme:uiautomation:uia_get_providers_for_hwnd Override provider callback currently unimplemented.
0128:fixme:uiautomation:msaa_provider_GetPropertyValue Unimplemented propertyId 30024
0128:fixme:uiautomation:uia_element_GetCurrentPropertyValueEx Default property values currently unimplemented
0128:fixme:uiautomation:uia_element_GetCurrentPropertyValueEx Default property values currently unimplemented
0128:fixme:uiautomation:msaa_provider_GetPatternProvider Unimplemented patternId 10002
0128:fixme:uiautomation:nc_provider_GetPatternProvider 0000000000BCA900, 10002, 0000000001D9ECC0: stub
0128:fixme:uiautomation:base_hwnd_provider_GetPatternProvider 0000000000BCA870, 10002, 0000000001D9ECC0: stub
0128:fixme:oleacc:find_class_data unhandled window class: L"#32770"
0128:fixme:uiautomation:uia_get_providers_for_hwnd Override provider callback currently unimplemented.
0128:fixme:uiautomation:msaa_provider_GetPropertyValue Unimplemented propertyId 30024
0128:fixme:uiautomation:uia_element_GetCurrentPropertyValueEx Default property values currently unimplemented
0128:fixme:uiautomation:uia_element_GetCurrentPropertyValueEx Default property values currently unimplemented
0128:fixme:uiautomation:msaa_provider_GetPatternProvider Unimplemented patternId 10002
0128:fixme:uiautomation:nc_provider_GetPatternProvider 0000000000BAFCE0, 10002, 0000000001D9ECC0: stub
0128:fixme:uiautomation:base_hwnd_provider_GetPatternProvider 0000000000BAFC50, 10002, 0000000001D9ECC0: stub
0128:fixme:oleacc:find_class_data unhandled window class: L"Button"
0128:fixme:uiautomation:uia_get_providers_for_hwnd Override provider callback currently unimplemented.
0128:fixme:uiautomation:msaa_provider_GetPropertyValue Unimplemented propertyId 30024
0128:fixme:uiautomation:uia_element_GetCurrentPropertyValueEx Default property values currently unimplemented
0128:fixme:uiautomation:uia_element_GetCurrentPropertyValueEx Default property values currently unimplemented
0128:fixme:uiautomation:msaa_provider_GetPatternProvider Unimplemented patternId 10002
0128:fixme:uiautomation:nc_provider_GetPatternProvider 0000000000BB5B80, 10002, 0000000001D9ECC0: stub
0128:fixme:uiautomation:base_hwnd_provider_GetPatternProvider 0000000000BB5AF0, 10002, 0000000001D9ECC0: stub
0128:fixme:oleacc:find_class_data unhandled window class: L"#32769"
0128:fixme:uiautomation:uia_get_providers_for_hwnd Override provider callback currently unimplemented.
0128:fixme:uiautomation:msaa_provider_GetPropertyValue Unimplemented propertyId 30024
0128:fixme:uiautomation:uia_element_GetCurrentPropertyValueEx Default property values currently unimplemented
0128:fixme:uiautomation:uia_element_GetCurrentPropertyValueEx Default property values currently unimplemented
0128:fixme:uiautomation:msaa_provider_GetPatternProvider Unimplemented patternId 10002
0128:fixme:uiautomation:nc_provider_GetPatternProvider 0000000000BCA900, 10002, 0000000001D9ECC0: stub
0128:fixme:uiautomation:base_hwnd_provider_GetPatternProvider 0000000000BCA870, 10002, 0000000001D9ECC0: stub
0128:fixme:oleacc:find_class_data unhandled window class: L"Button"
0128:fixme:uiautomation:uia_get_providers_for_hwnd Override provider callback currently unimplemented.
0128:fixme:uiautomation:msaa_provider_GetPropertyValue Unimplemented propertyId 30024
0128:fixme:uiautomation:uia_element_GetCurrentPropertyValueEx Default property values currently unimplemented
0128:fixme:uiautomation:uia_element_GetCurrentPropertyValueEx Default property values currently unimplemented
0128:fixme:uiautomation:msaa_provider_GetPatternProvider Unimplemented patternId 10002
0128:fixme:uiautomation:nc_provider_GetPatternProvider 0000000000BAFCE0, 10002, 0000000001D9ECC0: stub
0128:fixme:uiautomation:base_hwnd_provider_GetPatternProvider 0000000000BAFC50, 10002, 0000000001D9ECC0: stub
0128:fixme:uiautomation:uia_element_GetCurrentPropertyValueEx Default property values currently unimplemented
0128:fixme:uiautomation:uia_element_GetCurrentPropertyValueEx Default property values currently unimplemented
0128:fixme:uiautomation:base_hwnd_provider_GetPatternProvider 0000000000BB5AF0, 10002, 0000000001D9ECC0: stub
[3/17/2025, 11:47:45 AM] LEGENDARY_CONFIG_PATH=/home/SamDaaEpic/.config/heroic/legendaryConfig/legendary /opt/Heroic/resources/app.asar.unpacked/build/bin/x64/linux/legendary list --third-party
[cli] INFO: Logging in...
[Core] INFO: Trying to re-use existing login session...
[cli] INFO: Getting game list... (this may take a while)

Available games:
 * Fortnite (App name: Fortnite | Version: ++Fortnite+Release-34.10-CL-40567068-Windows)
 * Grand Theft Auto V (App name: 9d2d0eb64d5c44529cece33fe2a46482 | Version: 1.0.3442.0)
 * Grand Theft Auto V Enhanced (App name: 8769e24080ea413b8ebca3f1b8c50951 | Version: 1.0.812.6)
 * Rocket League® (App name: Sugar | Version: BC2_Update54+477186)
 * VALORANT (App name: 602eb4abc8764c87b7f2607a1ef8c18e | Version: 2609-591)
 * Watch Dogs 2 (App name: Angelonia | Version: 1.0)
  - This game can be activated directly on your Ubisoft account and does not require legendary to install/run. This game requires Ubisoft Connect to be installed. Use "legendary activate --uplay" and follow the instructions.

Total: 6
[3/17/2025, 11:48:07 AM] HEROIC_APP_NAME=9d2d0eb64d5c44529cece33fe2a46482 HEROIC_APP_RUNNER=legendary GAMEID=umu-0 HEROIC_APP_SOURCE=epic STORE=egs STEAM_COMPAT_INSTALL_PATH=/home/SamDaaEpic/Games/Heroic/GTAV LD_PRELOAD= WINEPREFIX="/home/SamDaaEpic/Games/Heroic/Prefixes/default/Grand Theft Auto V" WINEDLLOVERRIDES=winemenubuilder.exe=d WINE_FULLSCREEN_FSR=0 WINEESYNC=1 WINEFSYNC=1 DXVK_ENABLE_NVAPI=1 DXVK_NVAPI_ALLOW_OTHER_DRIVERS=1 PROTON_EAC_RUNTIME=/home/SamDaaEpic/.config/heroic/tools/runtimes/eac_runtime PROTON_BATTLEYE_RUNTIME=/home/SamDaaEpic/.config/heroic/tools/runtimes/battleye_runtime ORIG_LD_LIBRARY_PATH= LD_LIBRARY_PATH=/home/SamDaaEpic/.local/share/lutris/runners/wine/wine-ge-8-26-x86_64/lib64:/home/SamDaaEpic/.local/share/lutris/runners/wine/wine-ge-8-26-x86_64/lib GST_PLUGIN_SYSTEM_PATH_1_0=/home/SamDaaEpic/.local/share/lutris/runners/wine/wine-ge-8-26-x86_64/lib64/gstreamer-1.0:/home/SamDaaEpic/.local/share/lutris/runners/wine/wine-ge-8-26-x86_64/lib/gstreamer-1.0 WINEDLLPATH=/home/SamDaaEpic/.local/share/lutris/runners/wine/wine-ge-8-26-x86_64/lib64/wine:/home/SamDaaEpic/.local/share/lutris/runners/wine/wine-ge-8-26-x86_64/lib/wine LEGENDARY_CONFIG_PATH=/home/SamDaaEpic/.config/heroic/legendaryConfig/legendary /opt/Heroic/resources/app.asar.unpacked/build/bin/x64/linux/legendary launch 9d2d0eb64d5c44529cece33fe2a46482 --wine /home/SamDaaEpic/.local/share/lutris/runners/wine/wine-ge-8-26-x86_64/bin/wine --language en
[cli] INFO: Logging in...
[Core] INFO: Trying to re-use existing login session...
[cli] INFO: Checking for updates...
[Core] INFO: Getting authentication token...
[cli] INFO: Launching 9d2d0eb64d5c44529cece33fe2a46482...
fsync: up and running.
wine: RLIMIT_NICE is <= 20, unable to use setpriority safely
002c:fixme:winediag:LdrInitializeThunk wine-staging 8.0 is a testing version containing experimental patches.
002c:fixme:winediag:LdrInitializeThunk Please mention your exact version when filing bug reports on winehq.org.
0070:fixme:hid:handle_IRP_MN_QUERY_ID Unhandled type 00000005
0070:fixme:hid:handle_IRP_MN_QUERY_ID Unhandled type 00000005
0070:fixme:hid:handle_IRP_MN_QUERY_ID Unhandled type 00000005
0070:fixme:hid:handle_IRP_MN_QUERY_ID Unhandled type 00000005
0088:err:hid:udev_bus_init UDEV monitor creation failed
00d8:err:vulkan:wine_vk_init Failed to load vulkan library
011c:fixme:oleacc:find_class_data unhandled window class: L"#32769"
011c:fixme:uiautomation:uia_get_providers_for_hwnd Override provider callback currently unimplemented.
011c:fixme:uiautomation:msaa_provider_GetPropertyValue Unimplemented propertyId 30024
011c:fixme:uiautomation:msaa_fragment_get_FragmentRoot 000000000004F538, 000000000062FAC0: stub!
00d8:err:vulkan:wine_vk_init Failed to load vulkan library
0128:fixme:uiautomation:uia_get_providers_for_hwnd Override provider callback currently unimplemented.
0128:fixme:uiautomation:msaa_provider_GetPropertyValue Unimplemented propertyId 30024
0128:fixme:uiautomation:msaa_fragment_get_FragmentRoot 0000000000BABD18, 0000000001D9FAB0: stub!
0134:err:winediag:nodrv_CreateWindow Application tried to create a window, but no driver could be loaded.
0134:err:winediag:nodrv_CreateWindow L"The explorer process failed to start."
00e0:fixme:imm:ImeSetActiveContext himc 0000000000010026, flag 0 stub!
00d0:fixme:imm:ImeSetActiveContext himc 000000000002004A, flag 0x1 stub!
0128:fixme:oleacc:find_class_data unhandled window class: L"#32770"
0128:fixme:uiautomation:uia_get_providers_for_hwnd Override provider callback currently unimplemented.
0128:fixme:uiautomation:msaa_provider_GetPropertyValue Unimplemented propertyId 30024
0128:fixme:uiautomation:msaa_fragment_get_FragmentRoot 0000000000BABE38, 0000000001D9FAB0: stub!
0128:fixme:oleacc:find_class_data unhandled window class: L"Static"
0128:fixme:uiautomation:uia_get_providers_for_hwnd Override provider callback currently unimplemented.
0128:fixme:uiautomation:msaa_provider_GetPropertyValue Unimplemented propertyId 30024
0128:fixme:uiautomation:msaa_fragment_get_FragmentRoot 0000000000BA9BC8, 0000000001D9F960: stub!
0128:fixme:oleacc:find_class_data unhandled window class: L"Button"
0128:fixme:uiautomation:uia_get_providers_for_hwnd Override provider callback currently unimplemented.
0128:fixme:uiautomation:msaa_provider_GetPropertyValue Unimplemented propertyId 30024
0128:fixme:uiautomation:msaa_fragment_get_FragmentRoot 0000000000BA9C48, 0000000001D9F960: stub!
0128:fixme:oleacc:find_class_data unhandled window class: L"Button"
0128:fixme:uiautomation:uia_get_providers_for_hwnd Override provider callback currently unimplemented.
0128:fixme:uiautomation:msaa_provider_GetPropertyValue Unimplemented propertyId 30024
0128:fixme:uiautomation:msaa_fragment_get_FragmentRoot 0000000000BCACB8, 0000000001D9F960: stub!
0128:fixme:oleacc:find_class_data unhandled window class: L"Static"
0128:fixme:uiautomation:uia_get_providers_for_hwnd Override provider callback currently unimplemented.
0128:fixme:uiautomation:msaa_provider_GetPropertyValue Unimplemented propertyId 30024
0128:fixme:uiautomation:msaa_fragment_get_FragmentRoot 0000000000BCAD38, 0000000001D9F960: stub!
0128:fixme:oleacc:find_class_data unhandled window class: L"Static"
0128:fixme:uiautomation:uia_get_providers_for_hwnd Override provider callback currently unimplemented.
0128:fixme:uiautomation:msaa_provider_GetPropertyValue Unimplemented propertyId 30024
0128:fixme:uiautomation:msaa_fragment_get_FragmentRoot 0000000000BA9B28, 0000000001D9FAB0: stub!
0128:fixme:oleacc:find_class_data unhandled window class: L"Button"
0128:fixme:uiautomation:uia_get_providers_for_hwnd Override provider callback currently unimplemented.
0128:fixme:uiautomation:msaa_provider_GetPropertyValue Unimplemented propertyId 30024
0128:fixme:uiautomation:msaa_fragment_get_FragmentRoot 0000000000BCADB8, 0000000001D9FAB0: stub!
0128:fixme:oleacc:find_class_data unhandled window class: L"Button"
0128:fixme:uiautomation:uia_get_providers_for_hwnd Override provider callback currently unimplemented.
0128:fixme:uiautomation:msaa_provider_GetPropertyValue Unimplemented propertyId 30024
0128:fixme:uiautomation:msaa_fragment_get_FragmentRoot 0000000000BCAE38, 0000000001D9FAB0: stub!
0128:fixme:oleacc:find_class_data unhandled window class: L"Static"
0128:fixme:uiautomation:uia_get_providers_for_hwnd Override provider callback currently unimplemented.
0128:fixme:uiautomation:msaa_provider_GetPropertyValue Unimplemented propertyId 30024
0128:fixme:uiautomation:msaa_fragment_get_FragmentRoot 0000000000BB5F08, 0000000001D9FAB0: stub!
0128:fixme:uiautomation:uia_get_providers_for_hwnd Override provider callback currently unimplemented.
0128:fixme:uiautomation:msaa_provider_GetPropertyValue Unimplemented propertyId 30024
0128:fixme:uiautomation:msaa_fragment_get_FragmentRoot 0000000000BB5F88, 0000000001D9FAB0: stub!
0128:fixme:uiautomation:uia_get_providers_for_hwnd Override provider callback currently unimplemented.
0128:fixme:uiautomation:msaa_provider_GetPropertyValue Unimplemented propertyId 30024
0128:fixme:uiautomation:msaa_fragment_get_FragmentRoot 0000000000BB6008, 0000000001D9FAB0: stub!
0128:fixme:oleacc:find_class_data unhandled window class: L"#32770"
0128:fixme:uiautomation:uia_get_providers_for_hwnd Override provider callback currently unimplemented.
0128:fixme:uiautomation:msaa_provider_GetPropertyValue Unimplemented propertyId 30024
0128:fixme:uiautomation:uia_element_GetCurrentPropertyValueEx Default property values currently unimplemented
0128:fixme:uiautomation:uia_element_GetCurrentPropertyValueEx Default property values currently unimplemented
0128:fixme:uiautomation:msaa_provider_GetPatternProvider Unimplemented patternId 10002
0128:fixme:uiautomation:nc_provider_GetPatternProvider 0000000000BCAFA0, 10002, 0000000001D9ECC0: stub
0128:fixme:uiautomation:base_hwnd_provider_GetPatternProvider 0000000000BCAF10, 10002, 0000000001D9ECC0: stub
0128:fixme:oleacc:find_class_data unhandled window class: L"#32770"
0128:fixme:uiautomation:uia_get_providers_for_hwnd Override provider callback currently unimplemented.
0128:fixme:uiautomation:msaa_provider_GetPropertyValue Unimplemented propertyId 30024
0128:fixme:uiautomation:uia_element_GetCurrentPropertyValueEx Default property values currently unimplemented
0128:fixme:uiautomation:uia_element_GetCurrentPropertyValueEx Default property values currently unimplemented
0128:fixme:uiautomation:msaa_provider_GetPatternProvider Unimplemented patternId 10002
0128:fixme:uiautomation:nc_provider_GetPatternProvider 0000000000BB0380, 10002, 0000000001D9ECC0: stub
0128:fixme:uiautomation:base_hwnd_provider_GetPatternProvider 0000000000BB02F0, 10002, 0000000001D9ECC0: stub
0128:fixme:oleacc:find_class_data unhandled window class: L"Button"
0128:fixme:uiautomation:uia_get_providers_for_hwnd Override provider callback currently unimplemented.
0128:fixme:uiautomation:msaa_provider_GetPropertyValue Unimplemented propertyId 30024
0128:fixme:uiautomation:uia_element_GetCurrentPropertyValueEx Default property values currently unimplemented
0128:fixme:uiautomation:uia_element_GetCurrentPropertyValueEx Default property values currently unimplemented
0128:fixme:uiautomation:msaa_provider_GetPatternProvider Unimplemented patternId 10002
0128:fixme:uiautomation:nc_provider_GetPatternProvider 0000000000BB6220, 10002, 0000000001D9ECC0: stub
0128:fixme:uiautomation:base_hwnd_provider_GetPatternProvider 0000000000BB6190, 10002, 0000000001D9ECC0: stub
0128:fixme:oleacc:find_class_data unhandled window class: L"Button"
0128:fixme:uiautomation:uia_get_providers_for_hwnd Override provider callback currently unimplemented.
0128:fixme:uiautomation:msaa_provider_GetPropertyValue Unimplemented propertyId 30024
0128:fixme:uiautomation:uia_element_GetCurrentPropertyValueEx Default property values currently unimplemented
0128:fixme:uiautomation:uia_element_GetCurrentPropertyValueEx Default property values currently unimplemented
0128:fixme:uiautomation:msaa_provider_GetPatternProvider Unimplemented patternId 10002
0128:fixme:uiautomation:nc_provider_GetPatternProvider 0000000000BCAFA0, 10002, 0000000001D9ECC0: stub
0128:fixme:uiautomation:base_hwnd_provider_GetPatternProvider 0000000000BCAF10, 10002, 0000000001D9ECC0: stub
00d0:fixme:dialog:MSGBOX_DlgProc Help button not supported yet
0128:fixme:oleacc:find_class_data unhandled window class: L"#32769"
0128:fixme:uiautomation:uia_get_providers_for_hwnd Override provider callback currently unimplemented.
0128:fixme:uiautomation:msaa_provider_GetPropertyValue Unimplemented propertyId 30024
0128:fixme:uiautomation:uia_element_GetCurrentPropertyValueEx Default property values currently unimplemented
0128:fixme:uiautomation:uia_element_GetCurrentPropertyValueEx Default property values currently unimplemented
0128:fixme:uiautomation:msaa_provider_GetPatternProvider Unimplemented patternId 10002
0128:fixme:uiautomation:nc_provider_GetPatternProvider 0000000000BB0380, 10002, 0000000001D9ECC0: stub
0128:fixme:uiautomation:base_hwnd_provider_GetPatternProvider 0000000000BB02F0, 10002, 0000000001D9ECC0: stub
0128:fixme:oleacc:find_class_data unhandled window class: L"Button"
0128:fixme:uiautomation:uia_get_providers_for_hwnd Override provider callback currently unimplemented.
0128:fixme:uiautomation:msaa_provider_GetPropertyValue Unimplemented propertyId 30024
0128:fixme:uiautomation:uia_element_GetCurrentPropertyValueEx Default property values currently unimplemented
0128:fixme:uiautomation:uia_element_GetCurrentPropertyValueEx Default property values currently unimplemented
0128:fixme:uiautomation:msaa_provider_GetPatternProvider Unimplemented patternId 10002
0128:fixme:uiautomation:nc_provider_GetPatternProvider 0000000000BB6220, 10002, 0000000001D9ECC0: stub
0128:fixme:uiautomation:base_hwnd_provider_GetPatternProvider 0000000000BB6190, 10002, 0000000001D9ECC0: stub
0128:fixme:oleacc:find_class_data unhandled window class: L"#32769"
0128:fixme:uiautomation:uia_get_providers_for_hwnd Override provider callback currently unimplemented.
0128:fixme:uiautomation:msaa_provider_GetPropertyValue Unimplemented propertyId 30024
0128:fixme:uiautomation:uia_element_GetCurrentPropertyValueEx Default property values currently unimplemented
0128:fixme:uiautomation:uia_element_GetCurrentPropertyValueEx Default property values currently unimplemented
0128:fixme:uiautomation:msaa_provider_GetPatternProvider Unimplemented patternId 10002
0128:fixme:uiautomation:nc_provider_GetPatternProvider 0000000000BCAFA0, 10002, 0000000001D9ECC0: stub
0128:fixme:uiautomation:base_hwnd_provider_GetPatternProvider 0000000000BCAF10, 10002, 0000000001D9ECC0: stub
0128:fixme:oleacc:find_class_data unhandled window class: L"Button"
0128:fixme:uiautomation:uia_get_providers_for_hwnd Override provider callback currently unimplemented.
0128:fixme:uiautomation:msaa_provider_GetPropertyValue Unimplemented propertyId 30024
0128:fixme:uiautomation:uia_element_GetCurrentPropertyValueEx Default property values currently unimplemented
0128:fixme:uiautomation:uia_element_GetCurrentPropertyValueEx Default property values currently unimplemented
0128:fixme:uiautomation:msaa_provider_GetPatternProvider Unimplemented patternId 10002
0128:fixme:uiautomation:nc_provider_GetPatternProvider 0000000000BB0380, 10002, 0000000001D9ECC0: stub
0128:fixme:uiautomation:base_hwnd_provider_GetPatternProvider 0000000000BB02F0, 10002, 0000000001D9ECC0: stub
0128:fixme:oleacc:find_class_data unhandled window class: L"#32769"
0128:fixme:uiautomation:uia_get_providers_for_hwnd Override provider callback currently unimplemented.
0128:fixme:uiautomation:msaa_provider_GetPropertyValue Unimplemented propertyId 30024
0128:fixme:uiautomation:uia_element_GetCurrentPropertyValueEx Default property values currently unimplemented
0128:fixme:uiautomation:uia_element_GetCurrentPropertyValueEx Default property values currently unimplemented
0128:fixme:uiautomation:msaa_provider_GetPatternProvider Unimplemented patternId 10002
0128:fixme:uiautomation:nc_provider_GetPatternProvider 0000000000BB6220, 10002, 0000000001D9ECC0: stub
0128:fixme:uiautomation:base_hwnd_provider_GetPatternProvider 0000000000BB6190, 10002, 0000000001D9ECC0: stub
0128:fixme:oleacc:find_class_data unhandled window class: L"Button"
0128:fixme:uiautomation:uia_get_providers_for_hwnd Override provider callback currently unimplemented.
0128:fixme:uiautomation:msaa_provider_GetPropertyValue Unimplemented propertyId 30024
0128:fixme:uiautomation:uia_element_GetCurrentPropertyValueEx Default property values currently unimplemented
0128:fixme:uiautomation:uia_element_GetCurrentPropertyValueEx Default property values currently unimplemented
0128:fixme:uiautomation:msaa_provider_GetPatternProvider Unimplemented patternId 10002
0128:fixme:uiautomation:nc_provider_GetPatternProvider 0000000000BCAFA0, 10002, 0000000001D9ECC0: stub
0128:fixme:uiautomation:base_hwnd_provider_GetPatternProvider 0000000000BCAF10, 10002, 0000000001D9ECC0: stub
0128:fixme:oleacc:find_class_data unhandled window class: L"#32769"
0128:fixme:uiautomation:uia_get_providers_for_hwnd Override provider callback currently unimplemented.
0128:fixme:uiautomation:msaa_provider_GetPropertyValue Unimplemented propertyId 30024
0128:fixme:uiautomation:uia_element_GetCurrentPropertyValueEx Default property values currently unimplemented
0128:fixme:uiautomation:uia_element_GetCurrentPropertyValueEx Default property values currently unimplemented
0128:fixme:uiautomation:msaa_provider_GetPatternProvider Unimplemented patternId 10002
0128:fixme:uiautomation:nc_provider_GetPatternProvider 0000000000BB0380, 10002, 0000000001D9ECC0: stub
0128:fixme:uiautomation:base_hwnd_provider_GetPatternProvider 0000000000BB02F0, 10002, 0000000001D9ECC0: stub
0128:fixme:oleacc:find_class_data unhandled window class: L"Button"
0128:fixme:uiautomation:uia_get_providers_for_hwnd Override provider callback currently unimplemented.
0128:fixme:uiautomation:msaa_provider_GetPropertyValue Unimplemented propertyId 30024
0128:fixme:uiautomation:uia_element_GetCurrentPropertyValueEx Default property values currently unimplemented
0128:fixme:uiautomation:uia_element_GetCurrentPropertyValueEx Default property values currently unimplemented
0128:fixme:uiautomation:msaa_provider_GetPatternProvider Unimplemented patternId 10002
0128:fixme:uiautomation:nc_provider_GetPatternProvider 0000000000BB6220, 10002, 0000000001D9ECC0: stub
0128:fixme:uiautomation:base_hwnd_provider_GetPatternProvider 0000000000BB6190, 10002, 0000000001D9ECC0: stub
0128:fixme:oleacc:find_class_data unhandled window class: L"Button"
0128:fixme:uiautomation:uia_get_providers_for_hwnd Override provider callback currently unimplemented.
0128:fixme:uiautomation:msaa_provider_GetPropertyValue Unimplemented propertyId 30024
0128:fixme:uiautomation:uia_element_GetCurrentPropertyValueEx Default property values currently unimplemented
0128:fixme:uiautomation:uia_element_GetCurrentPropertyValueEx Default property values currently unimplemented
0128:fixme:uiautomation:msaa_provider_GetPatternProvider Unimplemented patternId 10002
0128:fixme:uiautomation:nc_provider_GetPatternProvider 0000000000BCAFA0, 10002, 0000000001D9ECC0: stub
0128:fixme:uiautomation:base_hwnd_provider_GetPatternProvider 0000000000BCAF10, 10002, 0000000001D9ECC0: stub
0128:fixme:uiautomation:uia_element_GetCurrentPropertyValueEx Default property values currently unimplemented
0128:fixme:uiautomation:uia_element_GetCurrentPropertyValueEx Default property values currently unimplemented
0128:fixme:uiautomation:base_hwnd_provider_GetPatternProvider 0000000000BB02F0, 10002, 0000000001D9ECC0: stub
[3/17/2025, 11:49:04 AM] LEGENDARY_CONFIG_PATH=/home/SamDaaEpic/.config/heroic/legendaryConfig/legendary /opt/Heroic/resources/app.asar.unpacked/build/bin/x64/linux/legendary list --third-party
[cli] INFO: Logging in...
[Core] INFO: Trying to re-use existing login session...
[cli] INFO: Getting game list... (this may take a while)
[3/17/2025, 11:49:05 AM] HEROIC_APP_NAME=9d2d0eb64d5c44529cece33fe2a46482 HEROIC_APP_RUNNER=legendary GAMEID=umu-0 HEROIC_APP_SOURCE=epic STORE=egs STEAM_COMPAT_INSTALL_PATH=/home/SamDaaEpic/Games/Heroic/GTAV LD_PRELOAD= WINEPREFIX="/home/SamDaaEpic/Games/Heroic/Prefixes/default/Grand Theft Auto V" WINEDLLOVERRIDES=winemenubuilder.exe=d WINE_FULLSCREEN_FSR=0 WINEESYNC=1 WINEFSYNC=1 DXVK_ENABLE_NVAPI=1 DXVK_NVAPI_ALLOW_OTHER_DRIVERS=1 PROTON_EAC_RUNTIME=/home/SamDaaEpic/.config/heroic/tools/runtimes/eac_runtime PROTON_BATTLEYE_RUNTIME=/home/SamDaaEpic/.config/heroic/tools/runtimes/battleye_runtime ORIG_LD_LIBRARY_PATH= LD_LIBRARY_PATH=/home/SamDaaEpic/.local/share/lutris/runners/wine/wine-ge-8-26-x86_64/lib64:/home/SamDaaEpic/.local/share/lutris/runners/wine/wine-ge-8-26-x86_64/lib GST_PLUGIN_SYSTEM_PATH_1_0=/home/SamDaaEpic/.local/share/lutris/runners/wine/wine-ge-8-26-x86_64/lib64/gstreamer-1.0:/home/SamDaaEpic/.local/share/lutris/runners/wine/wine-ge-8-26-x86_64/lib/gstreamer-1.0 WINEDLLPATH=/home/SamDaaEpic/.local/share/lutris/runners/wine/wine-ge-8-26-x86_64/lib64/wine:/home/SamDaaEpic/.local/share/lutris/runners/wine/wine-ge-8-26-x86_64/lib/wine LEGENDARY_CONFIG_PATH=/home/SamDaaEpic/.config/heroic/legendaryConfig/legendary /opt/Heroic/resources/app.asar.unpacked/build/bin/x64/linux/legendary launch 9d2d0eb64d5c44529cece33fe2a46482 --wine /home/SamDaaEpic/.local/share/lutris/runners/wine/wine-ge-8-26-x86_64/bin/wine --language en
[cli] INFO: Logging in...
[Core] INFO: Trying to re-use existing login session...

Available games:
 * Fortnite (App name: Fortnite | Version: ++Fortnite+Release-34.10-CL-40567068-Windows)
 * Grand Theft Auto V (App name: 9d2d0eb64d5c44529cece33fe2a46482 | Version: 1.0.3442.0)
 * Grand Theft Auto V Enhanced (App name: 8769e24080ea413b8ebca3f1b8c50951 | Version: 1.0.812.6)
 * Rocket League® (App name: Sugar | Version: BC2_Update54+477186)
 * VALORANT (App name: 602eb4abc8764c87b7f2607a1ef8c18e | Version: 2609-591)
 * Watch Dogs 2 (App name: Angelonia | Version: 1.0)
  - This game can be activated directly on your Ubisoft account and does not require legendary to install/run. This game requires Ubisoft Connect to be installed. Use "legendary activate --uplay" and follow the instructions.

Total: 6
[cli] INFO: Checking for updates...
[Core] INFO: Getting authentication token...
[cli] INFO: Launching 9d2d0eb64d5c44529cece33fe2a46482...
fsync: up and running.
wine: RLIMIT_NICE is <= 20, unable to use setpriority safely
002c:fixme:winediag:LdrInitializeThunk wine-staging 8.0 is a testing version containing experimental patches.
002c:fixme:winediag:LdrInitializeThunk Please mention your exact version when filing bug reports on winehq.org.
0070:fixme:hid:handle_IRP_MN_QUERY_ID Unhandled type 00000005
0070:fixme:hid:handle_IRP_MN_QUERY_ID Unhandled type 00000005
0070:fixme:hid:handle_IRP_MN_QUERY_ID Unhandled type 00000005
0070:fixme:hid:handle_IRP_MN_QUERY_ID Unhandled type 00000005
0088:err:hid:udev_bus_init UDEV monitor creation failed
011c:fixme:oleacc:find_class_data unhandled window class: L"#32769"
011c:fixme:uiautomation:uia_get_providers_for_hwnd Override provider callback currently unimplemented.
011c:fixme:uiautomation:msaa_provider_GetPropertyValue Unimplemented propertyId 30024
011c:fixme:uiautomation:msaa_fragment_get_FragmentRoot 000000000004F538, 000000000062FAC0: stub!
0128:fixme:uiautomation:uia_get_providers_for_hwnd Override provider callback currently unimplemented.
0128:fixme:uiautomation:msaa_provider_GetPropertyValue Unimplemented propertyId 30024
0128:fixme:uiautomation:msaa_fragment_get_FragmentRoot 0000000000BABD18, 0000000001D9FAB0: stub!
0128:fixme:oleacc:find_class_data unhandled window class: L"#32770"
0128:fixme:uiautomation:uia_get_providers_for_hwnd Override provider callback currently unimplemented.
0128:fixme:uiautomation:msaa_provider_GetPropertyValue Unimplemented propertyId 30024
0128:fixme:uiautomation:msaa_fragment_get_FragmentRoot 0000000000BABE38, 0000000001D9FAB0: stub!
0128:fixme:oleacc:find_class_data unhandled window class: L"Static"
0128:fixme:uiautomation:uia_get_providers_for_hwnd Override provider callback currently unimplemented.
0128:fixme:uiautomation:msaa_provider_GetPropertyValue Unimplemented propertyId 30024
0128:fixme:uiautomation:msaa_fragment_get_FragmentRoot 0000000000BA9B28, 0000000001D9FAB0: stub!
0128:fixme:oleacc:find_class_data unhandled window class: L"Static"
0128:fixme:uiautomation:uia_get_providers_for_hwnd Override provider callback currently unimplemented.
0128:fixme:uiautomation:msaa_provider_GetPropertyValue Unimplemented propertyId 30024
0128:fixme:uiautomation:msaa_fragment_get_FragmentRoot 0000000000BB5298, 0000000001D9FAB0: stub!
0128:fixme:oleacc:find_class_data unhandled window class: L"Static"
0128:fixme:uiautomation:uia_get_providers_for_hwnd Override provider callback currently unimplemented.
0128:fixme:uiautomation:msaa_provider_GetPropertyValue Unimplemented propertyId 30024
0128:fixme:uiautomation:msaa_fragment_get_FragmentRoot 0000000000BB5318, 0000000001D9FAB0: stub!
00e0:fixme:imm:ImeSetActiveContext himc 0000000000010026, flag 0 stub!
012c:fixme:imm:ImeSetActiveContext himc 00020068, flag 0x1 stub!
0128:fixme:uiautomation:uia_get_providers_for_hwnd Override provider callback currently unimplemented.
0128:fixme:uiautomation:msaa_provider_GetPropertyValue Unimplemented propertyId 30024
0128:fixme:uiautomation:msaa_fragment_get_FragmentRoot 0000000000BB4768, 0000000001D9FAB0: stub!
0128:fixme:uiautomation:uia_get_providers_for_hwnd Override provider callback currently unimplemented.
0128:fixme:uiautomation:msaa_provider_GetPropertyValue Unimplemented propertyId 30024
0128:fixme:uiautomation:msaa_fragment_get_FragmentRoot 0000000000BB47E8, 0000000001D9FAB0: stub!
0128:fixme:oleacc:find_class_data unhandled window class: L"Static"
0128:fixme:uiautomation:uia_get_providers_for_hwnd Override provider callback currently unimplemented.
0128:fixme:uiautomation:msaa_provider_GetPropertyValue Unimplemented propertyId 30024
0128:fixme:uiautomation:uia_element_GetCurrentPropertyValueEx Default property values currently unimplemented
0128:fixme:uiautomation:uia_element_GetCurrentPropertyValueEx Default property values currently unimplemented
0128:fixme:uiautomation:msaa_provider_GetPatternProvider Unimplemented patternId 10002
0128:fixme:uiautomation:nc_provider_GetPatternProvider 0000000000BB6220, 10002, 0000000001D9ECC0: stub
0128:fixme:uiautomation:base_hwnd_provider_GetPatternProvider 0000000000BB6190, 10002, 0000000001D9ECC0: stub
0128:fixme:oleacc:find_class_data unhandled window class: L"#32770"
0128:fixme:uiautomation:uia_get_providers_for_hwnd Override provider callback currently unimplemented.
0128:fixme:uiautomation:msaa_provider_GetPropertyValue Unimplemented propertyId 30024
0128:fixme:uiautomation:msaa_fragment_get_FragmentRoot 0000000000BA9BA8, 0000000001D9FAB0: stub!
0128:fixme:oleacc:find_class_data unhandled window class: L"Button"
0128:fixme:uiautomation:uia_get_providers_for_hwnd Override provider callback currently unimplemented.
0128:fixme:uiautomation:msaa_provider_GetPropertyValue Unimplemented propertyId 30024
0128:fixme:uiautomation:msaa_fragment_get_FragmentRoot 0000000000BA9C28, 0000000001D9FAB0: stub!
0128:fixme:oleacc:find_class_data unhandled window class: L"Button"
0128:fixme:uiautomation:uia_get_providers_for_hwnd Override provider callback currently unimplemented.
0128:fixme:uiautomation:msaa_provider_GetPropertyValue Unimplemented propertyId 30024
0128:fixme:uiautomation:msaa_fragment_get_FragmentRoot 0000000000BA9CA8, 0000000001D9FAB0: stub!
0128:fixme:oleacc:find_class_data unhandled window class: L"Button"
0128:fixme:uiautomation:uia_get_providers_for_hwnd Override provider callback currently unimplemented.
0128:fixme:uiautomation:msaa_provider_GetPropertyValue Unimplemented propertyId 30024
0128:fixme:uiautomation:msaa_fragment_get_FragmentRoot 0000000000BA8658, 0000000001D9FAB0: stub!
0128:fixme:oleacc:find_class_data unhandled window class: L"Static"
0128:fixme:uiautomation:uia_get_providers_for_hwnd Override provider callback currently unimplemented.
0128:fixme:uiautomation:msaa_provider_GetPropertyValue Unimplemented propertyId 30024
0128:fixme:uiautomation:msaa_fragment_get_FragmentRoot 0000000000BA86D8, 0000000001D9FAB0: stub!
0128:fixme:oleacc:find_class_data unhandled window class: L"Static"
0128:fixme:uiautomation:uia_get_providers_for_hwnd Override provider callback currently unimplemented.
0128:fixme:uiautomation:msaa_provider_GetPropertyValue Unimplemented propertyId 30024
0128:fixme:uiautomation:msaa_fragment_get_FragmentRoot 0000000000BA8758, 0000000001D9FAB0: stub!
0128:fixme:oleacc:find_class_data unhandled window class: L"Static"
0128:fixme:uiautomation:uia_get_providers_for_hwnd Override provider callback currently unimplemented.
0128:fixme:uiautomation:msaa_provider_GetPropertyValue Unimplemented propertyId 30024
0128:fixme:uiautomation:msaa_fragment_get_FragmentRoot 0000000000BA87D8, 0000000001D9FAB0: stub!
0128:fixme:oleacc:find_class_data unhandled window class: L"Static"
0128:fixme:uiautomation:uia_get_providers_for_hwnd Override provider callback currently unimplemented.
0128:fixme:uiautomation:msaa_provider_GetPropertyValue Unimplemented propertyId 30024
0128:fixme:uiautomation:msaa_fragment_get_FragmentRoot 0000000000BA8858, 0000000001D9FAB0: stub!
0128:fixme:oleacc:find_class_data unhandled window class: L"Static"
0128:fixme:uiautomation:uia_get_providers_for_hwnd Override provider callback currently unimplemented.
0128:fixme:uiautomation:msaa_provider_GetPropertyValue Unimplemented propertyId 30024
0128:fixme:uiautomation:msaa_fragment_get_FragmentRoot 0000000000BD6E88, 0000000001D9FAB0: stub!
0128:fixme:oleacc:find_class_data unhandled window class: L"Static"
0128:fixme:uiautomation:uia_get_providers_for_hwnd Override provider callback currently unimplemented.
0128:fixme:uiautomation:msaa_provider_GetPropertyValue Unimplemented propertyId 30024
0128:fixme:uiautomation:msaa_fragment_get_FragmentRoot 0000000000BD6F08, 0000000001D9FAB0: stub!
0128:fixme:oleacc:find_class_data unhandled window class: L"Static"
0128:fixme:uiautomation:uia_get_providers_for_hwnd Override provider callback currently unimplemented.
0128:fixme:uiautomation:msaa_provider_GetPropertyValue Unimplemented propertyId 30024
0128:fixme:uiautomation:msaa_fragment_get_FragmentRoot 0000000000BD6F88, 0000000001D9FAB0: stub!
0128:fixme:oleacc:find_class_data unhandled window class: L"Static"
0128:fixme:uiautomation:uia_get_providers_for_hwnd Override provider callback currently unimplemented.
0128:fixme:uiautomation:msaa_provider_GetPropertyValue Unimplemented propertyId 30024
0128:fixme:uiautomation:msaa_fragment_get_FragmentRoot 0000000000BD7008, 0000000001D9FAB0: stub!
0128:fixme:oleacc:find_class_data unhandled window class: L"Static"
0128:fixme:uiautomation:uia_get_providers_for_hwnd Override provider callback currently unimplemented.
0128:fixme:uiautomation:msaa_provider_GetPropertyValue Unimplemented propertyId 30024
0128:fixme:uiautomation:msaa_fragment_get_FragmentRoot 0000000000BD7088, 0000000001D9FAB0: stub!
0128:fixme:oleacc:find_class_data unhandled window class: L"Static"
0128:fixme:uiautomation:uia_get_providers_for_hwnd Override provider callback currently unimplemented.
0128:fixme:uiautomation:msaa_provider_GetPropertyValue Unimplemented propertyId 30024
0128:fixme:uiautomation:msaa_fragment_get_FragmentRoot 0000000000BD7108, 0000000001D9FAB0: stub!
0128:fixme:oleacc:find_class_data unhandled window class: L"Static"
0128:fixme:uiautomation:uia_get_providers_for_hwnd Override provider callback currently unimplemented.
0128:fixme:uiautomation:msaa_provider_GetPropertyValue Unimplemented propertyId 30024
0128:fixme:uiautomation:msaa_fragment_get_FragmentRoot 0000000000BD7188, 0000000001D9FAB0: stub!
0128:fixme:oleacc:find_class_data unhandled window class: L"Button"
0128:fixme:uiautomation:uia_get_providers_for_hwnd Override provider callback currently unimplemented.
0128:fixme:uiautomation:msaa_provider_GetPropertyValue Unimplemented propertyId 30024
0128:fixme:uiautomation:uia_element_GetCurrentPropertyValueEx Default property values currently unimplemented
0128:fixme:uiautomation:uia_element_GetCurrentPropertyValueEx Default property values currently unimplemented
0128:fixme:uiautomation:msaa_provider_GetPatternProvider Unimplemented patternId 10002
0128:fixme:uiautomation:nc_provider_GetPatternProvider 0000000000BA9DE0, 10002, 0000000001D9ECC0: stub
0128:fixme:uiautomation:base_hwnd_provider_GetPatternProvider 0000000000BA9D50, 10002, 0000000001D9ECC0: stub
0128:fixme:uiautomation:uia_get_providers_for_hwnd Override provider callback currently unimplemented.
0128:fixme:uiautomation:msaa_provider_GetPropertyValue Unimplemented propertyId 30024
0128:fixme:uiautomation:msaa_fragment_get_FragmentRoot 0000000000BD7208, 0000000001D9FAB0: stub!
0168:err:sync:RtlLeaveCriticalSection section 0000000140040418 "?" is not acquired
01b4:fixme:win:fix_cs_coordinates Strange use of CW_USEDEFAULT in cy
01b4:fixme:imm:ImeSetActiveContext himc 00000000000200B8, flag 0x1 stub!
01b4:fixme:explorerframe:taskbar_list_SetProgressState iface 00000000008F2530, hwnd 0000000000120090, flags 1 stub!
01bc:fixme:kernelbase:AppPolicyGetThreadInitializationType FFFFFFFFFFFFFFFA, 000000000140FF50
01bc:fixme:explorerframe:taskbar_list_SetProgressValue iface 00000000008F2530, hwnd 0000000000120090, ullCompleted 6e, ullTotal c8 stub!
0128:fixme:uiautomation:uia_get_providers_for_hwnd Override provider callback currently unimplemented.
0128:fixme:uiautomation:msaa_provider_GetPropertyValue Unimplemented propertyId 30024
0128:fixme:uiautomation:msaa_fragment_get_FragmentRoot 0000000000BD7288, 0000000001D9FAB0: stub!
0128:fixme:uiautomation:uia_get_providers_for_hwnd Override provider callback currently unimplemented.
0128:fixme:uiautomation:msaa_provider_GetPropertyValue Unimplemented propertyId 30024
0128:fixme:uiautomation:msaa_fragment_get_FragmentRoot 0000000000BD7308, 0000000001D9FAB0: stub!
0128:fixme:uiautomation:uia_get_providers_for_hwnd Override provider callback currently unimplemented.
0128:fixme:uiautomation:msaa_provider_GetPropertyValue Unimplemented propertyId 30024
0128:fixme:uiautomation:msaa_fragment_get_FragmentRoot 0000000000BD7388, 0000000001D9FAB0: stub!
0128:fixme:oleacc:find_class_data unhandled window class: L"Button"
0128:fixme:uiautomation:uia_get_providers_for_hwnd Override provider callback currently unimplemented.
0128:fixme:uiautomation:msaa_provider_GetPropertyValue Unimplemented propertyId 30024
0128:fixme:uiautomation:msaa_fragment_get_FragmentRoot 0000000000BD7408, 0000000001D9FAB0: stub!
0128:fixme:oleacc:find_class_data unhandled window class: L"Button"
0128:fixme:uiautomation:uia_get_providers_for_hwnd Override provider callback currently unimplemented.
0128:fixme:uiautomation:msaa_provider_GetPropertyValue Unimplemented propertyId 30024
0128:fixme:uiautomation:msaa_fragment_get_FragmentRoot 0000000000BD7488, 0000000001D9FAB0: stub!
0128:fixme:oleacc:find_class_data unhandled window class: L"Button"
0128:fixme:uiautomation:uia_get_providers_for_hwnd Override provider callback currently unimplemented.
0128:fixme:uiautomation:msaa_provider_GetPropertyValue Unimplemented propertyId 30024
0128:fixme:uiautomation:msaa_fragment_get_FragmentRoot 0000000000BD7508, 0000000001D9FAB0: stub!
0128:fixme:oleacc:find_class_data unhandled window class: L"Button"
0128:fixme:uiautomation:uia_get_providers_for_hwnd Override provider callback currently unimplemented.
0128:fixme:uiautomation:msaa_provider_GetPropertyValue Unimplemented propertyId 30024
0128:fixme:uiautomation:msaa_fragment_get_FragmentRoot 0000000000BD7588, 0000000001D9FAB0: stub!
0128:fixme:oleacc:find_class_data unhandled window class: L"Button"
0128:fixme:uiautomation:uia_get_providers_for_hwnd Override provider callback currently unimplemented.
0128:fixme:uiautomation:msaa_provider_GetPropertyValue Unimplemented propertyId 30024
0128:fixme:uiautomation:msaa_fragment_get_FragmentRoot 0000000000BD7608, 0000000001D9FAB0: stub!
0128:fixme:oleacc:find_class_data unhandled window class: L"Button"
0128:fixme:uiautomation:uia_get_providers_for_hwnd Override provider callback currently unimplemented.
0128:fixme:uiautomation:msaa_provider_GetPropertyValue Unimplemented propertyId 30024
0128:fixme:uiautomation:msaa_fragment_get_FragmentRoot 0000000000BD7688, 0000000001D9FAB0: stub!
0128:fixme:oleacc:find_class_data unhandled window class: L"Button"
0128:fixme:uiautomation:uia_get_providers_for_hwnd Override provider callback currently unimplemented.
0128:fixme:uiautomation:msaa_provider_GetPropertyValue Unimplemented propertyId 30024
0128:fixme:uiautomation:msaa_fragment_get_FragmentRoot 0000000000BD7708, 0000000001D9FAB0: stub!
0128:fixme:oleacc:find_class_data unhandled window class: L"Button"
0128:fixme:uiautomation:uia_get_providers_for_hwnd Override provider callback currently unimplemented.
0128:fixme:uiautomation:msaa_provider_GetPropertyValue Unimplemented propertyId 30024
0128:fixme:uiautomation:msaa_fragment_get_FragmentRoot 0000000000BD7788, 0000000001D9FAB0: stub!
0128:fixme:oleacc:find_class_data unhandled window class: L"Button"
0128:fixme:uiautomation:uia_get_providers_for_hwnd Override provider callback currently unimplemented.
0128:fixme:uiautomation:msaa_provider_GetPropertyValue Unimplemented propertyId 30024
0128:fixme:uiautomation:msaa_fragment_get_FragmentRoot 0000000000BD7808, 0000000001D9FAB0: stub!
0128:fixme:oleacc:find_class_data unhandled window class: L"Button"
0128:fixme:uiautomation:uia_get_providers_for_hwnd Override provider callback currently unimplemented.
0128:fixme:uiautomation:msaa_provider_GetPropertyValue Unimplemented propertyId 30024
0128:fixme:uiautomation:msaa_fragment_get_FragmentRoot 0000000000BD7888, 0000000001D9FAB0: stub!
0128:fixme:oleacc:find_class_data unhandled window class: L"Button"
0128:fixme:uiautomation:uia_get_providers_for_hwnd Override provider callback currently unimplemented.
0128:fixme:uiautomation:msaa_provider_GetPropertyValue Unimplemented propertyId 30024
0128:fixme:uiautomation:msaa_fragment_get_FragmentRoot 0000000000BD7908, 0000000001D9FAB0: stub!
0128:fixme:oleacc:find_class_data unhandled window class: L"Button"
0128:fixme:uiautomation:uia_get_providers_for_hwnd Override provider callback currently unimplemented.
0128:fixme:uiautomation:msaa_provider_GetPropertyValue Unimplemented propertyId 30024
0128:fixme:uiautomation:msaa_fragment_get_FragmentRoot 0000000000BD7988, 0000000001D9FAB0: stub!
0128:fixme:oleacc:find_class_data unhandled window class: L"Button"
0128:fixme:uiautomation:uia_get_providers_for_hwnd Override provider callback currently unimplemented.
0128:fixme:uiautomation:msaa_provider_GetPropertyValue Unimplemented propertyId 30024
0128:fixme:uiautomation:msaa_fragment_get_FragmentRoot 0000000000BD7A08, 0000000001D9FAB0: stub!
0128:fixme:oleacc:find_class_data unhandled window class: L"Button"
0128:fixme:uiautomation:uia_get_providers_for_hwnd Override provider callback currently unimplemented.
0128:fixme:uiautomation:msaa_provider_GetPropertyValue Unimplemented propertyId 30024
0128:fixme:uiautomation:msaa_fragment_get_FragmentRoot 0000000000BD7A88, 0000000001D9FAB0: stub!
0128:fixme:oleacc:find_class_data unhandled window class: L"Button"
0128:fixme:uiautomation:uia_get_providers_for_hwnd Override provider callback currently unimplemented.
0128:fixme:uiautomation:msaa_provider_GetPropertyValue Unimplemented propertyId 30024
0128:fixme:uiautomation:msaa_fragment_get_FragmentRoot 0000000000BD7B08, 0000000001D9FAB0: stub!
0128:fixme:oleacc:find_class_data unhandled window class: L"Button"
0128:fixme:uiautomation:uia_get_providers_for_hwnd Override provider callback currently unimplemented.
0128:fixme:uiautomation:msaa_provider_GetPropertyValue Unimplemented propertyId 30024
0128:fixme:uiautomation:msaa_fragment_get_FragmentRoot 0000000000BD7B88, 0000000001D9FAB0: stub!
0128:fixme:oleacc:find_class_data unhandled window class: L"Button"
0128:fixme:uiautomation:uia_get_providers_for_hwnd Override provider callback currently unimplemented.
0128:fixme:uiautomation:msaa_provider_GetPropertyValue Unimplemented propertyId 30024
0128:fixme:uiautomation:msaa_fragment_get_FragmentRoot 0000000000BD7C08, 0000000001D9FAB0: stub!
0128:fixme:oleacc:find_class_data unhandled window class: L"Button"
0128:fixme:uiautomation:uia_get_providers_for_hwnd Override provider callback currently unimplemented.
0128:fixme:uiautomation:msaa_provider_GetPropertyValue Unimplemented propertyId 30024
0128:fixme:uiautomation:msaa_fragment_get_FragmentRoot 0000000000BD7C88, 0000000001D9FAB0: stub!
0128:fixme:oleacc:find_class_data unhandled window class: L"Button"
0128:fixme:uiautomation:uia_get_providers_for_hwnd Override provider callback currently unimplemented.
0128:fixme:uiautomation:msaa_provider_GetPropertyValue Unimplemented propertyId 30024
0128:fixme:uiautomation:msaa_fragment_get_FragmentRoot 0000000000BBA108, 0000000001D9FAB0: stub!
0128:fixme:oleacc:find_class_data unhandled window class: L"Button"
0128:fixme:uiautomation:uia_get_providers_for_hwnd Override provider callback currently unimplemented.
0128:fixme:uiautomation:msaa_provider_GetPropertyValue Unimplemented propertyId 30024
0128:fixme:uiautomation:msaa_fragment_get_FragmentRoot 0000000000BBA188, 0000000001D9FAB0: stub!
0128:fixme:oleacc:find_class_data unhandled window class: L"Button"
0128:fixme:uiautomation:uia_get_providers_for_hwnd Override provider callback currently unimplemented.
0128:fixme:uiautomation:msaa_provider_GetPropertyValue Unimplemented propertyId 30024
0128:fixme:uiautomation:msaa_fragment_get_FragmentRoot 0000000000BBA208, 0000000001D9FAB0: stub!
0128:fixme:oleacc:find_class_data unhandled window class: L"Button"
0128:fixme:uiautomation:uia_get_providers_for_hwnd Override provider callback currently unimplemented.
0128:fixme:uiautomation:msaa_provider_GetPropertyValue Unimplemented propertyId 30024
0128:fixme:uiautomation:msaa_fragment_get_FragmentRoot 0000000000BBA288, 0000000001D9FAB0: stub!
0128:fixme:oleacc:find_class_data unhandled window class: L"Button"
0128:fixme:uiautomation:uia_get_providers_for_hwnd Override provider callback currently unimplemented.
0128:fixme:uiautomation:msaa_provider_GetPropertyValue Unimplemented propertyId 30024
0128:fixme:uiautomation:uia_element_GetCurrentPropertyValueEx Default property values currently unimplemented
0128:fixme:uiautomation:uia_element_GetCurrentPropertyValueEx Default property values currently unimplemented
0128:fixme:uiautomation:msaa_provider_GetPatternProvider Unimplemented patternId 10002
0128:fixme:uiautomation:nc_provider_GetPatternProvider 0000000000BB6220, 10002, 0000000001D9ECC0: stub
0128:fixme:uiautomation:base_hwnd_provider_GetPatternProvider 0000000000BB6190, 10002, 0000000001D9ECC0: stub
0128:fixme:oleacc:find_class_data unhandled window class: L"Static"
0128:fixme:uiautomation:uia_get_providers_for_hwnd Override provider callback currently unimplemented.
0128:fixme:uiautomation:msaa_provider_GetPropertyValue Unimplemented propertyId 30024
0128:fixme:uiautomation:msaa_fragment_get_FragmentRoot 0000000000BBA308, 0000000001D9FAB0: stub!
0128:fixme:oleacc:find_class_data unhandled window class: L"Static"
0128:fixme:uiautomation:uia_get_providers_for_hwnd Override provider callback currently unimplemented.
0128:fixme:uiautomation:msaa_provider_GetPropertyValue Unimplemented propertyId 30024
0128:fixme:uiautomation:msaa_fragment_get_FragmentRoot 0000000000BBA388, 0000000001D9FAB0: stub!
0128:fixme:oleacc:find_class_data unhandled window class: L"Static"
0128:fixme:uiautomation:uia_get_providers_for_hwnd Override provider callback currently unimplemented.
0128:fixme:uiautomation:msaa_provider_GetPropertyValue Unimplemented propertyId 30024
0128:fixme:uiautomation:msaa_fragment_get_FragmentRoot 0000000000BBA408, 0000000001D9FAB0: stub!
0128:fixme:uiautomation:uia_get_providers_for_hwnd Override provider callback currently unimplemented.
0128:fixme:uiautomation:msaa_provider_GetPropertyValue Unimplemented propertyId 30024
0128:fixme:uiautomation:msaa_fragment_get_FragmentRoot 0000000000BBA488, 0000000001D9FAB0: stub!
0128:fixme:uiautomation:uia_get_providers_for_hwnd Override provider callback currently unimplemented.
0128:fixme:uiautomation:msaa_provider_GetPropertyValue Unimplemented propertyId 30024
0128:fixme:uiautomation:msaa_fragment_get_FragmentRoot 0000000000BBA508, 0000000001D9FAB0: stub!
0128:fixme:oleacc:find_class_data unhandled window class: L"Static"
0128:fixme:uiautomation:uia_get_providers_for_hwnd Override provider callback currently unimplemented.
0128:fixme:uiautomation:msaa_provider_GetPropertyValue Unimplemented propertyId 30024
0128:fixme:uiautomation:msaa_fragment_get_FragmentRoot 0000000000BBA588, 0000000001D9FAB0: stub!
0128:fixme:oleacc:find_class_data unhandled window class: L"#32769"
0128:fixme:uiautomation:uia_get_providers_for_hwnd Override provider callback currently unimplemented.
0128:fixme:uiautomation:msaa_provider_GetPropertyValue Unimplemented propertyId 30024
0128:fixme:uiautomation:uia_element_GetCurrentPropertyValueEx Default property values currently unimplemented
0128:fixme:uiautomation:uia_element_GetCurrentPropertyValueEx Default property values currently unimplemented
0128:fixme:uiautomation:msaa_provider_GetPatternProvider Unimplemented patternId 10002
0128:fixme:uiautomation:nc_provider_GetPatternProvider 0000000000B9CCD0, 10002, 0000000001D9ECC0: stub
0128:fixme:uiautomation:base_hwnd_provider_GetPatternProvider 0000000000B9CC40, 10002, 0000000001D9ECC0: stub
0128:fixme:oleacc:find_class_data unhandled window class: L"Button"
0128:fixme:uiautomation:uia_get_providers_for_hwnd Override provider callback currently unimplemented.
0128:fixme:uiautomation:msaa_provider_GetPropertyValue Unimplemented propertyId 30024
0128:fixme:uiautomation:uia_element_GetCurrentPropertyValueEx Default property values currently unimplemented
0128:fixme:uiautomation:uia_element_GetCurrentPropertyValueEx Default property values currently unimplemented
0128:fixme:uiautomation:msaa_provider_GetPatternProvider Unimplemented patternId 10002
0128:fixme:uiautomation:nc_provider_GetPatternProvider 0000000000BB3850, 10002, 0000000001D9ECC0: stub
0128:fixme:uiautomation:base_hwnd_provider_GetPatternProvider 0000000000BB37C0, 10002, 0000000001D9ECC0: stub
01b4:fixme:imm:ime_ui_notify himc 00000000000200C0, hwnd 00000000000200B8, wparam IMN_SETCOMPOSITIONFONT, lparam 0 stub!
01b4:fixme:imm:ImmReleaseContext (00000000000600F4, 00000000000200B8): stub
01b4:fixme:imm:ime_ui_notify himc 00000000000200C0, hwnd 00000000000200B8, wparam IMN_SETCOMPOSITIONFONT, lparam 0 stub!
0128:fixme:uiautomation:uia_get_providers_for_hwnd Override provider callback currently unimplemented.
0128:fixme:uiautomation:msaa_provider_GetPropertyValue Unimplemented propertyId 30024
0128:fixme:uiautomation:msaa_fragment_get_FragmentRoot 0000000000BBA608, 0000000001D9FAB0: stub!
0128:fixme:oleacc:find_class_data unhandled window class: L"Static"
0128:fixme:uiautomation:uia_get_providers_for_hwnd Override provider callback currently unimplemented.
0128:fixme:uiautomation:msaa_provider_GetPropertyValue Unimplemented propertyId 30024
0128:fixme:uiautomation:msaa_fragment_get_FragmentRoot 0000000000BBA688, 0000000001D9FAB0: stub!
0128:fixme:oleacc:find_class_data unhandled window class: L"Static"
0128:fixme:uiautomation:uia_get_providers_for_hwnd Override provider callback currently unimplemented.
0128:fixme:uiautomation:msaa_provider_GetPropertyValue Unimplemented propertyId 30024
0128:fixme:uiautomation:msaa_fragment_get_FragmentRoot 0000000000BBA708, 0000000001D9FAB0: stub!
0128:fixme:oleacc:find_class_data unhandled window class: L"Static"
0128:fixme:uiautomation:uia_get_providers_for_hwnd Override provider callback currently unimplemented.
0128:fixme:uiautomation:msaa_provider_GetPropertyValue Unimplemented propertyId 30024
0128:fixme:uiautomation:msaa_fragment_get_FragmentRoot 0000000000BBA788, 0000000001D9FAB0: stub!
0128:fixme:uiautomation:uia_get_providers_for_hwnd Override provider callback currently unimplemented.
0128:fixme:uiautomation:msaa_provider_GetPropertyValue Unimplemented propertyId 30024
0128:fixme:uiautomation:uia_element_GetCurrentPropertyValueEx Default property values currently unimplemented
0128:fixme:uiautomation:uia_element_GetCurrentPropertyValueEx Default property values currently unimplemented
0128:fixme:uiautomation:msaa_provider_GetPatternProvider Unimplemented patternId 10002
0128:fixme:uiautomation:nc_provider_GetPatternProvider 0000000000B9CCD0, 10002, 0000000001D9ECC0: stub
0128:fixme:uiautomation:base_hwnd_provider_GetPatternProvider 0000000000B9CC40, 10002, 0000000001D9ECC0: stub
0128:fixme:oleacc:find_class_data unhandled window class: L"Button"
0128:fixme:uiautomation:uia_get_providers_for_hwnd Override provider callback currently unimplemented.
0128:fixme:uiautomation:msaa_provider_GetPropertyValue Unimplemented propertyId 30024
0128:fixme:uiautomation:msaa_fragment_get_FragmentRoot 0000000000BBA808, 0000000001D9FAB0: stub!
027c:fixme:heap:RtlSetHeapInformation HEAP_INFORMATION_CLASS 1 not implemented!
027c:fixme:advapi:DecryptFileW (L"C:\\windows\\Temp\\{2E2ABBB3-C4CC-4ED8-B121-DA3DBA7397D6}\\", 00000000): stub
0288:fixme:heap:RtlSetHeapInformation HEAP_INFORMATION_CLASS 1 not implemented!
0288:fixme:advapi:DecryptFileW (L"C:\\windows\\Temp\\{95724621-3221-4E0B-B989-530AC5E2F72B}\\", 00000000): stub
0290:fixme:imm:ImeSetActiveContext himc 000200E2, flag 0x1 stub!
0128:fixme:uiautomation:uia_get_providers_for_hwnd Override provider callback currently unimplemented.
0128:fixme:uiautomation:msaa_provider_GetPropertyValue Unimplemented propertyId 30024
0128:fixme:uiautomation:msaa_fragment_get_FragmentRoot 0000000000BBA888, 0000000001D9FAB0: stub!
0128:fixme:uiautomation:uia_get_providers_for_hwnd Override provider callback currently unimplemented.
0128:fixme:uiautomation:msaa_provider_GetPropertyValue Unimplemented propertyId 30024
0128:fixme:uiautomation:uia_element_GetCurrentPropertyValueEx Default property values currently unimplemented
0128:fixme:uiautomation:uia_element_GetCurrentPropertyValueEx Default property values currently unimplemented
0128:fixme:uiautomation:msaa_provider_GetPatternProvider Unimplemented patternId 10002
0128:fixme:uiautomation:nc_provider_GetPatternProvider 0000000000B9CCD0, 10002, 0000000001D9ECC0: stub
0128:fixme:uiautomation:base_hwnd_provider_GetPatternProvider 0000000000B9CC40, 10002, 0000000001D9ECC0: stub
0128:fixme:uiautomation:uia_get_providers_for_hwnd Override provider callback currently unimplemented.
0128:fixme:uiautomation:msaa_provider_GetPropertyValue Unimplemented propertyId 30024
0128:fixme:uiautomation:msaa_fragment_get_FragmentRoot 0000000000BBA908, 0000000001D9FAB0: stub!
02a0:fixme:shell:SHAutoComplete stub
0128:fixme:oleacc:find_class_data unhandled window class: L"Static"
0128:fixme:uiautomation:uia_get_providers_for_hwnd Override provider callback currently unimplemented.
0128:fixme:uiautomation:msaa_provider_GetPropertyValue Unimplemented propertyId 30024
0128:fixme:uiautomation:msaa_fragment_get_FragmentRoot 0000000000BBA988, 0000000001D9FAB0: stub!
0128:fixme:oleacc:find_class_data unhandled window class: L"Static"
0128:fixme:uiautomation:uia_get_providers_for_hwnd Override provider callback currently unimplemented.
0128:fixme:uiautomation:msaa_provider_GetPropertyValue Unimplemented propertyId 30024
0288:fixme:advapi:DecryptFileW (L"C:\\windows\\Temp\\{95724621-3221-4E0B-B989-530AC5E2F72B}\\", 00000000): stub
0128:fixme:uiautomation:msaa_fragment_get_FragmentRoot 0000000000BBAA08, 0000000001D9FAB0: stub!
0288:fixme:exec:SHELL_execute flags ignored: 0x00000100
0128:fixme:oleacc:find_class_data unhandled window class: L"Button"
0128:fixme:uiautomation:uia_get_providers_for_hwnd Override provider callback currently unimplemented.
0128:fixme:uiautomation:msaa_provider_GetPropertyValue Unimplemented propertyId 30024
0128:fixme:uiautomation:msaa_fragment_get_FragmentRoot 0000000000BBAA88, 0000000001D9FAB0: stub!
0128:fixme:uiautomation:uia_get_providers_for_hwnd Override provider callback currently unimplemented.
0128:fixme:uiautomation:msaa_provider_GetPropertyValue Unimplemented propertyId 30024
0128:fixme:uiautomation:msaa_fragment_get_FragmentRoot 0000000000BBAB08, 0000000001D9FAB0: stub!
0128:fixme:oleacc:find_class_data unhandled window class: L"RichEdit20W"
0128:fixme:uiautomation:uia_get_providers_for_hwnd Override provider callback currently unimplemented.
0128:fixme:uiautomation:msaa_provider_GetPropertyValue Unimplemented propertyId 30024
0128:fixme:uiautomation:msaa_fragment_get_FragmentRoot 0000000000BBAB88, 0000000001D9FAB0: stub!
0128:fixme:oleacc:find_class_data unhandled window class: L"Button"
0128:fixme:uiautomation:uia_get_providers_for_hwnd Override provider callback currently unimplemented.
0128:fixme:uiautomation:msaa_provider_GetPropertyValue Unimplemented propertyId 30024
0128:fixme:uiautomation:msaa_fragment_get_FragmentRoot 0000000000BBAC08, 0000000001D9FAB0: stub!
0128:fixme:oleacc:find_class_data unhandled window class: L"Button"
0128:fixme:uiautomation:uia_get_providers_for_hwnd Override provider callback currently unimplemented.
0128:fixme:uiautomation:msaa_provider_GetPropertyValue Unimplemented propertyId 30024
0128:fixme:uiautomation:msaa_fragment_get_FragmentRoot 0000000000BBAC88, 0000000001D9FAB0: stub!
0128:fixme:oleacc:find_class_data unhandled window class: L"Button"
0128:fixme:uiautomation:uia_get_providers_for_hwnd Override provider callback currently unimplemented.
0128:fixme:uiautomation:msaa_provider_GetPropertyValue Unimplemented propertyId 30024
0128:fixme:uiautomation:msaa_fragment_get_FragmentRoot 0000000000BBAD08, 0000000001D9FAB0: stub!
0128:fixme:oleacc:find_class_data unhandled window class: L"Button"
0128:fixme:uiautomation:uia_get_providers_for_hwnd Override provider callback currently unimplemented.
0128:fixme:uiautomation:msaa_provider_GetPropertyValue Unimplemented propertyId 30024
0128:fixme:uiautomation:msaa_fragment_get_FragmentRoot 0000000000BBAD88, 0000000001D9FAB0: stub!
0128:fixme:oleacc:find_class_data unhandled window class: L"Static"
0128:fixme:uiautomation:uia_get_providers_for_hwnd Override provider callback currently unimplemented.
0128:fixme:uiautomation:msaa_provider_GetPropertyValue Unimplemented propertyId 30024
0128:fixme:uiautomation:msaa_fragment_get_FragmentRoot 0000000000BBAE08, 0000000001D9FAB0: stub!
0128:fixme:oleacc:find_class_data unhandled window class: L"Static"
0128:fixme:uiautomation:uia_get_providers_for_hwnd Override provider callback currently unimplemented.
0128:fixme:uiautomation:msaa_provider_GetPropertyValue Unimplemented propertyId 30024
0128:fixme:uiautomation:msaa_fragment_get_FragmentRoot 0000000000BBAE88, 0000000001D9FAB0: stub!
0128:fixme:uiautomation:uia_get_providers_for_hwnd Override provider callback currently unimplemented.
0128:fixme:uiautomation:msaa_provider_GetPropertyValue Unimplemented propertyId 30024
0128:fixme:uiautomation:msaa_fragment_get_FragmentRoot 0000000000BBAF08, 0000000001D9FAB0: stub!
0128:fixme:oleacc:find_class_data unhandled window class: L"Button"
0128:fixme:uiautomation:uia_get_providers_for_hwnd Override provider callback currently unimplemented.
0128:fixme:uiautomation:msaa_provider_GetPropertyValue Unimplemented propertyId 30024
0128:fixme:uiautomation:msaa_fragment_get_FragmentRoot 0000000000BF00D8, 0000000001D9FAB0: stub!
0128:fixme:oleacc:find_class_data unhandled window class: L"Button"
0128:fixme:uiautomation:uia_get_providers_for_hwnd Override provider callback currently unimplemented.
0128:fixme:uiautomation:msaa_provider_GetPropertyValue Unimplemented propertyId 30024
0128:fixme:uiautomation:msaa_fragment_get_FragmentRoot 0000000000BF0158, 0000000001D9FAB0: stub!
0128:fixme:oleacc:find_class_data unhandled window class: L"Button"
0128:fixme:uiautomation:uia_get_providers_for_hwnd Override provider callback currently unimplemented.
0128:fixme:uiautomation:msaa_provider_GetPropertyValue Unimplemented propertyId 30024
0128:fixme:uiautomation:msaa_fragment_get_FragmentRoot 0000000000BF01D8, 0000000001D9FAB0: stub!
0128:fixme:oleacc:find_class_data unhandled window class: L"Static"
0128:fixme:uiautomation:uia_get_providers_for_hwnd Override provider callback currently unimplemented.
0128:fixme:uiautomation:msaa_provider_GetPropertyValue Unimplemented propertyId 30024
0128:fixme:uiautomation:msaa_fragment_get_FragmentRoot 0000000000BF0258, 0000000001D9FAB0: stub!
0128:fixme:oleacc:find_class_data unhandled window class: L"Static"
0128:fixme:uiautomation:uia_get_providers_for_hwnd Override provider callback currently unimplemented.
0128:fixme:uiautomation:msaa_provider_GetPropertyValue Unimplemented propertyId 30024
0128:fixme:uiautomation:msaa_fragment_get_FragmentRoot 0000000000BF02D8, 0000000001D9FAB0: stub!
0128:fixme:oleacc:find_class_data unhandled window class: L"Static"
0128:fixme:uiautomation:uia_get_providers_for_hwnd Override provider callback currently unimplemented.
0128:fixme:uiautomation:msaa_provider_GetPropertyValue Unimplemented propertyId 30024
0128:fixme:uiautomation:msaa_fragment_get_FragmentRoot 0000000000BF0358, 0000000001D9FAB0: stub!
0128:fixme:oleacc:find_class_data unhandled window class: L"Button"
0128:fixme:uiautomation:uia_get_providers_for_hwnd Override provider callback currently unimplemented.
0128:fixme:uiautomation:msaa_provider_GetPropertyValue Unimplemented propertyId 30024
0128:fixme:uiautomation:msaa_fragment_get_FragmentRoot 0000000000BF03D8, 0000000001D9FAB0: stub!
0128:fixme:oleacc:find_class_data unhandled window class: L"Button"
0128:fixme:uiautomation:uia_get_providers_for_hwnd Override provider callback currently unimplemented.
0128:fixme:uiautomation:msaa_provider_GetPropertyValue Unimplemented propertyId 30024
0128:fixme:uiautomation:msaa_fragment_get_FragmentRoot 0000000000BF0458, 0000000001D9FAB0: stub!
0128:fixme:oleacc:find_class_data unhandled window class: L"Button"
0128:fixme:uiautomation:uia_get_providers_for_hwnd Override provider callback currently unimplemented.
0128:fixme:uiautomation:msaa_provider_GetPropertyValue Unimplemented propertyId 30024
0128:fixme:uiautomation:msaa_fragment_get_FragmentRoot 0000000000BF04D8, 0000000001D9FAB0: stub!
0128:fixme:oleacc:find_class_data unhandled window class: L"Button"
0128:fixme:uiautomation:uia_get_providers_for_hwnd Override provider callback currently unimplemented.
0128:fixme:uiautomation:msaa_provider_GetPropertyValue Unimplemented propertyId 30024
0128:fixme:uiautomation:msaa_fragment_get_FragmentRoot 0000000000BF0558, 0000000001D9FAB0: stub!
0128:fixme:oleacc:find_class_data unhandled window class: L"Static"
0128:fixme:uiautomation:uia_get_providers_for_hwnd Override provider callback currently unimplemented.
0128:fixme:uiautomation:msaa_provider_GetPropertyValue Unimplemented propertyId 30024
0128:fixme:uiautomation:msaa_fragment_get_FragmentRoot 0000000000BF05D8, 0000000001D9FAB0: stub!
0128:fixme:oleacc:find_class_data unhandled window class: L"Static"
0128:fixme:uiautomation:uia_get_providers_for_hwnd Override provider callback currently unimplemented.
0128:fixme:uiautomation:msaa_provider_GetPropertyValue Unimplemented propertyId 30024
0128:fixme:uiautomation:msaa_fragment_get_FragmentRoot 0000000000BF0658, 0000000001D9FAB0: stub!
02c8:fixme:heap:RtlSetHeapInformation HEAP_INFORMATION_CLASS 1 not implemented!
0128:fixme:oleacc:find_class_data unhandled window class: L"Static"
0128:fixme:uiautomation:uia_get_providers_for_hwnd Override provider callback currently unimplemented.
0128:fixme:uiautomation:msaa_provider_GetPropertyValue Unimplemented propertyId 30024
0128:fixme:uiautomation:msaa_fragment_get_FragmentRoot 0000000000BF06D8, 0000000001D9FAB0: stub!
0128:fixme:oleacc:find_class_data unhandled window class: L"msctls_progress32"
0128:fixme:uiautomation:uia_get_providers_for_hwnd Override provider callback currently unimplemented.
0128:fixme:uiautomation:msaa_provider_GetPropertyValue Unimplemented propertyId 30024
0128:fixme:uiautomation:msaa_fragment_get_FragmentRoot 0000000000BF0758, 0000000001D9FAB0: stub!
0128:fixme:oleacc:find_class_data unhandled window class: L"Button"
0128:fixme:uiautomation:uia_get_providers_for_hwnd Override provider callback currently unimplemented.
0128:fixme:uiautomation:msaa_provider_GetPropertyValue Unimplemented propertyId 30024
0128:fixme:uiautomation:msaa_fragment_get_FragmentRoot 0000000000BF07D8, 0000000001D9FAB0: stub!
0128:fixme:oleacc:find_class_data unhandled window class: L"Static"
0128:fixme:uiautomation:uia_get_providers_for_hwnd Override provider callback currently unimplemented.
0128:fixme:uiautomation:msaa_provider_GetPropertyValue Unimplemented propertyId 30024
0128:fixme:uiautomation:msaa_fragment_get_FragmentRoot 0000000000BF0858, 0000000001D9FAB0: stub!
0128:fixme:oleacc:find_class_data unhandled window class: L"Button"
0128:fixme:uiautomation:uia_get_providers_for_hwnd Override provider callback currently unimplemented.
0128:fixme:uiautomation:msaa_provider_GetPropertyValue Unimplemented propertyId 30024
0128:fixme:uiautomation:msaa_fragment_get_FragmentRoot 0000000000BF08D8, 0000000001D9FAB0: stub!
0128:fixme:oleacc:find_class_data unhandled window class: L"Button"
0128:fixme:uiautomation:uia_get_providers_for_hwnd Override provider callback currently unimplemented.
0128:fixme:uiautomation:msaa_provider_GetPropertyValue Unimplemented propertyId 30024
0128:fixme:uiautomation:msaa_fragment_get_FragmentRoot 0000000000BF0958, 0000000001D9FAB0: stub!
0128:fixme:oleacc:find_class_data unhandled window class: L"Button"
0128:fixme:uiautomation:uia_get_providers_for_hwnd Override provider callback currently unimplemented.
0128:fixme:uiautomation:msaa_provider_GetPropertyValue Unimplemented propertyId 30024
0128:fixme:uiautomation:msaa_fragment_get_FragmentRoot 0000000000BF09D8, 0000000001D9FAB0: stub!
0128:fixme:oleacc:find_class_data unhandled window class: L"Static"
0128:fixme:uiautomation:uia_get_providers_for_hwnd Override provider callback currently unimplemented.
0128:fixme:uiautomation:msaa_provider_GetPropertyValue Unimplemented propertyId 30024
0128:fixme:uiautomation:msaa_fragment_get_FragmentRoot 0000000000BF0A58, 0000000001D9FAB0: stub!
0128:fixme:oleacc:find_class_data unhandled window class: L"Static"
0128:fixme:uiautomation:uia_get_providers_for_hwnd Override provider callback currently unimplemented.
0128:fixme:uiautomation:msaa_provider_GetPropertyValue Unimplemented propertyId 30024
0128:fixme:uiautomation:msaa_fragment_get_FragmentRoot 0000000000BF0AD8, 0000000001D9FAB0: stub!
0128:fixme:oleacc:find_class_data unhandled window class: L"Static"
0128:fixme:uiautomation:uia_get_providers_for_hwnd Override provider callback currently unimplemented.
0128:fixme:uiautomation:msaa_provider_GetPropertyValue Unimplemented propertyId 30024
0128:fixme:uiautomation:msaa_fragment_get_FragmentRoot 0000000000BF0B58, 0000000001D9FAB0: stub!
0128:fixme:oleacc:find_class_data unhandled window class: L"Static"
0128:fixme:uiautomation:uia_get_providers_for_hwnd Override provider callback currently unimplemented.
0128:fixme:uiautomation:msaa_provider_GetPropertyValue Unimplemented propertyId 30024
0128:fixme:uiautomation:msaa_fragment_get_FragmentRoot 0000000000BF0BD8, 0000000001D9FAB0: stub!
0128:fixme:oleacc:find_class_data unhandled window class: L"Button"
0128:fixme:uiautomation:uia_get_providers_for_hwnd Override provider callback currently unimplemented.
0128:fixme:uiautomation:msaa_provider_GetPropertyValue Unimplemented propertyId 30024
0128:fixme:uiautomation:msaa_fragment_get_FragmentRoot 0000000000BF0C58, 0000000001D9FAB0: stub!
0128:fixme:oleacc:find_class_data unhandled window class: L"Static"
0128:fixme:uiautomation:uia_get_providers_for_hwnd Override provider callback currently unimplemented.
0128:fixme:uiautomation:msaa_provider_GetPropertyValue Unimplemented propertyId 30024
0128:fixme:uiautomation:msaa_fragment_get_FragmentRoot 0000000000BF0CD8, 0000000001D9FAB0: stub!
0128:fixme:oleacc:find_class_data unhandled window class: L"Button"
0128:fixme:uiautomation:uia_get_providers_for_hwnd Override provider callback currently unimplemented.
0128:fixme:uiautomation:msaa_provider_GetPropertyValue Unimplemented propertyId 30024
0128:fixme:uiautomation:msaa_fragment_get_FragmentRoot 0000000000BF0D58, 0000000001D9FAB0: stub!
0128:fixme:oleacc:find_class_data unhandled window class: L"Button"
0128:fixme:uiautomation:uia_get_providers_for_hwnd Override provider callback currently unimplemented.
0128:fixme:uiautomation:msaa_provider_GetPropertyValue Unimplemented propertyId 30024
0128:fixme:uiautomation:msaa_fragment_get_FragmentRoot 0000000000BF0DD8, 0000000001D9FAB0: stub!
0128:fixme:oleacc:find_class_data unhandled window class: L"Static"
0128:fixme:uiautomation:uia_get_providers_for_hwnd Override provider callback currently unimplemented.
0128:fixme:uiautomation:msaa_provider_GetPropertyValue Unimplemented propertyId 30024
0128:fixme:uiautomation:msaa_fragment_get_FragmentRoot 0000000000BF0E58, 0000000001D9FAB0: stub!
0128:fixme:oleacc:find_class_data unhandled window class: L"Static"
0128:fixme:uiautomation:uia_get_providers_for_hwnd Override provider callback currently unimplemented.
0128:fixme:uiautomation:msaa_provider_GetPropertyValue Unimplemented propertyId 30024
0128:fixme:uiautomation:msaa_fragment_get_FragmentRoot 0000000000BF0ED8, 0000000001D9FAB0: stub!
0128:fixme:oleacc:find_class_data unhandled window class: L"Static"
0128:fixme:uiautomation:uia_get_providers_for_hwnd Override provider callback currently unimplemented.
0128:fixme:uiautomation:msaa_provider_GetPropertyValue Unimplemented propertyId 30024
0128:fixme:uiautomation:msaa_fragment_get_FragmentRoot 0000000000C06308, 0000000001D9FAB0: stub!
0128:fixme:oleacc:find_class_data unhandled window class: L"Static"
0128:fixme:uiautomation:uia_get_providers_for_hwnd Override provider callback currently unimplemented.
0128:fixme:uiautomation:msaa_provider_GetPropertyValue Unimplemented propertyId 30024
0128:fixme:uiautomation:msaa_fragment_get_FragmentRoot 0000000000C06388, 0000000001D9FAB0: stub!
0128:fixme:uiautomation:uia_get_providers_for_hwnd Override provider callback currently unimplemented.
0128:fixme:uiautomation:msaa_provider_GetPropertyValue Unimplemented propertyId 30024
0128:fixme:uiautomation:msaa_fragment_get_FragmentRoot 0000000000C06408, 0000000001D9FAB0: stub!
0128:fixme:uiautomation:uia_get_providers_for_hwnd Override provider callback currently unimplemented.
0128:fixme:uiautomation:msaa_provider_GetPropertyValue Unimplemented propertyId 30024
0128:fixme:uiautomation:msaa_fragment_get_FragmentRoot 0000000000C06488, 0000000001D9FAB0: stub!
0128:fixme:oleacc:find_class_data unhandled window class: L"Static"
0128:fixme:uiautomation:uia_get_providers_for_hwnd Override provider callback currently unimplemented.
0128:fixme:uiautomation:msaa_provider_GetPropertyValue Unimplemented propertyId 30024
0128:fixme:uiautomation:msaa_fragment_get_FragmentRoot 0000000000C06508, 0000000001D9FAB0: stub!
0128:fixme:oleacc:find_class_data unhandled window class: L"Button"
0128:fixme:uiautomation:uia_get_providers_for_hwnd Override provider callback currently unimplemented.
0128:fixme:uiautomation:msaa_provider_GetPropertyValue Unimplemented propertyId 30024
0128:fixme:uiautomation:msaa_fragment_get_FragmentRoot 0000000000C06588, 0000000001D9FAB0: stub!
0128:fixme:oleacc:find_class_data unhandled window class: L"Button"
0128:fixme:uiautomation:uia_get_providers_for_hwnd Override provider callback currently unimplemented.
0128:fixme:uiautomation:msaa_provider_GetPropertyValue Unimplemented propertyId 30024
0128:fixme:uiautomation:msaa_fragment_get_FragmentRoot 0000000000C06608, 0000000001D9FAB0: stub!
0128:fixme:oleacc:find_class_data unhandled window class: L"Static"
0128:fixme:uiautomation:uia_get_providers_for_hwnd Override provider callback currently unimplemented.
0128:fixme:uiautomation:msaa_provider_GetPropertyValue Unimplemented propertyId 30024
0128:fixme:uiautomation:msaa_fragment_get_FragmentRoot 0000000000C06688, 0000000001D9FAB0: stub!
0128:fixme:oleacc:find_class_data unhandled window class: L"Static"
0128:fixme:uiautomation:uia_get_providers_for_hwnd Override provider callback currently unimplemented.
0128:fixme:uiautomation:msaa_provider_GetPropertyValue Unimplemented propertyId 30024
0128:fixme:uiautomation:msaa_fragment_get_FragmentRoot 0000000000C06708, 0000000001D9FAB0: stub!
0128:fixme:uiautomation:uia_get_providers_for_hwnd Override provider callback currently unimplemented.
0128:fixme:uiautomation:msaa_provider_GetPropertyValue Unimplemented propertyId 30024
0128:fixme:uiautomation:msaa_fragment_get_FragmentRoot 0000000000C06788, 0000000001D9FAB0: stub!
0388:fixme:imm:ImeSetActiveContext himc 0016017E, flag 0x1 stub!
0128:fixme:uiautomation:uia_get_providers_for_hwnd Override provider callback currently unimplemented.
0128:fixme:uiautomation:msaa_provider_GetPropertyValue Unimplemented propertyId 30024
02c8:fixme:ole:CoInitializeSecurity 0067F5E8, -1, 00000000, 00000000, 6, 2, 00000000, 12288, 00000000 stub
0128:fixme:uiautomation:msaa_fragment_get_FragmentRoot 0000000000C06808, 0000000001D9FAB0: stub!
0128:fixme:uiautomation:uia_get_providers_for_hwnd Override provider callback currently unimplemented.
0128:fixme:uiautomation:msaa_provider_GetPropertyValue Unimplemented propertyId 30024
02c8:fixme:wuapi:automatic_updates_Pause 
02c8:fixme:sfc:SRSetRestorePointW 0067F4B0 0067F6C0
0128:fixme:uiautomation:uia_element_GetCurrentPropertyValueEx Default property values currently unimplemented
0128:fixme:uiautomation:uia_element_GetCurrentPropertyValueEx Default property values currently unimplemented
0128:fixme:uiautomation:msaa_provider_GetPatternProvider Unimplemented patternId 10002
0128:fixme:uiautomation:nc_provider_GetPatternProvider 0000000000B9CCD0, 10002, 0000000001D9ECC0: stub
0128:fixme:uiautomation:base_hwnd_provider_GetPatternProvider 0000000000B9CC40, 10002, 0000000001D9ECC0: stub
0128:fixme:uiautomation:uia_get_providers_for_hwnd Override provider callback currently unimplemented.
0128:fixme:uiautomation:msaa_provider_GetPropertyValue Unimplemented propertyId 30024
0128:fixme:uiautomation:msaa_fragment_get_FragmentRoot 0000000000C06888, 0000000001D9FAB0: stub!
0390:fixme:advapi:DecryptFileW (L"C:\\ProgramData\\Package Cache\\{73F77E4E-5A17-46E5-A5FC-8A061047725F}v14.36.32532\\packages\\vcRuntimeMinimum_x86\\vc_runtimeMinimum_x86.msi", 00000000): stub
0390:fixme:advapi:DecryptFileW (L"C:\\ProgramData\\Package Cache\\{73F77E4E-5A17-46E5-A5FC-8A061047725F}v14.36.32532\\packages\\vcRuntimeMinimum_x86\\cab1.cab", 00000000): stub
0390:fixme:advapi:DecryptFileW (L"C:\\ProgramData\\Package Cache\\{C2C59CAB-8766-4ABD-A8EF-1151A36C41E5}v14.36.32532\\packages\\vcRuntimeAdditional_x86\\vc_runtimeAdditional_x86.msi", 00000000): stub
0390:fixme:advapi:DecryptFileW (L"C:\\ProgramData\\Package Cache\\{C2C59CAB-8766-4ABD-A8EF-1151A36C41E5}v14.36.32532\\packages\\vcRuntimeAdditional_x86\\cab1.cab", 00000000): stub
02c8:fixme:file:NtLockFile I/O completion on lock not implemented yet
02c8:fixme:ntdll:NtQuerySystemInformation info_class SYSTEM_PERFORMANCE_INFORMATION
02c8:fixme:wuapi:automatic_updates_Resume 
02c8:fixme:ver:GetCurrentPackageId (0067FE94 00000000): stub
0288:fixme:ver:GetCurrentPackageId (0067FE94 00000000): stub
027c:fixme:ver:GetCurrentPackageId (0067FE94 00000000): stub
03a8:fixme:heap:RtlSetHeapInformation HEAP_INFORMATION_CLASS 1 not implemented!
03a8:fixme:advapi:DecryptFileW (L"C:\\windows\\Temp\\{924F7B06-1086-4712-8B92-FF4B9BCF228D}\\", 00000000): stub
03b4:fixme:heap:RtlSetHeapInformation HEAP_INFORMATION_CLASS 1 not implemented!
03b4:fixme:advapi:DecryptFileW (L"C:\\windows\\Temp\\{7A584C8F-D8F8-44C4-88CD-A953FE9366BC}\\", 00000000): stub
03bc:fixme:imm:ImeSetActiveContext himc 000300EA, flag 0x1 stub!
0128:fixme:uiautomation:uia_get_providers_for_hwnd Override provider callback currently unimplemented.
0128:fixme:uiautomation:msaa_provider_GetPropertyValue Unimplemented propertyId 30024
0128:fixme:uiautomation:msaa_fragment_get_FragmentRoot 0000000000C06908, 0000000001D9FAB0: stub!
0128:fixme:uiautomation:uia_get_providers_for_hwnd Override provider callback currently unimplemented.
0128:fixme:uiautomation:msaa_provider_GetPropertyValue Unimplemented propertyId 30024
0128:fixme:uiautomation:uia_element_GetCurrentPropertyValueEx Default property values currently unimplemented
0128:fixme:uiautomation:uia_element_GetCurrentPropertyValueEx Default property values currently unimplemented
0128:fixme:uiautomation:msaa_provider_GetPatternProvider Unimplemented patternId 10002
0128:fixme:uiautomation:nc_provider_GetPatternProvider 0000000000B9CCD0, 10002, 0000000001D9ECC0: stub
0128:fixme:uiautomation:base_hwnd_provider_GetPatternProvider 0000000000B9CC40, 10002, 0000000001D9ECC0: stub
0128:fixme:uiautomation:uia_get_providers_for_hwnd Override provider callback currently unimplemented.
0128:fixme:uiautomation:msaa_provider_GetPropertyValue Unimplemented propertyId 30024
0128:fixme:uiautomation:msaa_fragment_get_FragmentRoot 0000000000C06988, 0000000001D9FAB0: stub!
03cc:fixme:shell:SHAutoComplete stub
0128:fixme:oleacc:find_class_data unhandled window class: L"Static"
0128:fixme:uiautomation:uia_get_providers_for_hwnd Override provider callback currently unimplemented.
0128:fixme:uiautomation:msaa_provider_GetPropertyValue Unimplemented propertyId 30024
0128:fixme:uiautomation:msaa_fragment_get_FragmentRoot 0000000000C06A08, 0000000001D9FAB0: stub!
0128:fixme:oleacc:find_class_data unhandled window class: L"Static"
0128:fixme:uiautomation:uia_get_providers_for_hwnd Override provider callback currently unimplemented.
0128:fixme:uiautomation:msaa_provider_GetPropertyValue Unimplemented propertyId 30024
03b4:fixme:advapi:DecryptFileW (L"C:\\windows\\Temp\\{7A584C8F-D8F8-44C4-88CD-A953FE9366BC}\\", 00000000): stub
0128:fixme:uiautomation:msaa_fragment_get_FragmentRoot 0000000000C06A88, 0000000001D9FAB0: stub!
03b4:fixme:exec:SHELL_execute flags ignored: 0x00000100
0128:fixme:oleacc:find_class_data unhandled window class: L"Button"
0128:fixme:uiautomation:uia_get_providers_for_hwnd Override provider callback currently unimplemented.
0128:fixme:uiautomation:msaa_provider_GetPropertyValue Unimplemented propertyId 30024
0128:fixme:uiautomation:msaa_fragment_get_FragmentRoot 0000000000C06B08, 0000000001D9FAB0: stub!
0128:fixme:uiautomation:uia_get_providers_for_hwnd Override provider callback currently unimplemented.
0128:fixme:uiautomation:msaa_provider_GetPropertyValue Unimplemented propertyId 30024
0128:fixme:uiautomation:msaa_fragment_get_FragmentRoot 0000000000C06B88, 0000000001D9FAB0: stub!
0128:fixme:oleacc:find_class_data unhandled window class: L"RichEdit20W"
0128:fixme:uiautomation:uia_get_providers_for_hwnd Override provider callback currently unimplemented.
0128:fixme:uiautomation:msaa_provider_GetPropertyValue Unimplemented propertyId 30024
0128:fixme:uiautomation:msaa_fragment_get_FragmentRoot 0000000000C06C08, 0000000001D9FAB0: stub!
0128:fixme:oleacc:find_class_data unhandled window class: L"Button"
0128:fixme:uiautomation:uia_get_providers_for_hwnd Override provider callback currently unimplemented.
0128:fixme:uiautomation:msaa_provider_GetPropertyValue Unimplemented propertyId 30024
0128:fixme:uiautomation:msaa_fragment_get_FragmentRoot 0000000000C06C88, 0000000001D9FAB0: stub!
0128:fixme:oleacc:find_class_data unhandled window class: L"Button"
0128:fixme:uiautomation:uia_get_providers_for_hwnd Override provider callback currently unimplemented.
0128:fixme:uiautomation:msaa_provider_GetPropertyValue Unimplemented propertyId 30024
0128:fixme:uiautomation:msaa_fragment_get_FragmentRoot 0000000000C06D08, 0000000001D9FAB0: stub!
0128:fixme:oleacc:find_class_data unhandled window class: L"Button"
0128:fixme:uiautomation:uia_get_providers_for_hwnd Override provider callback currently unimplemented.
0128:fixme:uiautomation:msaa_provider_GetPropertyValue Unimplemented propertyId 30024
0128:fixme:uiautomation:msaa_fragment_get_FragmentRoot 0000000000C06D88, 0000000001D9FAB0: stub!
0128:fixme:oleacc:find_class_data unhandled window class: L"Button"
0128:fixme:uiautomation:uia_get_providers_for_hwnd Override provider callback currently unimplemented.
0128:fixme:uiautomation:msaa_provider_GetPropertyValue Unimplemented propertyId 30024
0128:fixme:uiautomation:msaa_fragment_get_FragmentRoot 0000000000C06E08, 0000000001D9FAB0: stub!
0128:fixme:oleacc:find_class_data unhandled window class: L"Static"
0128:fixme:uiautomation:uia_get_providers_for_hwnd Override provider callback currently unimplemented.
0128:fixme:uiautomation:msaa_provider_GetPropertyValue Unimplemented propertyId 30024
0128:fixme:uiautomation:msaa_fragment_get_FragmentRoot 0000000000C06E88, 0000000001D9FAB0: stub!
0128:fixme:oleacc:find_class_data unhandled window class: L"Static"
0128:fixme:uiautomation:uia_get_providers_for_hwnd Override provider callback currently unimplemented.
0128:fixme:uiautomation:msaa_provider_GetPropertyValue Unimplemented propertyId 30024
0128:fixme:uiautomation:msaa_fragment_get_FragmentRoot 0000000000C06F08, 0000000001D9FAB0: stub!
0128:fixme:uiautomation:uia_get_providers_for_hwnd Override provider callback currently unimplemented.
0128:fixme:uiautomation:msaa_provider_GetPropertyValue Unimplemented propertyId 30024
0128:fixme:uiautomation:msaa_fragment_get_FragmentRoot 0000000000C06F88, 0000000001D9FAB0: stub!
0128:fixme:oleacc:find_class_data unhandled window class: L"Button"
0128:fixme:uiautomation:uia_get_providers_for_hwnd Override provider callback currently unimplemented.
0128:fixme:uiautomation:msaa_provider_GetPropertyValue Unimplemented propertyId 30024
0128:fixme:uiautomation:msaa_fragment_get_FragmentRoot 0000000000C07008, 0000000001D9FAB0: stub!
0128:fixme:oleacc:find_class_data unhandled window class: L"Button"
0128:fixme:uiautomation:uia_get_providers_for_hwnd Override provider callback currently unimplemented.
0128:fixme:uiautomation:msaa_provider_GetPropertyValue Unimplemented propertyId 30024
0128:fixme:uiautomation:msaa_fragment_get_FragmentRoot 0000000000C07088, 0000000001D9FAB0: stub!
0128:fixme:oleacc:find_class_data unhandled window class: L"Button"
0128:fixme:uiautomation:uia_get_providers_for_hwnd Override provider callback currently unimplemented.
0128:fixme:uiautomation:msaa_provider_GetPropertyValue Unimplemented propertyId 30024
0128:fixme:uiautomation:msaa_fragment_get_FragmentRoot 0000000000C07108, 0000000001D9FAB0: stub!
0128:fixme:oleacc:find_class_data unhandled window class: L"Static"
0128:fixme:uiautomation:uia_get_providers_for_hwnd Override provider callback currently unimplemented.
0128:fixme:uiautomation:msaa_provider_GetPropertyValue Unimplemented propertyId 30024
0128:fixme:uiautomation:msaa_fragment_get_FragmentRoot 0000000000C26B78, 0000000001D9FAB0: stub!
0128:fixme:oleacc:find_class_data unhandled window class: L"Static"
0128:fixme:uiautomation:uia_get_providers_for_hwnd Override provider callback currently unimplemented.
0128:fixme:uiautomation:msaa_provider_GetPropertyValue Unimplemented propertyId 30024
0128:fixme:uiautomation:msaa_fragment_get_FragmentRoot 0000000000C26BF8, 0000000001D9FAB0: stub!
0128:fixme:oleacc:find_class_data unhandled window class: L"Static"
0128:fixme:uiautomation:uia_get_providers_for_hwnd Override provider callback currently unimplemented.
0128:fixme:uiautomation:msaa_provider_GetPropertyValue Unimplemented propertyId 30024
0128:fixme:uiautomation:msaa_fragment_get_FragmentRoot 0000000000C26C78, 0000000001D9FAB0: stub!
0128:fixme:oleacc:find_class_data unhandled window class: L"Button"
0128:fixme:uiautomation:uia_get_providers_for_hwnd Override provider callback currently unimplemented.
0128:fixme:uiautomation:msaa_provider_GetPropertyValue Unimplemented propertyId 30024
0128:fixme:uiautomation:msaa_fragment_get_FragmentRoot 0000000000C26CF8, 0000000001D9FAB0: stub!
0128:fixme:oleacc:find_class_data unhandled window class: L"Button"
0128:fixme:uiautomation:uia_get_providers_for_hwnd Override provider callback currently unimplemented.
0128:fixme:uiautomation:msaa_provider_GetPropertyValue Unimplemented propertyId 30024
0128:fixme:uiautomation:msaa_fragment_get_FragmentRoot 0000000000C26D78, 0000000001D9FAB0: stub!
0128:fixme:oleacc:find_class_data unhandled window class: L"Button"
0128:fixme:uiautomation:uia_get_providers_for_hwnd Override provider callback currently unimplemented.
0128:fixme:uiautomation:msaa_provider_GetPropertyValue Unimplemented propertyId 30024
0128:fixme:uiautomation:msaa_fragment_get_FragmentRoot 0000000000C26DF8, 0000000001D9FAB0: stub!
0128:fixme:oleacc:find_class_data unhandled window class: L"Button"
0128:fixme:uiautomation:uia_get_providers_for_hwnd Override provider callback currently unimplemented.
0128:fixme:uiautomation:msaa_provider_GetPropertyValue Unimplemented propertyId 30024
0128:fixme:uiautomation:msaa_fragment_get_FragmentRoot 0000000000C26E78, 0000000001D9FAB0: stub!
0128:fixme:oleacc:find_class_data unhandled window class: L"Static"
0128:fixme:uiautomation:uia_get_providers_for_hwnd Override provider callback currently unimplemented.
0128:fixme:uiautomation:msaa_provider_GetPropertyValue Unimplemented propertyId 30024
03f4:fixme:heap:RtlSetHeapInformation HEAP_INFORMATION_CLASS 1 not implemented!
0128:fixme:uiautomation:msaa_fragment_get_FragmentRoot 0000000000C26EF8, 0000000001D9FAB0: stub!
0128:fixme:oleacc:find_class_data unhandled window class: L"Static"
0128:fixme:uiautomation:uia_get_providers_for_hwnd Override provider callback currently unimplemented.
0128:fixme:uiautomation:msaa_provider_GetPropertyValue Unimplemented propertyId 30024
0128:fixme:uiautomation:msaa_fragment_get_FragmentRoot 0000000000C26F78, 0000000001D9FAB0: stub!
0128:fixme:oleacc:find_class_data unhandled window class: L"Static"
0128:fixme:uiautomation:uia_get_providers_for_hwnd Override provider callback currently unimplemented.
0128:fixme:uiautomation:msaa_provider_GetPropertyValue Unimplemented propertyId 30024
0128:fixme:uiautomation:msaa_fragment_get_FragmentRoot 0000000000C26FF8, 0000000001D9FAB0: stub!
0128:fixme:oleacc:find_class_data unhandled window class: L"msctls_progress32"
0128:fixme:uiautomation:uia_get_providers_for_hwnd Override provider callback currently unimplemented.
0128:fixme:uiautomation:msaa_provider_GetPropertyValue Unimplemented propertyId 30024
0128:fixme:uiautomation:msaa_fragment_get_FragmentRoot 0000000000C27078, 0000000001D9FAB0: stub!
0128:fixme:oleacc:find_class_data unhandled window class: L"Button"
0128:fixme:uiautomation:uia_get_providers_for_hwnd Override provider callback currently unimplemented.
0128:fixme:uiautomation:msaa_provider_GetPropertyValue Unimplemented propertyId 30024
0128:fixme:uiautomation:msaa_fragment_get_FragmentRoot 0000000000C270F8, 0000000001D9FAB0: stub!
0128:fixme:oleacc:find_class_data unhandled window class: L"Static"
0128:fixme:uiautomation:uia_get_providers_for_hwnd Override provider callback currently unimplemented.
0128:fixme:uiautomation:msaa_provider_GetPropertyValue Unimplemented propertyId 30024
0128:fixme:uiautomation:msaa_fragment_get_FragmentRoot 0000000000C27178, 0000000001D9FAB0: stub!
0128:fixme:oleacc:find_class_data unhandled window class: L"Button"
0128:fixme:uiautomation:uia_get_providers_for_hwnd Override provider callback currently unimplemented.
0128:fixme:uiautomation:msaa_provider_GetPropertyValue Unimplemented propertyId 30024
0128:fixme:uiautomation:msaa_fragment_get_FragmentRoot 0000000000C271F8, 0000000001D9FAB0: stub!
0128:fixme:oleacc:find_class_data unhandled window class: L"Button"
0128:fixme:uiautomation:uia_get_providers_for_hwnd Override provider callback currently unimplemented.
0128:fixme:uiautomation:msaa_provider_GetPropertyValue Unimplemented propertyId 30024
0128:fixme:uiautomation:msaa_fragment_get_FragmentRoot 0000000000C27278, 0000000001D9FAB0: stub!
0128:fixme:oleacc:find_class_data unhandled window class: L"Button"
0128:fixme:uiautomation:uia_get_providers_for_hwnd Override provider callback currently unimplemented.
0128:fixme:uiautomation:msaa_provider_GetPropertyValue Unimplemented propertyId 30024
0128:fixme:uiautomation:msaa_fragment_get_FragmentRoot 0000000000C272F8, 0000000001D9FAB0: stub!
0128:fixme:oleacc:find_class_data unhandled window class: L"Static"
0128:fixme:uiautomation:uia_get_providers_for_hwnd Override provider callback currently unimplemented.
0128:fixme:uiautomation:msaa_provider_GetPropertyValue Unimplemented propertyId 30024
0128:fixme:uiautomation:msaa_fragment_get_FragmentRoot 0000000000C27378, 0000000001D9FAB0: stub!
0128:fixme:oleacc:find_class_data unhandled window class: L"Static"
0128:fixme:uiautomation:uia_get_providers_for_hwnd Override provider callback currently unimplemented.
0128:fixme:uiautomation:msaa_provider_GetPropertyValue Unimplemented propertyId 30024
0128:fixme:uiautomation:msaa_fragment_get_FragmentRoot 0000000000C273F8, 0000000001D9FAB0: stub!
0128:fixme:oleacc:find_class_data unhandled window class: L"Static"
0128:fixme:uiautomation:uia_get_providers_for_hwnd Override provider callback currently unimplemented.
0128:fixme:uiautomation:msaa_provider_GetPropertyValue Unimplemented propertyId 30024
0128:fixme:uiautomation:msaa_fragment_get_FragmentRoot 0000000000C27478, 0000000001D9FAB0: stub!
0128:fixme:oleacc:find_class_data unhandled window class: L"Static"
0128:fixme:uiautomation:uia_get_providers_for_hwnd Override provider callback currently unimplemented.
0128:fixme:uiautomation:msaa_provider_GetPropertyValue Unimplemented propertyId 30024
0128:fixme:uiautomation:msaa_fragment_get_FragmentRoot 0000000000C274F8, 0000000001D9FAB0: stub!
0128:fixme:oleacc:find_class_data unhandled window class: L"Button"
0128:fixme:uiautomation:uia_get_providers_for_hwnd Override provider callback currently unimplemented.
0128:fixme:uiautomation:msaa_provider_GetPropertyValue Unimplemented propertyId 30024
0128:fixme:uiautomation:msaa_fragment_get_FragmentRoot 0000000000C27578, 0000000001D9FAB0: stub!
0128:fixme:oleacc:find_class_data unhandled window class: L"Static"
0128:fixme:uiautomation:uia_get_providers_for_hwnd Override provider callback currently unimplemented.
0128:fixme:uiautomation:msaa_provider_GetPropertyValue Unimplemented propertyId 30024
0128:fixme:uiautomation:msaa_fragment_get_FragmentRoot 0000000000C275F8, 0000000001D9FAB0: stub!
0128:fixme:oleacc:find_class_data unhandled window class: L"Button"
0128:fixme:uiautomation:uia_get_providers_for_hwnd Override provider callback currently unimplemented.
0128:fixme:uiautomation:msaa_provider_GetPropertyValue Unimplemented propertyId 30024
0128:fixme:uiautomation:msaa_fragment_get_FragmentRoot 0000000000C27678, 0000000001D9FAB0: stub!
0128:fixme:oleacc:find_class_data unhandled window class: L"Button"
0128:fixme:uiautomation:uia_get_providers_for_hwnd Override provider callback currently unimplemented.
0128:fixme:uiautomation:msaa_provider_GetPropertyValue Unimplemented propertyId 30024
0128:fixme:uiautomation:msaa_fragment_get_FragmentRoot 0000000000C276F8, 0000000001D9FAB0: stub!
0128:fixme:oleacc:find_class_data unhandled window class: L"Static"
0128:fixme:uiautomation:uia_get_providers_for_hwnd Override provider callback currently unimplemented.
0128:fixme:uiautomation:msaa_provider_GetPropertyValue Unimplemented propertyId 30024
0128:fixme:uiautomation:msaa_fragment_get_FragmentRoot 0000000000C27778, 0000000001D9FAB0: stub!
0128:fixme:oleacc:find_class_data unhandled window class: L"Static"
0128:fixme:uiautomation:uia_get_providers_for_hwnd Override provider callback currently unimplemented.
0128:fixme:uiautomation:msaa_provider_GetPropertyValue Unimplemented propertyId 30024
0128:fixme:uiautomation:msaa_fragment_get_FragmentRoot 0000000000C277F8, 0000000001D9FAB0: stub!
0128:fixme:oleacc:find_class_data unhandled window class: L"Static"
0128:fixme:uiautomation:uia_get_providers_for_hwnd Override provider callback currently unimplemented.
0128:fixme:uiautomation:msaa_provider_GetPropertyValue Unimplemented propertyId 30024
0128:fixme:uiautomation:msaa_fragment_get_FragmentRoot 0000000000C27878, 0000000001D9FAB0: stub!
0128:fixme:oleacc:find_class_data unhandled window class: L"Static"
0128:fixme:uiautomation:uia_get_providers_for_hwnd Override provider callback currently unimplemented.
0128:fixme:uiautomation:msaa_provider_GetPropertyValue Unimplemented propertyId 30024
0128:fixme:uiautomation:msaa_fragment_get_FragmentRoot 0000000000C278F8, 0000000001D9FAB0: stub!
0128:fixme:uiautomation:uia_get_providers_for_hwnd Override provider callback currently unimplemented.
0128:fixme:uiautomation:msaa_provider_GetPropertyValue Unimplemented propertyId 30024
0128:fixme:uiautomation:msaa_fragment_get_FragmentRoot 0000000000C27978, 0000000001D9FAB0: stub!
0128:fixme:uiautomation:uia_get_providers_for_hwnd Override provider callback currently unimplemented.
0128:fixme:uiautomation:msaa_provider_GetPropertyValue Unimplemented propertyId 30024
0128:fixme:uiautomation:msaa_fragment_get_FragmentRoot 0000000000C27B18, 0000000001D9FAB0: stub!
0128:fixme:oleacc:find_class_data unhandled window class: L"Static"
0128:fixme:uiautomation:uia_get_providers_for_hwnd Override provider callback currently unimplemented.
0128:fixme:uiautomation:msaa_provider_GetPropertyValue Unimplemented propertyId 30024
0128:fixme:uiautomation:msaa_fragment_get_FragmentRoot 0000000000C27B98, 0000000001D9FAB0: stub!
0128:fixme:oleacc:find_class_data unhandled window class: L"Button"
0128:fixme:uiautomation:uia_get_providers_for_hwnd Override provider callback currently unimplemented.
0128:fixme:uiautomation:msaa_provider_GetPropertyValue Unimplemented propertyId 30024
0128:fixme:uiautomation:msaa_fragment_get_FragmentRoot 0000000000C27C18, 0000000001D9FAB0: stub!
0128:fixme:oleacc:find_class_data unhandled window class: L"Button"
0128:fixme:uiautomation:uia_get_providers_for_hwnd Override provider callback currently unimplemented.
0128:fixme:uiautomation:msaa_provider_GetPropertyValue Unimplemented propertyId 30024
0128:fixme:uiautomation:msaa_fragment_get_FragmentRoot 0000000000C27C98, 0000000001D9FAB0: stub!
0128:fixme:oleacc:find_class_data unhandled window class: L"Static"
0128:fixme:uiautomation:uia_get_providers_for_hwnd Override provider callback currently unimplemented.
0128:fixme:uiautomation:msaa_provider_GetPropertyValue Unimplemented propertyId 30024
0128:fixme:uiautomation:msaa_fragment_get_FragmentRoot 0000000000C27D18, 0000000001D9FAB0: stub!
0128:fixme:oleacc:find_class_data unhandled window class: L"Static"
0128:fixme:uiautomation:uia_get_providers_for_hwnd Override provider callback currently unimplemented.
0128:fixme:uiautomation:msaa_provider_GetPropertyValue Unimplemented propertyId 30024
0128:fixme:uiautomation:msaa_fragment_get_FragmentRoot 0000000000C27D98, 0000000001D9FAB0: stub!
0128:fixme:uiautomation:uia_get_providers_for_hwnd Override provider callback currently unimplemented.
0128:fixme:uiautomation:msaa_provider_GetPropertyValue Unimplemented propertyId 30024
0128:fixme:uiautomation:msaa_fragment_get_FragmentRoot 0000000000C27E18, 0000000001D9FAB0: stub!
04b4:fixme:imm:ImeSetActiveContext himc 00140126, flag 0x1 stub!
0128:fixme:uiautomation:uia_get_providers_for_hwnd Override provider callback currently unimplemented.
0128:fixme:uiautomation:msaa_provider_GetPropertyValue Unimplemented propertyId 30024
03f4:fixme:ole:CoInitializeSecurity 0067F5E8, -1, 00000000, 00000000, 6, 2, 00000000, 12288, 00000000 stub
0128:fixme:uiautomation:msaa_fragment_get_FragmentRoot 0000000000C27E98, 0000000001D9FAB0: stub!
03f4:fixme:wuapi:automatic_updates_Pause 
03f4:fixme:sfc:SRSetRestorePointW 0067F4B0 0067F6C0
0128:fixme:uiautomation:uia_get_providers_for_hwnd Override provider callback currently unimplemented.
0128:fixme:uiautomation:msaa_provider_GetPropertyValue Unimplemented propertyId 30024
0128:fixme:uiautomation:uia_element_GetCurrentPropertyValueEx Default property values currently unimplemented
0128:fixme:uiautomation:uia_element_GetCurrentPropertyValueEx Default property values currently unimplemented
0128:fixme:uiautomation:msaa_provider_GetPatternProvider Unimplemented patternId 10002
0128:fixme:uiautomation:nc_provider_GetPatternProvider 0000000000B9CCD0, 10002, 0000000001D9ECC0: stub
0128:fixme:uiautomation:base_hwnd_provider_GetPatternProvider 0000000000B9CC40, 10002, 0000000001D9ECC0: stub
0128:fixme:uiautomation:uia_get_providers_for_hwnd Override provider callback currently unimplemented.
0128:fixme:uiautomation:msaa_provider_GetPropertyValue Unimplemented propertyId 30024
0128:fixme:uiautomation:msaa_fragment_get_FragmentRoot 0000000000C27F18, 0000000001D9FAB0: stub!
04bc:fixme:advapi:DecryptFileW (L"C:\\ProgramData\\Package Cache\\{D5D19E2F-7189-42FE-8103-92CD1FA457C2}v14.36.32532\\packages\\vcRuntimeMinimum_amd64\\vc_runtimeMinimum_x64.msi", 00000000): stub
04bc:fixme:advapi:DecryptFileW (L"C:\\ProgramData\\Package Cache\\{D5D19E2F-7189-42FE-8103-92CD1FA457C2}v14.36.32532\\packages\\vcRuntimeMinimum_amd64\\cab1.cab", 00000000): stub
04bc:fixme:advapi:DecryptFileW (L"C:\\ProgramData\\Package Cache\\{0025DD72-A959-45B5-A0A3-7EFEB15A8050}v14.36.32532\\packages\\vcRuntimeAdditional_amd64\\vc_runtimeAdditional_x64.msi", 00000000): stub
04bc:fixme:advapi:DecryptFileW (L"C:\\ProgramData\\Package Cache\\{0025DD72-A959-45B5-A0A3-7EFEB15A8050}v14.36.32532\\packages\\vcRuntimeAdditional_amd64\\cab1.cab", 00000000): stub
03f4:fixme:file:NtLockFile I/O completion on lock not implemented yet
03f4:fixme:ntdll:NtQuerySystemInformation info_class SYSTEM_PERFORMANCE_INFORMATION
03f4:fixme:wuapi:automatic_updates_Resume 
03f4:fixme:ver:GetCurrentPackageId (0067FE94 00000000): stub
03b4:fixme:ver:GetCurrentPackageId (0067FE94 00000000): stub
03a8:fixme:ver:GetCurrentPackageId (0067FE94 00000000): stub
04d4:fixme:kernelbase:AppPolicyGetProcessTerminationMethod FFFFFFFFFFFFFFFA, 000000000011FE80
04ec:fixme:kernelbase:AppPolicyGetProcessTerminationMethod FFFFFFFFFFFFFFFA, 000000000011FE80
0500:fixme:service:QueryServiceObjectSecurity 00000000007FB940 4 000000000011ECE0 0 000000000011FE08 - semi-stub
0500:fixme:service:QueryServiceObjectSecurity 00000000007FB940 4 00000000007FCF60 28 000000000011FE08 - semi-stub
0500:fixme:service:SetServiceObjectSecurity 00000000007FB940 4 000000000011ED58
0500:fixme:kernelbase:AppPolicyGetProcessTerminationMethod FFFFFFFFFFFFFFFA, 000000000011FE80
0128:fixme:oleacc:find_class_data unhandled window class: L"Button"
0128:fixme:uiautomation:uia_get_providers_for_hwnd Override provider callback currently unimplemented.
0128:fixme:uiautomation:msaa_provider_GetPropertyValue Unimplemented propertyId 30024
0128:fixme:uiautomation:uia_element_GetCurrentPropertyValueEx Default property values currently unimplemented
0128:fixme:uiautomation:uia_element_GetCurrentPropertyValueEx Default property values currently unimplemented
0128:fixme:uiautomation:msaa_provider_GetPatternProvider Unimplemented patternId 10002
0128:fixme:uiautomation:nc_provider_GetPatternProvider 0000000000BB6220, 10002, 0000000001D9ECC0: stub
0128:fixme:uiautomation:base_hwnd_provider_GetPatternProvider 0000000000BB6190, 10002, 0000000001D9ECC0: stub
01b4:fixme:kernelbase:AppPolicyGetProcessTerminationMethod FFFFFFFFFFFFFFFA, 000000000011FE80
0128:fixme:uiautomation:uia_element_GetCurrentPropertyValueEx Default property values currently unimplemented
0128:fixme:uiautomation:uia_element_GetCurrentPropertyValueEx Default property values currently unimplemented
0128:fixme:uiautomation:base_hwnd_provider_GetPatternProvider 0000000000B9CC40, 10002, 0000000001D9ECC0: stub
0530:fixme:heap:RtlSetHeapInformation HEAP_INFORMATION_CLASS 1 not implemented!
0530:fixme:sfc:SRSetRestorePointA 0032FBC8 017F8504
0530:fixme:cryptasn:CryptDecodeObjectEx Unsupported decoder for lpszStructType 1.3.6.1.4.1.311.2.1.4
0530:fixme:cryptasn:CryptDecodeObjectEx Unsupported decoder for lpszStructType 1.3.6.1.4.1.311.2.1.4
0530:fixme:wintrust:SOFTPUB_VerifyImageHash Cannot verify hash for pszObjId="1.3.6.1.4.1.311.2.1.25"
0530:fixme:cryptasn:CryptDecodeObjectEx Unsupported decoder for lpszStructType 1.3.6.1.4.1.311.2.1.4
0530:fixme:cryptasn:CryptDecodeObjectEx Unsupported decoder for lpszStructType 1.3.6.1.4.1.311.2.1.4
0530:fixme:wintrust:SOFTPUB_VerifyImageHash Cannot verify hash for pszObjId="1.3.6.1.4.1.311.2.1.25"
0530:fixme:cryptasn:CryptDecodeObjectEx Unsupported decoder for lpszStructType 1.3.6.1.4.1.311.2.1.4
0530:fixme:cryptasn:CryptDecodeObjectEx Unsupported decoder for lpszStructType 1.3.6.1.4.1.311.2.1.4
0530:fixme:wintrust:SOFTPUB_VerifyImageHash Cannot verify hash for pszObjId="1.3.6.1.4.1.311.2.1.25"
0530:fixme:cryptasn:CryptDecodeObjectEx Unsupported decoder for lpszStructType 1.3.6.1.4.1.311.2.1.4
0530:fixme:cryptasn:CryptDecodeObjectEx Unsupported decoder for lpszStructType 1.3.6.1.4.1.311.2.1.4
0530:fixme:wintrust:SOFTPUB_VerifyImageHash Cannot verify hash for pszObjId="1.3.6.1.4.1.311.2.1.25"
0530:fixme:cryptasn:CryptDecodeObjectEx Unsupported decoder for lpszStructType 1.3.6.1.4.1.311.2.1.4
0530:fixme:cryptasn:CryptDecodeObjectEx Unsupported decoder for lpszStructType 1.3.6.1.4.1.311.2.1.4
0530:fixme:wintrust:SOFTPUB_VerifyImageHash Cannot verify hash for pszObjId="1.3.6.1.4.1.311.2.1.25"
0530:fixme:cryptasn:CryptDecodeObjectEx Unsupported decoder for lpszStructType 1.3.6.1.4.1.311.2.1.4
0530:fixme:cryptasn:CryptDecodeObjectEx Unsupported decoder for lpszStructType 1.3.6.1.4.1.311.2.1.4
0530:fixme:wintrust:SOFTPUB_VerifyImageHash Cannot verify hash for pszObjId="1.3.6.1.4.1.311.2.1.25"
0530:fixme:cryptasn:CryptDecodeObjectEx Unsupported decoder for lpszStructType 1.3.6.1.4.1.311.2.1.4
0530:fixme:cryptasn:CryptDecodeObjectEx Unsupported decoder for lpszStructType 1.3.6.1.4.1.311.2.1.4
0530:fixme:wintrust:SOFTPUB_VerifyImageHash Cannot verify hash for pszObjId="1.3.6.1.4.1.311.2.1.25"
0530:fixme:cryptasn:CryptDecodeObjectEx Unsupported decoder for lpszStructType 1.3.6.1.4.1.311.2.1.4
0530:fixme:cryptasn:CryptDecodeObjectEx Unsupported decoder for lpszStructType 1.3.6.1.4.1.311.2.1.4
0530:fixme:wintrust:SOFTPUB_VerifyImageHash Cannot verify hash for pszObjId="1.3.6.1.4.1.311.2.1.25"
0530:fixme:cryptasn:CryptDecodeObjectEx Unsupported decoder for lpszStructType 1.3.6.1.4.1.311.2.1.4
0530:fixme:cryptasn:CryptDecodeObjectEx Unsupported decoder for lpszStructType 1.3.6.1.4.1.311.2.1.4
0530:fixme:wintrust:SOFTPUB_VerifyImageHash Cannot verify hash for pszObjId="1.3.6.1.4.1.311.2.1.25"
0530:fixme:cryptasn:CryptDecodeObjectEx Unsupported decoder for lpszStructType 1.3.6.1.4.1.311.2.1.4
0530:fixme:cryptasn:CryptDecodeObjectEx Unsupported decoder for lpszStructType 1.3.6.1.4.1.311.2.1.4
0530:fixme:wintrust:SOFTPUB_VerifyImageHash Cannot verify hash for pszObjId="1.3.6.1.4.1.311.2.1.25"
0530:fixme:cryptasn:CryptDecodeObjectEx Unsupported decoder for lpszStructType 1.3.6.1.4.1.311.2.1.4
0530:fixme:cryptasn:CryptDecodeObjectEx Unsupported decoder for lpszStructType 1.3.6.1.4.1.311.2.1.4
0530:fixme:wintrust:SOFTPUB_VerifyImageHash Cannot verify hash for pszObjId="1.3.6.1.4.1.311.2.1.25"
0530:fixme:cryptasn:CryptDecodeObjectEx Unsupported decoder for lpszStructType 1.3.6.1.4.1.311.2.1.4
0530:fixme:cryptasn:CryptDecodeObjectEx Unsupported decoder for lpszStructType 1.3.6.1.4.1.311.2.1.4
0530:fixme:wintrust:SOFTPUB_VerifyImageHash Cannot verify hash for pszObjId="1.3.6.1.4.1.311.2.1.25"
0530:fixme:cryptasn:CryptDecodeObjectEx Unsupported decoder for lpszStructType 1.3.6.1.4.1.311.2.1.4
0530:fixme:cryptasn:CryptDecodeObjectEx Unsupported decoder for lpszStructType 1.3.6.1.4.1.311.2.1.4
0530:fixme:wintrust:SOFTPUB_VerifyImageHash Cannot verify hash for pszObjId="1.3.6.1.4.1.311.2.1.25"
0530:fixme:cryptasn:CryptDecodeObjectEx Unsupported decoder for lpszStructType 1.3.6.1.4.1.311.2.1.4
0530:fixme:cryptasn:CryptDecodeObjectEx Unsupported decoder for lpszStructType 1.3.6.1.4.1.311.2.1.4
0530:fixme:wintrust:SOFTPUB_VerifyImageHash Cannot verify hash for pszObjId="1.3.6.1.4.1.311.2.1.25"
0530:fixme:cryptasn:CryptDecodeObjectEx Unsupported decoder for lpszStructType 1.3.6.1.4.1.311.2.1.4
0530:fixme:cryptasn:CryptDecodeObjectEx Unsupported decoder for lpszStructType 1.3.6.1.4.1.311.2.1.4
0530:fixme:wintrust:SOFTPUB_VerifyImageHash Cannot verify hash for pszObjId="1.3.6.1.4.1.311.2.1.25"
0530:fixme:cryptasn:CryptDecodeObjectEx Unsupported decoder for lpszStructType 1.3.6.1.4.1.311.2.1.4
0530:fixme:cryptasn:CryptDecodeObjectEx Unsupported decoder for lpszStructType 1.3.6.1.4.1.311.2.1.4
0530:fixme:wintrust:SOFTPUB_VerifyImageHash Cannot verify hash for pszObjId="1.3.6.1.4.1.311.2.1.25"
0530:fixme:cryptasn:CryptDecodeObjectEx Unsupported decoder for lpszStructType 1.3.6.1.4.1.311.2.1.4
0530:fixme:cryptasn:CryptDecodeObjectEx Unsupported decoder for lpszStructType 1.3.6.1.4.1.311.2.1.4
0530:fixme:wintrust:SOFTPUB_VerifyImageHash Cannot verify hash for pszObjId="1.3.6.1.4.1.311.2.1.25"
0530:fixme:cryptasn:CryptDecodeObjectEx Unsupported decoder for lpszStructType 1.3.6.1.4.1.311.2.1.4
0530:fixme:cryptasn:CryptDecodeObjectEx Unsupported decoder for lpszStructType 1.3.6.1.4.1.311.2.1.4
0530:fixme:wintrust:SOFTPUB_VerifyImageHash Cannot verify hash for pszObjId="1.3.6.1.4.1.311.2.1.25"
0530:fixme:cryptasn:CryptDecodeObjectEx Unsupported decoder for lpszStructType 1.3.6.1.4.1.311.2.1.4
0530:fixme:cryptasn:CryptDecodeObjectEx Unsupported decoder for lpszStructType 1.3.6.1.4.1.311.2.1.4
0530:fixme:wintrust:SOFTPUB_VerifyImageHash Cannot verify hash for pszObjId="1.3.6.1.4.1.311.2.1.25"
0530:fixme:cryptasn:CryptDecodeObjectEx Unsupported decoder for lpszStructType 1.3.6.1.4.1.311.2.1.4
0530:fixme:cryptasn:CryptDecodeObjectEx Unsupported decoder for lpszStructType 1.3.6.1.4.1.311.2.1.4
0530:fixme:wintrust:SOFTPUB_VerifyImageHash Cannot verify hash for pszObjId="1.3.6.1.4.1.311.2.1.25"
0530:fixme:cryptasn:CryptDecodeObjectEx Unsupported decoder for lpszStructType 1.3.6.1.4.1.311.2.1.4
0530:fixme:cryptasn:CryptDecodeObjectEx Unsupported decoder for lpszStructType 1.3.6.1.4.1.311.2.1.4
0530:fixme:wintrust:SOFTPUB_VerifyImageHash Cannot verify hash for pszObjId="1.3.6.1.4.1.311.2.1.25"
0530:fixme:cryptasn:CryptDecodeObjectEx Unsupported decoder for lpszStructType 1.3.6.1.4.1.311.2.1.4
0530:fixme:cryptasn:CryptDecodeObjectEx Unsupported decoder for lpszStructType 1.3.6.1.4.1.311.2.1.4
0530:fixme:wintrust:SOFTPUB_VerifyImageHash Cannot verify hash for pszObjId="1.3.6.1.4.1.311.2.1.25"
0530:fixme:cryptasn:CryptDecodeObjectEx Unsupported decoder for lpszStructType 1.3.6.1.4.1.311.2.1.4
0530:fixme:cryptasn:CryptDecodeObjectEx Unsupported decoder for lpszStructType 1.3.6.1.4.1.311.2.1.4
0530:fixme:wintrust:SOFTPUB_VerifyImageHash Cannot verify hash for pszObjId="1.3.6.1.4.1.311.2.1.25"
0530:fixme:cryptasn:CryptDecodeObjectEx Unsupported decoder for lpszStructType 1.3.6.1.4.1.311.2.1.4
0530:fixme:cryptasn:CryptDecodeObjectEx Unsupported decoder for lpszStructType 1.3.6.1.4.1.311.2.1.4
0530:fixme:wintrust:SOFTPUB_VerifyImageHash Cannot verify hash for pszObjId="1.3.6.1.4.1.311.2.1.25"
0530:fixme:cryptasn:CryptDecodeObjectEx Unsupported decoder for lpszStructType 1.3.6.1.4.1.311.2.1.4
0530:fixme:cryptasn:CryptDecodeObjectEx Unsupported decoder for lpszStructType 1.3.6.1.4.1.311.2.1.4
0530:fixme:wintrust:SOFTPUB_VerifyImageHash Cannot verify hash for pszObjId="1.3.6.1.4.1.311.2.1.25"
0530:fixme:cryptasn:CryptDecodeObjectEx Unsupported decoder for lpszStructType 1.3.6.1.4.1.311.2.1.4
0530:fixme:cryptasn:CryptDecodeObjectEx Unsupported decoder for lpszStructType 1.3.6.1.4.1.311.2.1.4
0530:fixme:wintrust:SOFTPUB_VerifyImageHash Cannot verify hash for pszObjId="1.3.6.1.4.1.311.2.1.25"
0530:fixme:cryptasn:CryptDecodeObjectEx Unsupported decoder for lpszStructType 1.3.6.1.4.1.311.2.1.4
0530:fixme:cryptasn:CryptDecodeObjectEx Unsupported decoder for lpszStructType 1.3.6.1.4.1.311.2.1.4
0530:fixme:wintrust:SOFTPUB_VerifyImageHash Cannot verify hash for pszObjId="1.3.6.1.4.1.311.2.1.25"
0530:fixme:cryptasn:CryptDecodeObjectEx Unsupported decoder for lpszStructType 1.3.6.1.4.1.311.2.1.4
0530:fixme:cryptasn:CryptDecodeObjectEx Unsupported decoder for lpszStructType 1.3.6.1.4.1.311.2.1.4
0530:fixme:wintrust:SOFTPUB_VerifyImageHash Cannot verify hash for pszObjId="1.3.6.1.4.1.311.2.1.25"
0530:fixme:cryptasn:CryptDecodeObjectEx Unsupported decoder for lpszStructType 1.3.6.1.4.1.311.2.1.4
0530:fixme:cryptasn:CryptDecodeObjectEx Unsupported decoder for lpszStructType 1.3.6.1.4.1.311.2.1.4
0530:fixme:wintrust:SOFTPUB_VerifyImageHash Cannot verify hash for pszObjId="1.3.6.1.4.1.311.2.1.25"
0530:fixme:cryptasn:CryptDecodeObjectEx Unsupported decoder for lpszStructType 1.3.6.1.4.1.311.2.1.4
0530:fixme:cryptasn:CryptDecodeObjectEx Unsupported decoder for lpszStructType 1.3.6.1.4.1.311.2.1.4
0530:fixme:wintrust:SOFTPUB_VerifyImageHash Cannot verify hash for pszObjId="1.3.6.1.4.1.311.2.1.25"
0530:fixme:cryptasn:CryptDecodeObjectEx Unsupported decoder for lpszStructType 1.3.6.1.4.1.311.2.1.4
0530:fixme:cryptasn:CryptDecodeObjectEx Unsupported decoder for lpszStructType 1.3.6.1.4.1.311.2.1.4
0530:fixme:wintrust:SOFTPUB_VerifyImageHash Cannot verify hash for pszObjId="1.3.6.1.4.1.311.2.1.25"
0530:fixme:cryptasn:CryptDecodeObjectEx Unsupported decoder for lpszStructType 1.3.6.1.4.1.311.2.1.4
0530:fixme:cryptasn:CryptDecodeObjectEx Unsupported decoder for lpszStructType 1.3.6.1.4.1.311.2.1.4
0530:fixme:wintrust:SOFTPUB_VerifyImageHash Cannot verify hash for pszObjId="1.3.6.1.4.1.311.2.1.25"
0530:fixme:cryptasn:CryptDecodeObjectEx Unsupported decoder for lpszStructType 1.3.6.1.4.1.311.2.1.4
0530:fixme:cryptasn:CryptDecodeObjectEx Unsupported decoder for lpszStructType 1.3.6.1.4.1.311.2.1.4
0530:fixme:wintrust:SOFTPUB_VerifyImageHash Cannot verify hash for pszObjId="1.3.6.1.4.1.311.2.1.25"
0530:fixme:cryptasn:CryptDecodeObjectEx Unsupported decoder for lpszStructType 1.3.6.1.4.1.311.2.1.4
0530:fixme:cryptasn:CryptDecodeObjectEx Unsupported decoder for lpszStructType 1.3.6.1.4.1.311.2.1.4
0530:fixme:wintrust:SOFTPUB_VerifyImageHash Cannot verify hash for pszObjId="1.3.6.1.4.1.311.2.1.25"
0530:fixme:cryptasn:CryptDecodeObjectEx Unsupported decoder for lpszStructType 1.3.6.1.4.1.311.2.1.4
0530:fixme:cryptasn:CryptDecodeObjectEx Unsupported decoder for lpszStructType 1.3.6.1.4.1.311.2.1.4
0530:fixme:wintrust:SOFTPUB_VerifyImageHash Cannot verify hash for pszObjId="1.3.6.1.4.1.311.2.1.25"
0530:fixme:cryptasn:CryptDecodeObjectEx Unsupported decoder for lpszStructType 1.3.6.1.4.1.311.2.1.4
0530:fixme:cryptasn:CryptDecodeObjectEx Unsupported decoder for lpszStructType 1.3.6.1.4.1.311.2.1.4
0530:fixme:wintrust:SOFTPUB_VerifyImageHash Cannot verify hash for pszObjId="1.3.6.1.4.1.311.2.1.25"
0530:fixme:cryptasn:CryptDecodeObjectEx Unsupported decoder for lpszStructType 1.3.6.1.4.1.311.2.1.4
0530:fixme:cryptasn:CryptDecodeObjectEx Unsupported decoder for lpszStructType 1.3.6.1.4.1.311.2.1.4
0530:fixme:wintrust:SOFTPUB_VerifyImageHash Cannot verify hash for pszObjId="1.3.6.1.4.1.311.2.1.25"
0530:fixme:cryptasn:CryptDecodeObjectEx Unsupported decoder for lpszStructType 1.3.6.1.4.1.311.2.1.4
0530:fixme:cryptasn:CryptDecodeObjectEx Unsupported decoder for lpszStructType 1.3.6.1.4.1.311.2.1.4
0530:fixme:wintrust:SOFTPUB_VerifyImageHash Cannot verify hash for pszObjId="1.3.6.1.4.1.311.2.1.25"
0530:fixme:cryptasn:CryptDecodeObjectEx Unsupported decoder for lpszStructType 1.3.6.1.4.1.311.2.1.4
0530:fixme:cryptasn:CryptDecodeObjectEx Unsupported decoder for lpszStructType 1.3.6.1.4.1.311.2.1.4
0530:fixme:wintrust:SOFTPUB_VerifyImageHash Cannot verify hash for pszObjId="1.3.6.1.4.1.311.2.1.25"
0530:fixme:cryptasn:CryptDecodeObjectEx Unsupported decoder for lpszStructType 1.3.6.1.4.1.311.2.1.4
0530:fixme:cryptasn:CryptDecodeObjectEx Unsupported decoder for lpszStructType 1.3.6.1.4.1.311.2.1.4
0530:fixme:wintrust:SOFTPUB_VerifyImageHash Cannot verify hash for pszObjId="1.3.6.1.4.1.311.2.1.25"
0530:fixme:cryptasn:CryptDecodeObjectEx Unsupported decoder for lpszStructType 1.3.6.1.4.1.311.2.1.4
0530:fixme:cryptasn:CryptDecodeObjectEx Unsupported decoder for lpszStructType 1.3.6.1.4.1.311.2.1.4
0530:fixme:wintrust:SOFTPUB_VerifyImageHash Cannot verify hash for pszObjId="1.3.6.1.4.1.311.2.1.25"
0530:fixme:cryptasn:CryptDecodeObjectEx Unsupported decoder for lpszStructType 1.3.6.1.4.1.311.2.1.4
0530:fixme:cryptasn:CryptDecodeObjectEx Unsupported decoder for lpszStructType 1.3.6.1.4.1.311.2.1.4
0530:fixme:wintrust:SOFTPUB_VerifyImageHash Cannot verify hash for pszObjId="1.3.6.1.4.1.311.2.1.25"
0530:fixme:cryptasn:CryptDecodeObjectEx Unsupported decoder for lpszStructType 1.3.6.1.4.1.311.2.1.4
0530:fixme:cryptasn:CryptDecodeObjectEx Unsupported decoder for lpszStructType 1.3.6.1.4.1.311.2.1.4
0530:fixme:wintrust:SOFTPUB_VerifyImageHash Cannot verify hash for pszObjId="1.3.6.1.4.1.311.2.1.25"
0530:fixme:cryptasn:CryptDecodeObjectEx Unsupported decoder for lpszStructType 1.3.6.1.4.1.311.2.1.4
0530:fixme:cryptasn:CryptDecodeObjectEx Unsupported decoder for lpszStructType 1.3.6.1.4.1.311.2.1.4
0530:fixme:wintrust:SOFTPUB_VerifyImageHash Cannot verify hash for pszObjId="1.3.6.1.4.1.311.2.1.25"
0530:fixme:cryptasn:CryptDecodeObjectEx Unsupported decoder for lpszStructType 1.3.6.1.4.1.311.2.1.4
0530:fixme:cryptasn:CryptDecodeObjectEx Unsupported decoder for lpszStructType 1.3.6.1.4.1.311.2.1.4
0530:fixme:wintrust:SOFTPUB_VerifyImageHash Cannot verify hash for pszObjId="1.3.6.1.4.1.311.2.1.25"
0530:fixme:cryptasn:CryptDecodeObjectEx Unsupported decoder for lpszStructType 1.3.6.1.4.1.311.2.1.4
0530:fixme:cryptasn:CryptDecodeObjectEx Unsupported decoder for lpszStructType 1.3.6.1.4.1.311.2.1.4
0530:fixme:wintrust:SOFTPUB_VerifyImageHash Cannot verify hash for pszObjId="1.3.6.1.4.1.311.2.1.25"
0530:fixme:cryptasn:CryptDecodeObjectEx Unsupported decoder for lpszStructType 1.3.6.1.4.1.311.2.1.4
0530:fixme:cryptasn:CryptDecodeObjectEx Unsupported decoder for lpszStructType 1.3.6.1.4.1.311.2.1.4
0530:fixme:wintrust:SOFTPUB_VerifyImageHash Cannot verify hash for pszObjId="1.3.6.1.4.1.311.2.1.25"
0530:fixme:cryptasn:CryptDecodeObjectEx Unsupported decoder for lpszStructType 1.3.6.1.4.1.311.2.1.4
0530:fixme:cryptasn:CryptDecodeObjectEx Unsupported decoder for lpszStructType 1.3.6.1.4.1.311.2.1.4
0530:fixme:wintrust:SOFTPUB_VerifyImageHash Cannot verify hash for pszObjId="1.3.6.1.4.1.311.2.1.25"
0530:fixme:cryptasn:CryptDecodeObjectEx Unsupported decoder for lpszStructType 1.3.6.1.4.1.311.2.1.4
0530:fixme:cryptasn:CryptDecodeObjectEx Unsupported decoder for lpszStructType 1.3.6.1.4.1.311.2.1.4
0530:fixme:wintrust:SOFTPUB_VerifyImageHash Cannot verify hash for pszObjId="1.3.6.1.4.1.311.2.1.25"
0530:fixme:cryptasn:CryptDecodeObjectEx Unsupported decoder for lpszStructType 1.3.6.1.4.1.311.2.1.4
0530:fixme:cryptasn:CryptDecodeObjectEx Unsupported decoder for lpszStructType 1.3.6.1.4.1.311.2.1.4
0530:fixme:wintrust:SOFTPUB_VerifyImageHash Cannot verify hash for pszObjId="1.3.6.1.4.1.311.2.1.25"
0530:fixme:cryptasn:CryptDecodeObjectEx Unsupported decoder for lpszStructType 1.3.6.1.4.1.311.2.1.4
0530:fixme:cryptasn:CryptDecodeObjectEx Unsupported decoder for lpszStructType 1.3.6.1.4.1.311.2.1.4
0530:fixme:wintrust:SOFTPUB_VerifyImageHash Cannot verify hash for pszObjId="1.3.6.1.4.1.311.2.1.25"
0530:fixme:cryptasn:CryptDecodeObjectEx Unsupported decoder for lpszStructType 1.3.6.1.4.1.311.2.1.4
0530:fixme:cryptasn:CryptDecodeObjectEx Unsupported decoder for lpszStructType 1.3.6.1.4.1.311.2.1.4
0530:fixme:wintrust:SOFTPUB_VerifyImageHash Cannot verify hash for pszObjId="1.3.6.1.4.1.311.2.1.25"
0530:fixme:cryptasn:CryptDecodeObjectEx Unsupported decoder for lpszStructType 1.3.6.1.4.1.311.2.1.4
0530:fixme:cryptasn:CryptDecodeObjectEx Unsupported decoder for lpszStructType 1.3.6.1.4.1.311.2.1.4
0530:fixme:wintrust:SOFTPUB_VerifyImageHash Cannot verify hash for pszObjId="1.3.6.1.4.1.311.2.1.25"
0530:fixme:cryptasn:CryptDecodeObjectEx Unsupported decoder for lpszStructType 1.3.6.1.4.1.311.2.1.4
0530:fixme:cryptasn:CryptDecodeObjectEx Unsupported decoder for lpszStructType 1.3.6.1.4.1.311.2.1.4
0530:fixme:wintrust:SOFTPUB_VerifyImageHash Cannot verify hash for pszObjId="1.3.6.1.4.1.311.2.1.25"
0530:fixme:cryptasn:CryptDecodeObjectEx Unsupported decoder for lpszStructType 1.3.6.1.4.1.311.2.1.4
0530:fixme:cryptasn:CryptDecodeObjectEx Unsupported decoder for lpszStructType 1.3.6.1.4.1.311.2.1.4
0530:fixme:wintrust:SOFTPUB_VerifyImageHash Cannot verify hash for pszObjId="1.3.6.1.4.1.311.2.1.25"
0530:fixme:cryptasn:CryptDecodeObjectEx Unsupported decoder for lpszStructType 1.3.6.1.4.1.311.2.1.4
0530:fixme:cryptasn:CryptDecodeObjectEx Unsupported decoder for lpszStructType 1.3.6.1.4.1.311.2.1.4
0530:fixme:wintrust:SOFTPUB_VerifyImageHash Cannot verify hash for pszObjId="1.3.6.1.4.1.311.2.1.25"
0530:fixme:cryptasn:CryptDecodeObjectEx Unsupported decoder for lpszStructType 1.3.6.1.4.1.311.2.1.4
0530:fixme:cryptasn:CryptDecodeObjectEx Unsupported decoder for lpszStructType 1.3.6.1.4.1.311.2.1.4
0530:fixme:wintrust:SOFTPUB_VerifyImageHash Cannot verify hash for pszObjId="1.3.6.1.4.1.311.2.1.25"
0530:fixme:cryptasn:CryptDecodeObjectEx Unsupported decoder for lpszStructType 1.3.6.1.4.1.311.2.1.4
0530:fixme:cryptasn:CryptDecodeObjectEx Unsupported decoder for lpszStructType 1.3.6.1.4.1.311.2.1.4
0530:fixme:wintrust:SOFTPUB_VerifyImageHash Cannot verify hash for pszObjId="1.3.6.1.4.1.311.2.1.25"
0530:fixme:cryptasn:CryptDecodeObjectEx Unsupported decoder for lpszStructType 1.3.6.1.4.1.311.2.1.4
0530:fixme:cryptasn:CryptDecodeObjectEx Unsupported decoder for lpszStructType 1.3.6.1.4.1.311.2.1.4
0530:fixme:wintrust:SOFTPUB_VerifyImageHash Cannot verify hash for pszObjId="1.3.6.1.4.1.311.2.1.25"
0530:fixme:cryptasn:CryptDecodeObjectEx Unsupported decoder for lpszStructType 1.3.6.1.4.1.311.2.1.4
0530:fixme:cryptasn:CryptDecodeObjectEx Unsupported decoder for lpszStructType 1.3.6.1.4.1.311.2.1.4
0530:fixme:wintrust:SOFTPUB_VerifyImageHash Cannot verify hash for pszObjId="1.3.6.1.4.1.311.2.1.25"
0530:fixme:cryptasn:CryptDecodeObjectEx Unsupported decoder for lpszStructType 1.3.6.1.4.1.311.2.1.4
0530:fixme:cryptasn:CryptDecodeObjectEx Unsupported decoder for lpszStructType 1.3.6.1.4.1.311.2.1.4
0530:fixme:wintrust:SOFTPUB_VerifyImageHash Cannot verify hash for pszObjId="1.3.6.1.4.1.311.2.1.25"
0530:fixme:cryptasn:CryptDecodeObjectEx Unsupported decoder for lpszStructType 1.3.6.1.4.1.311.2.1.4
0530:fixme:cryptasn:CryptDecodeObjectEx Unsupported decoder for lpszStructType 1.3.6.1.4.1.311.2.1.4
0530:fixme:wintrust:SOFTPUB_VerifyImageHash Cannot verify hash for pszObjId="1.3.6.1.4.1.311.2.1.25"
0530:fixme:cryptasn:CryptDecodeObjectEx Unsupported decoder for lpszStructType 1.3.6.1.4.1.311.2.1.4
0530:fixme:cryptasn:CryptDecodeObjectEx Unsupported decoder for lpszStructType 1.3.6.1.4.1.311.2.1.4
0530:fixme:wintrust:SOFTPUB_VerifyImageHash Cannot verify hash for pszObjId="1.3.6.1.4.1.311.2.1.25"
0530:fixme:cryptasn:CryptDecodeObjectEx Unsupported decoder for lpszStructType 1.3.6.1.4.1.311.2.1.4
0530:fixme:cryptasn:CryptDecodeObjectEx Unsupported decoder for lpszStructType 1.3.6.1.4.1.311.2.1.4
0530:fixme:wintrust:SOFTPUB_VerifyImageHash Cannot verify hash for pszObjId="1.3.6.1.4.1.311.2.1.25"
0530:fixme:cryptasn:CryptDecodeObjectEx Unsupported decoder for lpszStructType 1.3.6.1.4.1.311.2.1.4
0530:fixme:cryptasn:CryptDecodeObjectEx Unsupported decoder for lpszStructType 1.3.6.1.4.1.311.2.1.4
0530:fixme:wintrust:SOFTPUB_VerifyImageHash Cannot verify hash for pszObjId="1.3.6.1.4.1.311.2.1.25"
0530:fixme:cryptasn:CryptDecodeObjectEx Unsupported decoder for lpszStructType 1.3.6.1.4.1.311.2.1.4
0530:fixme:cryptasn:CryptDecodeObjectEx Unsupported decoder for lpszStructType 1.3.6.1.4.1.311.2.1.4
0530:fixme:wintrust:SOFTPUB_VerifyImageHash Cannot verify hash for pszObjId="1.3.6.1.4.1.311.2.1.25"
0530:fixme:cryptasn:CryptDecodeObjectEx Unsupported decoder for lpszStructType 1.3.6.1.4.1.311.2.1.4
0530:fixme:cryptasn:CryptDecodeObjectEx Unsupported decoder for lpszStructType 1.3.6.1.4.1.311.2.1.4
0530:fixme:wintrust:SOFTPUB_VerifyImageHash Cannot verify hash for pszObjId="1.3.6.1.4.1.311.2.1.25"
0530:fixme:cryptasn:CryptDecodeObjectEx Unsupported decoder for lpszStructType 1.3.6.1.4.1.311.2.1.4
0530:fixme:cryptasn:CryptDecodeObjectEx Unsupported decoder for lpszStructType 1.3.6.1.4.1.311.2.1.4
0530:fixme:wintrust:SOFTPUB_VerifyImageHash Cannot verify hash for pszObjId="1.3.6.1.4.1.311.2.1.25"
0530:fixme:cryptasn:CryptDecodeObjectEx Unsupported decoder for lpszStructType 1.3.6.1.4.1.311.2.1.4
0530:fixme:cryptasn:CryptDecodeObjectEx Unsupported decoder for lpszStructType 1.3.6.1.4.1.311.2.1.4
0530:fixme:wintrust:SOFTPUB_VerifyImageHash Cannot verify hash for pszObjId="1.3.6.1.4.1.311.2.1.25"
0530:fixme:cryptasn:CryptDecodeObjectEx Unsupported decoder for lpszStructType 1.3.6.1.4.1.311.2.1.4
0530:fixme:cryptasn:CryptDecodeObjectEx Unsupported decoder for lpszStructType 1.3.6.1.4.1.311.2.1.4
0530:fixme:wintrust:SOFTPUB_VerifyImageHash Cannot verify hash for pszObjId="1.3.6.1.4.1.311.2.1.25"
0530:fixme:cryptasn:CryptDecodeObjectEx Unsupported decoder for lpszStructType 1.3.6.1.4.1.311.2.1.4
0530:fixme:cryptasn:CryptDecodeObjectEx Unsupported decoder for lpszStructType 1.3.6.1.4.1.311.2.1.4
0530:fixme:wintrust:SOFTPUB_VerifyImageHash Cannot verify hash for pszObjId="1.3.6.1.4.1.311.2.1.25"
0530:fixme:cryptasn:CryptDecodeObjectEx Unsupported decoder for lpszStructType 1.3.6.1.4.1.311.2.1.4
0530:fixme:cryptasn:CryptDecodeObjectEx Unsupported decoder for lpszStructType 1.3.6.1.4.1.311.2.1.4
0530:fixme:wintrust:SOFTPUB_VerifyImageHash Cannot verify hash for pszObjId="1.3.6.1.4.1.311.2.1.25"
0530:fixme:cryptasn:CryptDecodeObjectEx Unsupported decoder for lpszStructType 1.3.6.1.4.1.311.2.1.4
0530:fixme:cryptasn:CryptDecodeObjectEx Unsupported decoder for lpszStructType 1.3.6.1.4.1.311.2.1.4
0530:fixme:wintrust:SOFTPUB_VerifyImageHash Cannot verify hash for pszObjId="1.3.6.1.4.1.311.2.1.25"
0530:fixme:cryptasn:CryptDecodeObjectEx Unsupported decoder for lpszStructType 1.3.6.1.4.1.311.2.1.4
0530:fixme:cryptasn:CryptDecodeObjectEx Unsupported decoder for lpszStructType 1.3.6.1.4.1.311.2.1.4
0530:fixme:wintrust:SOFTPUB_VerifyImageHash Cannot verify hash for pszObjId="1.3.6.1.4.1.311.2.1.25"
0530:fixme:cryptasn:CryptDecodeObjectEx Unsupported decoder for lpszStructType 1.3.6.1.4.1.311.2.1.4
0530:fixme:cryptasn:CryptDecodeObjectEx Unsupported decoder for lpszStructType 1.3.6.1.4.1.311.2.1.4
0530:fixme:wintrust:SOFTPUB_VerifyImageHash Cannot verify hash for pszObjId="1.3.6.1.4.1.311.2.1.25"
0530:fixme:cryptasn:CryptDecodeObjectEx Unsupported decoder for lpszStructType 1.3.6.1.4.1.311.2.1.4
0530:fixme:cryptasn:CryptDecodeObjectEx Unsupported decoder for lpszStructType 1.3.6.1.4.1.311.2.1.4
0530:fixme:wintrust:SOFTPUB_VerifyImageHash Cannot verify hash for pszObjId="1.3.6.1.4.1.311.2.1.25"
0530:fixme:cryptasn:CryptDecodeObjectEx Unsupported decoder for lpszStructType 1.3.6.1.4.1.311.2.1.4
0530:fixme:cryptasn:CryptDecodeObjectEx Unsupported decoder for lpszStructType 1.3.6.1.4.1.311.2.1.4
0530:fixme:wintrust:SOFTPUB_VerifyImageHash Cannot verify hash for pszObjId="1.3.6.1.4.1.311.2.1.25"
0530:fixme:cryptasn:CryptDecodeObjectEx Unsupported decoder for lpszStructType 1.3.6.1.4.1.311.2.1.4
0530:fixme:cryptasn:CryptDecodeObjectEx Unsupported decoder for lpszStructType 1.3.6.1.4.1.311.2.1.4
0530:fixme:wintrust:SOFTPUB_VerifyImageHash Cannot verify hash for pszObjId="1.3.6.1.4.1.311.2.1.25"
0530:fixme:cryptasn:CryptDecodeObjectEx Unsupported decoder for lpszStructType 1.3.6.1.4.1.311.2.1.4
0530:fixme:cryptasn:CryptDecodeObjectEx Unsupported decoder for lpszStructType 1.3.6.1.4.1.311.2.1.4
0530:fixme:wintrust:SOFTPUB_VerifyImageHash Cannot verify hash for pszObjId="1.3.6.1.4.1.311.2.1.25"
0530:fixme:cryptasn:CryptDecodeObjectEx Unsupported decoder for lpszStructType 1.3.6.1.4.1.311.2.1.4
0530:fixme:cryptasn:CryptDecodeObjectEx Unsupported decoder for lpszStructType 1.3.6.1.4.1.311.2.1.4
0530:fixme:wintrust:SOFTPUB_VerifyImageHash Cannot verify hash for pszObjId="1.3.6.1.4.1.311.2.1.25"
0530:fixme:cryptasn:CryptDecodeObjectEx Unsupported decoder for lpszStructType 1.3.6.1.4.1.311.2.1.4
0530:fixme:cryptasn:CryptDecodeObjectEx Unsupported decoder for lpszStructType 1.3.6.1.4.1.311.2.1.4
0530:fixme:wintrust:SOFTPUB_VerifyImageHash Cannot verify hash for pszObjId="1.3.6.1.4.1.311.2.1.25"
0530:fixme:cryptasn:CryptDecodeObjectEx Unsupported decoder for lpszStructType 1.3.6.1.4.1.311.2.1.4
0530:fixme:cryptasn:CryptDecodeObjectEx Unsupported decoder for lpszStructType 1.3.6.1.4.1.311.2.1.4
0530:fixme:wintrust:SOFTPUB_VerifyImageHash Cannot verify hash for pszObjId="1.3.6.1.4.1.311.2.1.25"
0530:fixme:cryptasn:CryptDecodeObjectEx Unsupported decoder for lpszStructType 1.3.6.1.4.1.311.2.1.4
0530:fixme:cryptasn:CryptDecodeObjectEx Unsupported decoder for lpszStructType 1.3.6.1.4.1.311.2.1.4
0530:fixme:wintrust:SOFTPUB_VerifyImageHash Cannot verify hash for pszObjId="1.3.6.1.4.1.311.2.1.25"
0530:fixme:cryptasn:CryptDecodeObjectEx Unsupported decoder for lpszStructType 1.3.6.1.4.1.311.2.1.4
0530:fixme:cryptasn:CryptDecodeObjectEx Unsupported decoder for lpszStructType 1.3.6.1.4.1.311.2.1.4
0530:fixme:wintrust:SOFTPUB_VerifyImageHash Cannot verify hash for pszObjId="1.3.6.1.4.1.311.2.1.25"
0530:fixme:cryptasn:CryptDecodeObjectEx Unsupported decoder for lpszStructType 1.3.6.1.4.1.311.2.1.4
0530:fixme:cryptasn:CryptDecodeObjectEx Unsupported decoder for lpszStructType 1.3.6.1.4.1.311.2.1.4
0530:fixme:wintrust:SOFTPUB_VerifyImageHash Cannot verify hash for pszObjId="1.3.6.1.4.1.311.2.1.25"
0530:fixme:cryptasn:CryptDecodeObjectEx Unsupported decoder for lpszStructType 1.3.6.1.4.1.311.2.1.4
0530:fixme:cryptasn:CryptDecodeObjectEx Unsupported decoder for lpszStructType 1.3.6.1.4.1.311.2.1.4
0530:fixme:wintrust:SOFTPUB_VerifyImageHash Cannot verify hash for pszObjId="1.3.6.1.4.1.311.2.1.25"
0530:fixme:cryptasn:CryptDecodeObjectEx Unsupported decoder for lpszStructType 1.3.6.1.4.1.311.2.1.4
0530:fixme:cryptasn:CryptDecodeObjectEx Unsupported decoder for lpszStructType 1.3.6.1.4.1.311.2.1.4
0530:fixme:wintrust:SOFTPUB_VerifyImageHash Cannot verify hash for pszObjId="1.3.6.1.4.1.311.2.1.25"
0530:fixme:cryptasn:CryptDecodeObjectEx Unsupported decoder for lpszStructType 1.3.6.1.4.1.311.2.1.4
0530:fixme:cryptasn:CryptDecodeObjectEx Unsupported decoder for lpszStructType 1.3.6.1.4.1.311.2.1.4
0530:fixme:wintrust:SOFTPUB_VerifyImageHash Cannot verify hash for pszObjId="1.3.6.1.4.1.311.2.1.25"
0530:fixme:cryptasn:CryptDecodeObjectEx Unsupported decoder for lpszStructType 1.3.6.1.4.1.311.2.1.4
0530:fixme:cryptasn:CryptDecodeObjectEx Unsupported decoder for lpszStructType 1.3.6.1.4.1.311.2.1.4
0530:fixme:wintrust:SOFTPUB_VerifyImageHash Cannot verify hash for pszObjId="1.3.6.1.4.1.311.2.1.25"
0530:fixme:cryptasn:CryptDecodeObjectEx Unsupported decoder for lpszStructType 1.3.6.1.4.1.311.2.1.4
0530:fixme:cryptasn:CryptDecodeObjectEx Unsupported decoder for lpszStructType 1.3.6.1.4.1.311.2.1.4
0530:fixme:wintrust:SOFTPUB_VerifyImageHash Cannot verify hash for pszObjId="1.3.6.1.4.1.311.2.1.25"
0530:fixme:cryptasn:CryptDecodeObjectEx Unsupported decoder for lpszStructType 1.3.6.1.4.1.311.2.1.4
0530:fixme:cryptasn:CryptDecodeObjectEx Unsupported decoder for lpszStructType 1.3.6.1.4.1.311.2.1.4
0530:fixme:wintrust:SOFTPUB_VerifyImageHash Cannot verify hash for pszObjId="1.3.6.1.4.1.311.2.1.25"
0530:fixme:cryptasn:CryptDecodeObjectEx Unsupported decoder for lpszStructType 1.3.6.1.4.1.311.2.1.4
0530:fixme:cryptasn:CryptDecodeObjectEx Unsupported decoder for lpszStructType 1.3.6.1.4.1.311.2.1.4
0530:fixme:wintrust:SOFTPUB_VerifyImageHash Cannot verify hash for pszObjId="1.3.6.1.4.1.311.2.1.25"
0530:fixme:cryptasn:CryptDecodeObjectEx Unsupported decoder for lpszStructType 1.3.6.1.4.1.311.2.1.4
0530:fixme:cryptasn:CryptDecodeObjectEx Unsupported decoder for lpszStructType 1.3.6.1.4.1.311.2.1.4
0530:fixme:wintrust:SOFTPUB_VerifyImageHash Cannot verify hash for pszObjId="1.3.6.1.4.1.311.2.1.25"
0530:fixme:cryptasn:CryptDecodeObjectEx Unsupported decoder for lpszStructType 1.3.6.1.4.1.311.2.1.4
0530:fixme:cryptasn:CryptDecodeObjectEx Unsupported decoder for lpszStructType 1.3.6.1.4.1.311.2.1.4
0530:fixme:wintrust:SOFTPUB_VerifyImageHash Cannot verify hash for pszObjId="1.3.6.1.4.1.311.2.1.25"
0530:fixme:cryptasn:CryptDecodeObjectEx Unsupported decoder for lpszStructType 1.3.6.1.4.1.311.2.1.4
0530:fixme:cryptasn:CryptDecodeObjectEx Unsupported decoder for lpszStructType 1.3.6.1.4.1.311.2.1.4
0530:fixme:wintrust:SOFTPUB_VerifyImageHash Cannot verify hash for pszObjId="1.3.6.1.4.1.311.2.1.25"
0530:fixme:cryptasn:CryptDecodeObjectEx Unsupported decoder for lpszStructType 1.3.6.1.4.1.311.2.1.4
0530:fixme:cryptasn:CryptDecodeObjectEx Unsupported decoder for lpszStructType 1.3.6.1.4.1.311.2.1.4
0530:fixme:wintrust:SOFTPUB_VerifyImageHash Cannot verify hash for pszObjId="1.3.6.1.4.1.311.2.1.25"
0530:fixme:cryptasn:CryptDecodeObjectEx Unsupported decoder for lpszStructType 1.3.6.1.4.1.311.2.1.4
0530:fixme:cryptasn:CryptDecodeObjectEx Unsupported decoder for lpszStructType 1.3.6.1.4.1.311.2.1.4
0530:fixme:wintrust:SOFTPUB_VerifyImageHash Cannot verify hash for pszObjId="1.3.6.1.4.1.311.2.1.25"
0530:fixme:cryptasn:CryptDecodeObjectEx Unsupported decoder for lpszStructType 1.3.6.1.4.1.311.2.1.4
0530:fixme:cryptasn:CryptDecodeObjectEx Unsupported decoder for lpszStructType 1.3.6.1.4.1.311.2.1.4
0530:fixme:wintrust:SOFTPUB_VerifyImageHash Cannot verify hash for pszObjId="1.3.6.1.4.1.311.2.1.25"
0530:fixme:cryptasn:CryptDecodeObjectEx Unsupported decoder for lpszStructType 1.3.6.1.4.1.311.2.1.4
0530:fixme:cryptasn:CryptDecodeObjectEx Unsupported decoder for lpszStructType 1.3.6.1.4.1.311.2.1.4
0530:fixme:wintrust:SOFTPUB_VerifyImageHash Cannot verify hash for pszObjId="1.3.6.1.4.1.311.2.1.25"
0530:fixme:cryptasn:CryptDecodeObjectEx Unsupported decoder for lpszStructType 1.3.6.1.4.1.311.2.1.4
0530:fixme:cryptasn:CryptDecodeObjectEx Unsupported decoder for lpszStructType 1.3.6.1.4.1.311.2.1.4
0530:fixme:wintrust:SOFTPUB_VerifyImageHash Cannot verify hash for pszObjId="1.3.6.1.4.1.311.2.1.25"
0530:fixme:cryptasn:CryptDecodeObjectEx Unsupported decoder for lpszStructType 1.3.6.1.4.1.311.2.1.4
0530:fixme:cryptasn:CryptDecodeObjectEx Unsupported decoder for lpszStructType 1.3.6.1.4.1.311.2.1.4
0530:fixme:wintrust:SOFTPUB_VerifyImageHash Cannot verify hash for pszObjId="1.3.6.1.4.1.311.2.1.25"
0530:fixme:cryptasn:CryptDecodeObjectEx Unsupported decoder for lpszStructType 1.3.6.1.4.1.311.2.1.4
0530:fixme:cryptasn:CryptDecodeObjectEx Unsupported decoder for lpszStructType 1.3.6.1.4.1.311.2.1.4
0530:fixme:wintrust:SOFTPUB_VerifyImageHash Cannot verify hash for pszObjId="1.3.6.1.4.1.311.2.1.25"
0530:fixme:cryptasn:CryptDecodeObjectEx Unsupported decoder for lpszStructType 1.3.6.1.4.1.311.2.1.4
0530:fixme:cryptasn:CryptDecodeObjectEx Unsupported decoder for lpszStructType 1.3.6.1.4.1.311.2.1.4
0530:fixme:wintrust:SOFTPUB_VerifyImageHash Cannot verify hash for pszObjId="1.3.6.1.4.1.311.2.1.25"
0530:fixme:cryptasn:CryptDecodeObjectEx Unsupported decoder for lpszStructType 1.3.6.1.4.1.311.2.1.4
0530:fixme:cryptasn:CryptDecodeObjectEx Unsupported decoder for lpszStructType 1.3.6.1.4.1.311.2.1.4
0530:fixme:wintrust:SOFTPUB_VerifyImageHash Cannot verify hash for pszObjId="1.3.6.1.4.1.311.2.1.25"
0530:fixme:cryptasn:CryptDecodeObjectEx Unsupported decoder for lpszStructType 1.3.6.1.4.1.311.2.1.4
0530:fixme:cryptasn:CryptDecodeObjectEx Unsupported decoder for lpszStructType 1.3.6.1.4.1.311.2.1.4
0530:fixme:wintrust:SOFTPUB_VerifyImageHash Cannot verify hash for pszObjId="1.3.6.1.4.1.311.2.1.25"
0530:fixme:cryptasn:CryptDecodeObjectEx Unsupported decoder for lpszStructType 1.3.6.1.4.1.311.2.1.4
0530:fixme:cryptasn:CryptDecodeObjectEx Unsupported decoder for lpszStructType 1.3.6.1.4.1.311.2.1.4
0530:fixme:wintrust:SOFTPUB_VerifyImageHash Cannot verify hash for pszObjId="1.3.6.1.4.1.311.2.1.25"
0530:fixme:cryptasn:CryptDecodeObjectEx Unsupported decoder for lpszStructType 1.3.6.1.4.1.311.2.1.4
0530:fixme:cryptasn:CryptDecodeObjectEx Unsupported decoder for lpszStructType 1.3.6.1.4.1.311.2.1.4
0530:fixme:wintrust:SOFTPUB_VerifyImageHash Cannot verify hash for pszObjId="1.3.6.1.4.1.311.2.1.25"
0530:fixme:cryptasn:CryptDecodeObjectEx Unsupported decoder for lpszStructType 1.3.6.1.4.1.311.2.1.4
0530:fixme:cryptasn:CryptDecodeObjectEx Unsupported decoder for lpszStructType 1.3.6.1.4.1.311.2.1.4
0530:fixme:wintrust:SOFTPUB_VerifyImageHash Cannot verify hash for pszObjId="1.3.6.1.4.1.311.2.1.25"
0530:fixme:cryptasn:CryptDecodeObjectEx Unsupported decoder for lpszStructType 1.3.6.1.4.1.311.2.1.4
0530:fixme:cryptasn:CryptDecodeObjectEx Unsupported decoder for lpszStructType 1.3.6.1.4.1.311.2.1.4
0530:fixme:wintrust:SOFTPUB_VerifyImageHash Cannot verify hash for pszObjId="1.3.6.1.4.1.311.2.1.25"
0530:fixme:cryptasn:CryptDecodeObjectEx Unsupported decoder for lpszStructType 1.3.6.1.4.1.311.2.1.4
0530:fixme:cryptasn:CryptDecodeObjectEx Unsupported decoder for lpszStructType 1.3.6.1.4.1.311.2.1.4
0530:fixme:wintrust:SOFTPUB_VerifyImageHash Cannot verify hash for pszObjId="1.3.6.1.4.1.311.2.1.25"
0530:fixme:cryptasn:CryptDecodeObjectEx Unsupported decoder for lpszStructType 1.3.6.1.4.1.311.2.1.4
0530:fixme:cryptasn:CryptDecodeObjectEx Unsupported decoder for lpszStructType 1.3.6.1.4.1.311.2.1.4
0530:fixme:wintrust:SOFTPUB_VerifyImageHash Cannot verify hash for pszObjId="1.3.6.1.4.1.311.2.1.25"
0530:fixme:cryptasn:CryptDecodeObjectEx Unsupported decoder for lpszStructType 1.3.6.1.4.1.311.2.1.4
0530:fixme:cryptasn:CryptDecodeObjectEx Unsupported decoder for lpszStructType 1.3.6.1.4.1.311.2.1.4
0530:fixme:wintrust:SOFTPUB_VerifyImageHash Cannot verify hash for pszObjId="1.3.6.1.4.1.311.2.1.25"
0530:fixme:cryptasn:CryptDecodeObjectEx Unsupported decoder for lpszStructType 1.3.6.1.4.1.311.2.1.4
0530:fixme:cryptasn:CryptDecodeObjectEx Unsupported decoder for lpszStructType 1.3.6.1.4.1.311.2.1.4
0530:fixme:wintrust:SOFTPUB_VerifyImageHash Cannot verify hash for pszObjId="1.3.6.1.4.1.311.2.1.25"
0530:fixme:cryptasn:CryptDecodeObjectEx Unsupported decoder for lpszStructType 1.3.6.1.4.1.311.2.1.4
0530:fixme:cryptasn:CryptDecodeObjectEx Unsupported decoder for lpszStructType 1.3.6.1.4.1.311.2.1.4
0530:fixme:wintrust:SOFTPUB_VerifyImageHash Cannot verify hash for pszObjId="1.3.6.1.4.1.311.2.1.25"
0530:fixme:cryptasn:CryptDecodeObjectEx Unsupported decoder for lpszStructType 1.3.6.1.4.1.311.2.1.4
0530:fixme:cryptasn:CryptDecodeObjectEx Unsupported decoder for lpszStructType 1.3.6.1.4.1.311.2.1.4
0530:fixme:wintrust:SOFTPUB_VerifyImageHash Cannot verify hash for pszObjId="1.3.6.1.4.1.311.2.1.25"
0530:fixme:cryptasn:CryptDecodeObjectEx Unsupported decoder for lpszStructType 1.3.6.1.4.1.311.2.1.4
0530:fixme:cryptasn:CryptDecodeObjectEx Unsupported decoder for lpszStructType 1.3.6.1.4.1.311.2.1.4
0530:fixme:wintrust:SOFTPUB_VerifyImageHash Cannot verify hash for pszObjId="1.3.6.1.4.1.311.2.1.25"
0530:fixme:cryptasn:CryptDecodeObjectEx Unsupported decoder for lpszStructType 1.3.6.1.4.1.311.2.1.4
0530:fixme:cryptasn:CryptDecodeObjectEx Unsupported decoder for lpszStructType 1.3.6.1.4.1.311.2.1.4
0530:fixme:wintrust:SOFTPUB_VerifyImageHash Cannot verify hash for pszObjId="1.3.6.1.4.1.311.2.1.25"
0530:fixme:cryptasn:CryptDecodeObjectEx Unsupported decoder for lpszStructType 1.3.6.1.4.1.311.2.1.4
0530:fixme:cryptasn:CryptDecodeObjectEx Unsupported decoder for lpszStructType 1.3.6.1.4.1.311.2.1.4
0530:fixme:wintrust:SOFTPUB_VerifyImageHash Cannot verify hash for pszObjId="1.3.6.1.4.1.311.2.1.25"
0530:fixme:cryptasn:CryptDecodeObjectEx Unsupported decoder for lpszStructType 1.3.6.1.4.1.311.2.1.4
0530:fixme:cryptasn:CryptDecodeObjectEx Unsupported decoder for lpszStructType 1.3.6.1.4.1.311.2.1.4
0530:fixme:wintrust:SOFTPUB_VerifyImageHash Cannot verify hash for pszObjId="1.3.6.1.4.1.311.2.1.25"
0530:fixme:cryptasn:CryptDecodeObjectEx Unsupported decoder for lpszStructType 1.3.6.1.4.1.311.2.1.4
0530:fixme:cryptasn:CryptDecodeObjectEx Unsupported decoder for lpszStructType 1.3.6.1.4.1.311.2.1.4
0530:fixme:wintrust:SOFTPUB_VerifyImageHash Cannot verify hash for pszObjId="1.3.6.1.4.1.311.2.1.25"
0530:fixme:cryptasn:CryptDecodeObjectEx Unsupported decoder for lpszStructType 1.3.6.1.4.1.311.2.1.4
0530:fixme:cryptasn:CryptDecodeObjectEx Unsupported decoder for lpszStructType 1.3.6.1.4.1.311.2.1.4
0530:fixme:wintrust:SOFTPUB_VerifyImageHash Cannot verify hash for pszObjId="1.3.6.1.4.1.311.2.1.25"
0530:fixme:cryptasn:CryptDecodeObjectEx Unsupported decoder for lpszStructType 1.3.6.1.4.1.311.2.1.4
0530:fixme:cryptasn:CryptDecodeObjectEx Unsupported decoder for lpszStructType 1.3.6.1.4.1.311.2.1.4
0530:fixme:wintrust:SOFTPUB_VerifyImageHash Cannot verify hash for pszObjId="1.3.6.1.4.1.311.2.1.25"
0530:fixme:cryptasn:CryptDecodeObjectEx Unsupported decoder for lpszStructType 1.3.6.1.4.1.311.2.1.4
0530:fixme:cryptasn:CryptDecodeObjectEx Unsupported decoder for lpszStructType 1.3.6.1.4.1.311.2.1.4
0530:fixme:wintrust:SOFTPUB_VerifyImageHash Cannot verify hash for pszObjId="1.3.6.1.4.1.311.2.1.25"
0530:fixme:cryptasn:CryptDecodeObjectEx Unsupported decoder for lpszStructType 1.3.6.1.4.1.311.2.1.4
0530:fixme:cryptasn:CryptDecodeObjectEx Unsupported decoder for lpszStructType 1.3.6.1.4.1.311.2.1.4
0530:fixme:wintrust:SOFTPUB_VerifyImageHash Cannot verify hash for pszObjId="1.3.6.1.4.1.311.2.1.25"
0530:fixme:cryptasn:CryptDecodeObjectEx Unsupported decoder for lpszStructType 1.3.6.1.4.1.311.2.1.4
0530:fixme:cryptasn:CryptDecodeObjectEx Unsupported decoder for lpszStructType 1.3.6.1.4.1.311.2.1.4
0530:fixme:wintrust:SOFTPUB_VerifyImageHash Cannot verify hash for pszObjId="1.3.6.1.4.1.311.2.1.25"
0530:fixme:cryptasn:CryptDecodeObjectEx Unsupported decoder for lpszStructType 1.3.6.1.4.1.311.2.1.4
0530:fixme:cryptasn:CryptDecodeObjectEx Unsupported decoder for lpszStructType 1.3.6.1.4.1.311.2.1.4
0530:fixme:wintrust:SOFTPUB_VerifyImageHash Cannot verify hash for pszObjId="1.3.6.1.4.1.311.2.1.25"
0530:fixme:cryptasn:CryptDecodeObjectEx Unsupported decoder for lpszStructType 1.3.6.1.4.1.311.2.1.4
0530:fixme:cryptasn:CryptDecodeObjectEx Unsupported decoder for lpszStructType 1.3.6.1.4.1.311.2.1.4
0530:fixme:wintrust:SOFTPUB_VerifyImageHash Cannot verify hash for pszObjId="1.3.6.1.4.1.311.2.1.25"
0530:fixme:cryptasn:CryptDecodeObjectEx Unsupported decoder for lpszStructType 1.3.6.1.4.1.311.2.1.4
0530:fixme:cryptasn:CryptDecodeObjectEx Unsupported decoder for lpszStructType 1.3.6.1.4.1.311.2.1.4
0530:fixme:wintrust:SOFTPUB_VerifyImageHash Cannot verify hash for pszObjId="1.3.6.1.4.1.311.2.1.25"
0530:fixme:cryptasn:CryptDecodeObjectEx Unsupported decoder for lpszStructType 1.3.6.1.4.1.311.2.1.4
0530:fixme:cryptasn:CryptDecodeObjectEx Unsupported decoder for lpszStructType 1.3.6.1.4.1.311.2.1.4
0530:fixme:wintrust:SOFTPUB_VerifyImageHash Cannot verify hash for pszObjId="1.3.6.1.4.1.311.2.1.25"
0530:fixme:cryptasn:CryptDecodeObjectEx Unsupported decoder for lpszStructType 1.3.6.1.4.1.311.2.1.4
0530:fixme:cryptasn:CryptDecodeObjectEx Unsupported decoder for lpszStructType 1.3.6.1.4.1.311.2.1.4
0530:fixme:wintrust:SOFTPUB_VerifyImageHash Cannot verify hash for pszObjId="1.3.6.1.4.1.311.2.1.25"
0530:fixme:cryptasn:CryptDecodeObjectEx Unsupported decoder for lpszStructType 1.3.6.1.4.1.311.2.1.4
0530:fixme:cryptasn:CryptDecodeObjectEx Unsupported decoder for lpszStructType 1.3.6.1.4.1.311.2.1.4
0530:fixme:wintrust:SOFTPUB_VerifyImageHash Cannot verify hash for pszObjId="1.3.6.1.4.1.311.2.1.25"
0530:fixme:cryptasn:CryptDecodeObjectEx Unsupported decoder for lpszStructType 1.3.6.1.4.1.311.2.1.4
0530:fixme:cryptasn:CryptDecodeObjectEx Unsupported decoder for lpszStructType 1.3.6.1.4.1.311.2.1.4
0530:fixme:wintrust:SOFTPUB_VerifyImageHash Cannot verify hash for pszObjId="1.3.6.1.4.1.311.2.1.25"
0530:fixme:cryptasn:CryptDecodeObjectEx Unsupported decoder for lpszStructType 1.3.6.1.4.1.311.2.1.4
0530:fixme:cryptasn:CryptDecodeObjectEx Unsupported decoder for lpszStructType 1.3.6.1.4.1.311.2.1.4
0530:fixme:wintrust:SOFTPUB_VerifyImageHash Cannot verify hash for pszObjId="1.3.6.1.4.1.311.2.1.25"
0530:fixme:cryptasn:CryptDecodeObjectEx Unsupported decoder for lpszStructType 1.3.6.1.4.1.311.2.1.4
0530:fixme:cryptasn:CryptDecodeObjectEx Unsupported decoder for lpszStructType 1.3.6.1.4.1.311.2.1.4
0530:fixme:wintrust:SOFTPUB_VerifyImageHash Cannot verify hash for pszObjId="1.3.6.1.4.1.311.2.1.25"
0530:fixme:cryptasn:CryptDecodeObjectEx Unsupported decoder for lpszStructType 1.3.6.1.4.1.311.2.1.4
0530:fixme:cryptasn:CryptDecodeObjectEx Unsupported decoder for lpszStructType 1.3.6.1.4.1.311.2.1.4
0530:fixme:wintrust:SOFTPUB_VerifyImageHash Cannot verify hash for pszObjId="1.3.6.1.4.1.311.2.1.25"
0530:fixme:cryptasn:CryptDecodeObjectEx Unsupported decoder for lpszStructType 1.3.6.1.4.1.311.2.1.4
0530:fixme:cryptasn:CryptDecodeObjectEx Unsupported decoder for lpszStructType 1.3.6.1.4.1.311.2.1.4
0530:fixme:wintrust:SOFTPUB_VerifyImageHash Cannot verify hash for pszObjId="1.3.6.1.4.1.311.2.1.25"
0530:fixme:cryptasn:CryptDecodeObjectEx Unsupported decoder for lpszStructType 1.3.6.1.4.1.311.2.1.4
0530:fixme:cryptasn:CryptDecodeObjectEx Unsupported decoder for lpszStructType 1.3.6.1.4.1.311.2.1.4
0530:fixme:wintrust:SOFTPUB_VerifyImageHash Cannot verify hash for pszObjId="1.3.6.1.4.1.311.2.1.25"
0530:fixme:cryptasn:CryptDecodeObjectEx Unsupported decoder for lpszStructType 1.3.6.1.4.1.311.2.1.4
0530:fixme:cryptasn:CryptDecodeObjectEx Unsupported decoder for lpszStructType 1.3.6.1.4.1.311.2.1.4
0530:fixme:wintrust:SOFTPUB_VerifyImageHash Cannot verify hash for pszObjId="1.3.6.1.4.1.311.2.1.25"
0530:fixme:cryptasn:CryptDecodeObjectEx Unsupported decoder for lpszStructType 1.3.6.1.4.1.311.2.1.4
0530:fixme:cryptasn:CryptDecodeObjectEx Unsupported decoder for lpszStructType 1.3.6.1.4.1.311.2.1.4
0530:fixme:wintrust:SOFTPUB_VerifyImageHash Cannot verify hash for pszObjId="1.3.6.1.4.1.311.2.1.25"
0530:fixme:cryptasn:CryptDecodeObjectEx Unsupported decoder for lpszStructType 1.3.6.1.4.1.311.2.1.4
0530:fixme:cryptasn:CryptDecodeObjectEx Unsupported decoder for lpszStructType 1.3.6.1.4.1.311.2.1.4
0530:fixme:wintrust:SOFTPUB_VerifyImageHash Cannot verify hash for pszObjId="1.3.6.1.4.1.311.2.1.25"
0530:fixme:cryptasn:CryptDecodeObjectEx Unsupported decoder for lpszStructType 1.3.6.1.4.1.311.2.1.4
0530:fixme:cryptasn:CryptDecodeObjectEx Unsupported decoder for lpszStructType 1.3.6.1.4.1.311.2.1.4
0530:fixme:wintrust:SOFTPUB_VerifyImageHash Cannot verify hash for pszObjId="1.3.6.1.4.1.311.2.1.25"
0530:fixme:cryptasn:CryptDecodeObjectEx Unsupported decoder for lpszStructType 1.3.6.1.4.1.311.2.1.4
0530:fixme:cryptasn:CryptDecodeObjectEx Unsupported decoder for lpszStructType 1.3.6.1.4.1.311.2.1.4
0530:fixme:wintrust:SOFTPUB_VerifyImageHash Cannot verify hash for pszObjId="1.3.6.1.4.1.311.2.1.25"
0530:fixme:cryptasn:CryptDecodeObjectEx Unsupported decoder for lpszStructType 1.3.6.1.4.1.311.2.1.4
0530:fixme:cryptasn:CryptDecodeObjectEx Unsupported decoder for lpszStructType 1.3.6.1.4.1.311.2.1.4
0530:fixme:wintrust:SOFTPUB_VerifyImageHash Cannot verify hash for pszObjId="1.3.6.1.4.1.311.2.1.25"
0530:fixme:cryptasn:CryptDecodeObjectEx Unsupported decoder for lpszStructType 1.3.6.1.4.1.311.2.1.4
0530:fixme:cryptasn:CryptDecodeObjectEx Unsupported decoder for lpszStructType 1.3.6.1.4.1.311.2.1.4
0530:fixme:wintrust:SOFTPUB_VerifyImageHash Cannot verify hash for pszObjId="1.3.6.1.4.1.311.2.1.25"
0530:fixme:cryptasn:CryptDecodeObjectEx Unsupported decoder for lpszStructType 1.3.6.1.4.1.311.2.1.4
0530:fixme:cryptasn:CryptDecodeObjectEx Unsupported decoder for lpszStructType 1.3.6.1.4.1.311.2.1.4
0530:fixme:wintrust:SOFTPUB_VerifyImageHash Cannot verify hash for pszObjId="1.3.6.1.4.1.311.2.1.25"
0530:fixme:cryptasn:CryptDecodeObjectEx Unsupported decoder for lpszStructType 1.3.6.1.4.1.311.2.1.4
0530:fixme:cryptasn:CryptDecodeObjectEx Unsupported decoder for lpszStructType 1.3.6.1.4.1.311.2.1.4
0530:fixme:wintrust:SOFTPUB_VerifyImageHash Cannot verify hash for pszObjId="1.3.6.1.4.1.311.2.1.25"
0530:fixme:cryptasn:CryptDecodeObjectEx Unsupported decoder for lpszStructType 1.3.6.1.4.1.311.2.1.4
0530:fixme:cryptasn:CryptDecodeObjectEx Unsupported decoder for lpszStructType 1.3.6.1.4.1.311.2.1.4
0530:fixme:wintrust:SOFTPUB_VerifyImageHash Cannot verify hash for pszObjId="1.3.6.1.4.1.311.2.1.25"
0530:fixme:cryptasn:CryptDecodeObjectEx Unsupported decoder for lpszStructType 1.3.6.1.4.1.311.2.1.4
0530:fixme:cryptasn:CryptDecodeObjectEx Unsupported decoder for lpszStructType 1.3.6.1.4.1.311.2.1.4
0530:fixme:wintrust:SOFTPUB_VerifyImageHash Cannot verify hash for pszObjId="1.3.6.1.4.1.311.2.1.25"
0530:fixme:cryptasn:CryptDecodeObjectEx Unsupported decoder for lpszStructType 1.3.6.1.4.1.311.2.1.4
0530:fixme:cryptasn:CryptDecodeObjectEx Unsupported decoder for lpszStructType 1.3.6.1.4.1.311.2.1.4
0530:fixme:wintrust:SOFTPUB_VerifyImageHash Cannot verify hash for pszObjId="1.3.6.1.4.1.311.2.1.25"
0530:fixme:cryptasn:CryptDecodeObjectEx Unsupported decoder for lpszStructType 1.3.6.1.4.1.311.2.1.4
0530:fixme:cryptasn:CryptDecodeObjectEx Unsupported decoder for lpszStructType 1.3.6.1.4.1.311.2.1.4
0530:fixme:wintrust:SOFTPUB_VerifyImageHash Cannot verify hash for pszObjId="1.3.6.1.4.1.311.2.1.25"
0530:fixme:cryptasn:CryptDecodeObjectEx Unsupported decoder for lpszStructType 1.3.6.1.4.1.311.2.1.4
0530:fixme:cryptasn:CryptDecodeObjectEx Unsupported decoder for lpszStructType 1.3.6.1.4.1.311.2.1.4
0530:fixme:wintrust:SOFTPUB_VerifyImageHash Cannot verify hash for pszObjId="1.3.6.1.4.1.311.2.1.25"
0530:fixme:cryptasn:CryptDecodeObjectEx Unsupported decoder for lpszStructType 1.3.6.1.4.1.311.2.1.4
0530:fixme:cryptasn:CryptDecodeObjectEx Unsupported decoder for lpszStructType 1.3.6.1.4.1.311.2.1.4
0530:fixme:wintrust:SOFTPUB_VerifyImageHash Cannot verify hash for pszObjId="1.3.6.1.4.1.311.2.1.25"
0530:fixme:cryptasn:CryptDecodeObjectEx Unsupported decoder for lpszStructType 1.3.6.1.4.1.311.2.1.4
0530:fixme:cryptasn:CryptDecodeObjectEx Unsupported decoder for lpszStructType 1.3.6.1.4.1.311.2.1.4
0530:fixme:wintrust:SOFTPUB_VerifyImageHash Cannot verify hash for pszObjId="1.3.6.1.4.1.311.2.1.25"
0530:fixme:cryptasn:CryptDecodeObjectEx Unsupported decoder for lpszStructType 1.3.6.1.4.1.311.2.1.4
0530:fixme:cryptasn:CryptDecodeObjectEx Unsupported decoder for lpszStructType 1.3.6.1.4.1.311.2.1.4
0530:fixme:wintrust:SOFTPUB_VerifyImageHash Cannot verify hash for pszObjId="1.3.6.1.4.1.311.2.1.25"
0530:fixme:cryptasn:CryptDecodeObjectEx Unsupported decoder for lpszStructType 1.3.6.1.4.1.311.2.1.4
0530:fixme:cryptasn:CryptDecodeObjectEx Unsupported decoder for lpszStructType 1.3.6.1.4.1.311.2.1.4
0530:fixme:wintrust:SOFTPUB_VerifyImageHash Cannot verify hash for pszObjId="1.3.6.1.4.1.311.2.1.25"
0530:fixme:cryptasn:CryptDecodeObjectEx Unsupported decoder for lpszStructType 1.3.6.1.4.1.311.2.1.4
0530:fixme:cryptasn:CryptDecodeObjectEx Unsupported decoder for lpszStructType 1.3.6.1.4.1.311.2.1.4
0530:fixme:wintrust:SOFTPUB_VerifyImageHash Cannot verify hash for pszObjId="1.3.6.1.4.1.311.2.1.25"
0530:fixme:cryptasn:CryptDecodeObjectEx Unsupported decoder for lpszStructType 1.3.6.1.4.1.311.2.1.4
0530:fixme:cryptasn:CryptDecodeObjectEx Unsupported decoder for lpszStructType 1.3.6.1.4.1.311.2.1.4
0530:fixme:wintrust:SOFTPUB_VerifyImageHash Cannot verify hash for pszObjId="1.3.6.1.4.1.311.2.1.25"
0530:fixme:cryptasn:CryptDecodeObjectEx Unsupported decoder for lpszStructType 1.3.6.1.4.1.311.2.1.4
0530:fixme:cryptasn:CryptDecodeObjectEx Unsupported decoder for lpszStructType 1.3.6.1.4.1.311.2.1.4
0530:fixme:wintrust:SOFTPUB_VerifyImageHash Cannot verify hash for pszObjId="1.3.6.1.4.1.311.2.1.25"
0530:fixme:cryptasn:CryptDecodeObjectEx Unsupported decoder for lpszStructType 1.3.6.1.4.1.311.2.1.4
0530:fixme:cryptasn:CryptDecodeObjectEx Unsupported decoder for lpszStructType 1.3.6.1.4.1.311.2.1.4
0530:fixme:wintrust:SOFTPUB_VerifyImageHash Cannot verify hash for pszObjId="1.3.6.1.4.1.311.2.1.25"
0530:fixme:cryptasn:CryptDecodeObjectEx Unsupported decoder for lpszStructType 1.3.6.1.4.1.311.2.1.4
0530:fixme:cryptasn:CryptDecodeObjectEx Unsupported decoder for lpszStructType 1.3.6.1.4.1.311.2.1.4
0530:fixme:wintrust:SOFTPUB_VerifyImageHash Cannot verify hash for pszObjId="1.3.6.1.4.1.311.2.1.25"
0530:fixme:cryptasn:CryptDecodeObjectEx Unsupported decoder for lpszStructType 1.3.6.1.4.1.311.2.1.4
0530:fixme:cryptasn:CryptDecodeObjectEx Unsupported decoder for lpszStructType 1.3.6.1.4.1.311.2.1.4
0530:fixme:wintrust:SOFTPUB_VerifyImageHash Cannot verify hash for pszObjId="1.3.6.1.4.1.311.2.1.25"
0530:fixme:cryptasn:CryptDecodeObjectEx Unsupported decoder for lpszStructType 1.3.6.1.4.1.311.2.1.4
0530:fixme:cryptasn:CryptDecodeObjectEx Unsupported decoder for lpszStructType 1.3.6.1.4.1.311.2.1.4
0530:fixme:wintrust:SOFTPUB_VerifyImageHash Cannot verify hash for pszObjId="1.3.6.1.4.1.311.2.1.25"
0530:fixme:cryptasn:CryptDecodeObjectEx Unsupported decoder for lpszStructType 1.3.6.1.4.1.311.2.1.4
0530:fixme:cryptasn:CryptDecodeObjectEx Unsupported decoder for lpszStructType 1.3.6.1.4.1.311.2.1.4
0530:fixme:wintrust:SOFTPUB_VerifyImageHash Cannot verify hash for pszObjId="1.3.6.1.4.1.311.2.1.25"
0530:fixme:cryptasn:CryptDecodeObjectEx Unsupported decoder for lpszStructType 1.3.6.1.4.1.311.2.1.4
0530:fixme:cryptasn:CryptDecodeObjectEx Unsupported decoder for lpszStructType 1.3.6.1.4.1.311.2.1.4
0530:fixme:wintrust:SOFTPUB_VerifyImageHash Cannot verify hash for pszObjId="1.3.6.1.4.1.311.2.1.25"
0530:fixme:cryptasn:CryptDecodeObjectEx Unsupported decoder for lpszStructType 1.3.6.1.4.1.311.2.1.4
0530:fixme:cryptasn:CryptDecodeObjectEx Unsupported decoder for lpszStructType 1.3.6.1.4.1.311.2.1.4
0530:fixme:wintrust:SOFTPUB_VerifyImageHash Cannot verify hash for pszObjId="1.3.6.1.4.1.311.2.1.25"
0530:fixme:cryptasn:CryptDecodeObjectEx Unsupported decoder for lpszStructType 1.3.6.1.4.1.311.2.1.4
0530:fixme:cryptasn:CryptDecodeObjectEx Unsupported decoder for lpszStructType 1.3.6.1.4.1.311.2.1.4
0530:fixme:wintrust:SOFTPUB_VerifyImageHash Cannot verify hash for pszObjId="1.3.6.1.4.1.311.2.1.25"
0530:fixme:cryptasn:CryptDecodeObjectEx Unsupported decoder for lpszStructType 1.3.6.1.4.1.311.2.1.4
0530:fixme:cryptasn:CryptDecodeObjectEx Unsupported decoder for lpszStructType 1.3.6.1.4.1.311.2.1.4
0530:fixme:wintrust:SOFTPUB_VerifyImageHash Cannot verify hash for pszObjId="1.3.6.1.4.1.311.2.1.25"
0530:fixme:cryptasn:CryptDecodeObjectEx Unsupported decoder for lpszStructType 1.3.6.1.4.1.311.2.1.4
0530:fixme:cryptasn:CryptDecodeObjectEx Unsupported decoder for lpszStructType 1.3.6.1.4.1.311.2.1.4
0530:fixme:wintrust:SOFTPUB_VerifyImageHash Cannot verify hash for pszObjId="1.3.6.1.4.1.311.2.1.25"
0530:fixme:cryptasn:CryptDecodeObjectEx Unsupported decoder for lpszStructType 1.3.6.1.4.1.311.2.1.4
0530:fixme:cryptasn:CryptDecodeObjectEx Unsupported decoder for lpszStructType 1.3.6.1.4.1.311.2.1.4
0530:fixme:wintrust:SOFTPUB_VerifyImageHash Cannot verify hash for pszObjId="1.3.6.1.4.1.311.2.1.25"
0530:fixme:cryptasn:CryptDecodeObjectEx Unsupported decoder for lpszStructType 1.3.6.1.4.1.311.2.1.4
0530:fixme:cryptasn:CryptDecodeObjectEx Unsupported decoder for lpszStructType 1.3.6.1.4.1.311.2.1.4
0530:fixme:wintrust:SOFTPUB_VerifyImageHash Cannot verify hash for pszObjId="1.3.6.1.4.1.311.2.1.25"
0530:fixme:cryptasn:CryptDecodeObjectEx Unsupported decoder for lpszStructType 1.3.6.1.4.1.311.2.1.4
0530:fixme:cryptasn:CryptDecodeObjectEx Unsupported decoder for lpszStructType 1.3.6.1.4.1.311.2.1.4
0530:fixme:wintrust:SOFTPUB_VerifyImageHash Cannot verify hash for pszObjId="1.3.6.1.4.1.311.2.1.25"
0530:fixme:cryptasn:CryptDecodeObjectEx Unsupported decoder for lpszStructType 1.3.6.1.4.1.311.2.1.4
0530:fixme:cryptasn:CryptDecodeObjectEx Unsupported decoder for lpszStructType 1.3.6.1.4.1.311.2.1.4
0530:fixme:wintrust:SOFTPUB_VerifyImageHash Cannot verify hash for pszObjId="1.3.6.1.4.1.311.2.1.25"
0530:fixme:cryptasn:CryptDecodeObjectEx Unsupported decoder for lpszStructType 1.3.6.1.4.1.311.2.1.4
0530:fixme:cryptasn:CryptDecodeObjectEx Unsupported decoder for lpszStructType 1.3.6.1.4.1.311.2.1.4
0530:fixme:wintrust:SOFTPUB_VerifyImageHash Cannot verify hash for pszObjId="1.3.6.1.4.1.311.2.1.25"
0530:fixme:cryptasn:CryptDecodeObjectEx Unsupported decoder for lpszStructType 1.3.6.1.4.1.311.2.1.4
0530:fixme:cryptasn:CryptDecodeObjectEx Unsupported decoder for lpszStructType 1.3.6.1.4.1.311.2.1.4
0530:fixme:wintrust:SOFTPUB_VerifyImageHash Cannot verify hash for pszObjId="1.3.6.1.4.1.311.2.1.25"
0530:fixme:cryptasn:CryptDecodeObjectEx Unsupported decoder for lpszStructType 1.3.6.1.4.1.311.2.1.4
0530:fixme:cryptasn:CryptDecodeObjectEx Unsupported decoder for lpszStructType 1.3.6.1.4.1.311.2.1.4
0530:fixme:wintrust:SOFTPUB_VerifyImageHash Cannot verify hash for pszObjId="1.3.6.1.4.1.311.2.1.25"
0530:fixme:cryptasn:CryptDecodeObjectEx Unsupported decoder for lpszStructType 1.3.6.1.4.1.311.2.1.4
0530:fixme:cryptasn:CryptDecodeObjectEx Unsupported decoder for lpszStructType 1.3.6.1.4.1.311.2.1.4
0530:fixme:wintrust:SOFTPUB_VerifyImageHash Cannot verify hash for pszObjId="1.3.6.1.4.1.311.2.1.25"
0530:fixme:cryptasn:CryptDecodeObjectEx Unsupported decoder for lpszStructType 1.3.6.1.4.1.311.2.1.4
0530:fixme:cryptasn:CryptDecodeObjectEx Unsupported decoder for lpszStructType 1.3.6.1.4.1.311.2.1.4
0530:fixme:wintrust:SOFTPUB_VerifyImageHash Cannot verify hash for pszObjId="1.3.6.1.4.1.311.2.1.25"
0530:fixme:cryptasn:CryptDecodeObjectEx Unsupported decoder for lpszStructType 1.3.6.1.4.1.311.2.1.4
0530:fixme:cryptasn:CryptDecodeObjectEx Unsupported decoder for lpszStructType 1.3.6.1.4.1.311.2.1.4
0530:fixme:wintrust:SOFTPUB_VerifyImageHash Cannot verify hash for pszObjId="1.3.6.1.4.1.311.2.1.25"
0530:fixme:cryptasn:CryptDecodeObjectEx Unsupported decoder for lpszStructType 1.3.6.1.4.1.311.2.1.4
0530:fixme:cryptasn:CryptDecodeObjectEx Unsupported decoder for lpszStructType 1.3.6.1.4.1.311.2.1.4
0530:fixme:wintrust:SOFTPUB_VerifyImageHash Cannot verify hash for pszObjId="1.3.6.1.4.1.311.2.1.25"
0530:fixme:cryptasn:CryptDecodeObjectEx Unsupported decoder for lpszStructType 1.3.6.1.4.1.311.2.1.4
0530:fixme:cryptasn:CryptDecodeObjectEx Unsupported decoder for lpszStructType 1.3.6.1.4.1.311.2.1.4
0530:fixme:wintrust:SOFTPUB_VerifyImageHash Cannot verify hash for pszObjId="1.3.6.1.4.1.311.2.1.25"
0530:fixme:cryptasn:CryptDecodeObjectEx Unsupported decoder for lpszStructType 1.3.6.1.4.1.311.2.1.4
0530:fixme:cryptasn:CryptDecodeObjectEx Unsupported decoder for lpszStructType 1.3.6.1.4.1.311.2.1.4
0530:fixme:wintrust:SOFTPUB_VerifyImageHash Cannot verify hash for pszObjId="1.3.6.1.4.1.311.2.1.25"
0530:fixme:cryptasn:CryptDecodeObjectEx Unsupported decoder for lpszStructType 1.3.6.1.4.1.311.2.1.4
0530:fixme:cryptasn:CryptDecodeObjectEx Unsupported decoder for lpszStructType 1.3.6.1.4.1.311.2.1.4
0530:fixme:wintrust:SOFTPUB_VerifyImageHash Cannot verify hash for pszObjId="1.3.6.1.4.1.311.2.1.25"
0530:fixme:cryptasn:CryptDecodeObjectEx Unsupported decoder for lpszStructType 1.3.6.1.4.1.311.2.1.4
0530:fixme:cryptasn:CryptDecodeObjectEx Unsupported decoder for lpszStructType 1.3.6.1.4.1.311.2.1.4
0530:fixme:wintrust:SOFTPUB_VerifyImageHash Cannot verify hash for pszObjId="1.3.6.1.4.1.311.2.1.25"
0530:fixme:cryptasn:CryptDecodeObjectEx Unsupported decoder for lpszStructType 1.3.6.1.4.1.311.2.1.4
0530:fixme:cryptasn:CryptDecodeObjectEx Unsupported decoder for lpszStructType 1.3.6.1.4.1.311.2.1.4
0530:fixme:wintrust:SOFTPUB_VerifyImageHash Cannot verify hash for pszObjId="1.3.6.1.4.1.311.2.1.25"
0530:fixme:cryptasn:CryptDecodeObjectEx Unsupported decoder for lpszStructType 1.3.6.1.4.1.311.2.1.4
0530:fixme:cryptasn:CryptDecodeObjectEx Unsupported decoder for lpszStructType 1.3.6.1.4.1.311.2.1.4
0530:fixme:wintrust:SOFTPUB_VerifyImageHash Cannot verify hash for pszObjId="1.3.6.1.4.1.311.2.1.25"
0530:fixme:cryptasn:CryptDecodeObjectEx Unsupported decoder for lpszStructType 1.3.6.1.4.1.311.2.1.4
0530:fixme:cryptasn:CryptDecodeObjectEx Unsupported decoder for lpszStructType 1.3.6.1.4.1.311.2.1.4
0530:fixme:wintrust:SOFTPUB_VerifyImageHash Cannot verify hash for pszObjId="1.3.6.1.4.1.311.2.1.25"
0530:fixme:cryptasn:CryptDecodeObjectEx Unsupported decoder for lpszStructType 1.3.6.1.4.1.311.2.1.4
0530:fixme:cryptasn:CryptDecodeObjectEx Unsupported decoder for lpszStructType 1.3.6.1.4.1.311.2.1.4
0530:fixme:wintrust:SOFTPUB_VerifyImageHash Cannot verify hash for pszObjId="1.3.6.1.4.1.311.2.1.25"
0530:fixme:cryptasn:CryptDecodeObjectEx Unsupported decoder for lpszStructType 1.3.6.1.4.1.311.2.1.4
0530:fixme:cryptasn:CryptDecodeObjectEx Unsupported decoder for lpszStructType 1.3.6.1.4.1.311.2.1.4
0530:fixme:wintrust:SOFTPUB_VerifyImageHash Cannot verify hash for pszObjId="1.3.6.1.4.1.311.2.1.25"
0530:fixme:cryptasn:CryptDecodeObjectEx Unsupported decoder for lpszStructType 1.3.6.1.4.1.311.2.1.4
0530:fixme:cryptasn:CryptDecodeObjectEx Unsupported decoder for lpszStructType 1.3.6.1.4.1.311.2.1.4
0530:fixme:wintrust:SOFTPUB_VerifyImageHash Cannot verify hash for pszObjId="1.3.6.1.4.1.311.2.1.25"
0530:fixme:cryptasn:CryptDecodeObjectEx Unsupported decoder for lpszStructType 1.3.6.1.4.1.311.2.1.4
0530:fixme:cryptasn:CryptDecodeObjectEx Unsupported decoder for lpszStructType 1.3.6.1.4.1.311.2.1.4
0530:fixme:wintrust:SOFTPUB_VerifyImageHash Cannot verify hash for pszObjId="1.3.6.1.4.1.311.2.1.25"
0530:fixme:cryptasn:CryptDecodeObjectEx Unsupported decoder for lpszStructType 1.3.6.1.4.1.311.2.1.4
0530:fixme:cryptasn:CryptDecodeObjectEx Unsupported decoder for lpszStructType 1.3.6.1.4.1.311.2.1.4
0530:fixme:wintrust:SOFTPUB_VerifyImageHash Cannot verify hash for pszObjId="1.3.6.1.4.1.311.2.1.25"
0530:fixme:cryptasn:CryptDecodeObjectEx Unsupported decoder for lpszStructType 1.3.6.1.4.1.311.2.1.4
0530:fixme:cryptasn:CryptDecodeObjectEx Unsupported decoder for lpszStructType 1.3.6.1.4.1.311.2.1.4
0530:fixme:wintrust:SOFTPUB_VerifyImageHash Cannot verify hash for pszObjId="1.3.6.1.4.1.311.2.1.25"
0530:fixme:cryptasn:CryptDecodeObjectEx Unsupported decoder for lpszStructType 1.3.6.1.4.1.311.2.1.4
0530:fixme:cryptasn:CryptDecodeObjectEx Unsupported decoder for lpszStructType 1.3.6.1.4.1.311.2.1.4
0530:fixme:wintrust:SOFTPUB_VerifyImageHash Cannot verify hash for pszObjId="1.3.6.1.4.1.311.2.1.25"
0530:fixme:cryptasn:CryptDecodeObjectEx Unsupported decoder for lpszStructType 1.3.6.1.4.1.311.2.1.4
0530:fixme:cryptasn:CryptDecodeObjectEx Unsupported decoder for lpszStructType 1.3.6.1.4.1.311.2.1.4
0530:fixme:wintrust:SOFTPUB_VerifyImageHash Cannot verify hash for pszObjId="1.3.6.1.4.1.311.2.1.25"
0530:fixme:cryptasn:CryptDecodeObjectEx Unsupported decoder for lpszStructType 1.3.6.1.4.1.311.2.1.4
0530:fixme:cryptasn:CryptDecodeObjectEx Unsupported decoder for lpszStructType 1.3.6.1.4.1.311.2.1.4
0530:fixme:wintrust:SOFTPUB_VerifyImageHash Cannot verify hash for pszObjId="1.3.6.1.4.1.311.2.1.25"
0530:fixme:cryptasn:CryptDecodeObjectEx Unsupported decoder for lpszStructType 1.3.6.1.4.1.311.2.1.4
0530:fixme:cryptasn:CryptDecodeObjectEx Unsupported decoder for lpszStructType 1.3.6.1.4.1.311.2.1.4
0530:fixme:wintrust:SOFTPUB_VerifyImageHash Cannot verify hash for pszObjId="1.3.6.1.4.1.311.2.1.25"
0530:fixme:cryptasn:CryptDecodeObjectEx Unsupported decoder for lpszStructType 1.3.6.1.4.1.311.2.1.4
0530:fixme:cryptasn:CryptDecodeObjectEx Unsupported decoder for lpszStructType 1.3.6.1.4.1.311.2.1.4
0530:fixme:wintrust:SOFTPUB_VerifyImageHash Cannot verify hash for pszObjId="1.3.6.1.4.1.311.2.1.25"
0530:fixme:cryptasn:CryptDecodeObjectEx Unsupported decoder for lpszStructType 1.3.6.1.4.1.311.2.1.4
0530:fixme:cryptasn:CryptDecodeObjectEx Unsupported decoder for lpszStructType 1.3.6.1.4.1.311.2.1.4
0530:fixme:wintrust:SOFTPUB_VerifyImageHash Cannot verify hash for pszObjId="1.3.6.1.4.1.311.2.1.25"
0530:fixme:cryptasn:CryptDecodeObjectEx Unsupported decoder for lpszStructType 1.3.6.1.4.1.311.2.1.4
0530:fixme:cryptasn:CryptDecodeObjectEx Unsupported decoder for lpszStructType 1.3.6.1.4.1.311.2.1.4
0530:fixme:wintrust:SOFTPUB_VerifyImageHash Cannot verify hash for pszObjId="1.3.6.1.4.1.311.2.1.25"
0530:fixme:cryptasn:CryptDecodeObjectEx Unsupported decoder for lpszStructType 1.3.6.1.4.1.311.2.1.4
0530:fixme:cryptasn:CryptDecodeObjectEx Unsupported decoder for lpszStructType 1.3.6.1.4.1.311.2.1.4
0530:fixme:wintrust:SOFTPUB_VerifyImageHash Cannot verify hash for pszObjId="1.3.6.1.4.1.311.2.1.25"
0530:fixme:cryptasn:CryptDecodeObjectEx Unsupported decoder for lpszStructType 1.3.6.1.4.1.311.2.1.4
0530:fixme:cryptasn:CryptDecodeObjectEx Unsupported decoder for lpszStructType 1.3.6.1.4.1.311.2.1.4
0530:fixme:wintrust:SOFTPUB_VerifyImageHash Cannot verify hash for pszObjId="1.3.6.1.4.1.311.2.1.25"
0530:fixme:cryptasn:CryptDecodeObjectEx Unsupported decoder for lpszStructType 1.3.6.1.4.1.311.2.1.4
0530:fixme:cryptasn:CryptDecodeObjectEx Unsupported decoder for lpszStructType 1.3.6.1.4.1.311.2.1.4
0530:fixme:wintrust:SOFTPUB_VerifyImageHash Cannot verify hash for pszObjId="1.3.6.1.4.1.311.2.1.25"
0530:fixme:cryptasn:CryptDecodeObjectEx Unsupported decoder for lpszStructType 1.3.6.1.4.1.311.2.1.4
0530:fixme:cryptasn:CryptDecodeObjectEx Unsupported decoder for lpszStructType 1.3.6.1.4.1.311.2.1.4
0530:fixme:wintrust:SOFTPUB_VerifyImageHash Cannot verify hash for pszObjId="1.3.6.1.4.1.311.2.1.25"
0530:fixme:cryptasn:CryptDecodeObjectEx Unsupported decoder for lpszStructType 1.3.6.1.4.1.311.2.1.4
0530:fixme:cryptasn:CryptDecodeObjectEx Unsupported decoder for lpszStructType 1.3.6.1.4.1.311.2.1.4
0530:fixme:wintrust:SOFTPUB_VerifyImageHash Cannot verify hash for pszObjId="1.3.6.1.4.1.311.2.1.25"
0530:fixme:cryptasn:CryptDecodeObjectEx Unsupported decoder for lpszStructType 1.3.6.1.4.1.311.2.1.4
0530:fixme:cryptasn:CryptDecodeObjectEx Unsupported decoder for lpszStructType 1.3.6.1.4.1.311.2.1.4
0530:fixme:wintrust:SOFTPUB_VerifyImageHash Cannot verify hash for pszObjId="1.3.6.1.4.1.311.2.1.25"
0530:fixme:cryptasn:CryptDecodeObjectEx Unsupported decoder for lpszStructType 1.3.6.1.4.1.311.2.1.4
0530:fixme:cryptasn:CryptDecodeObjectEx Unsupported decoder for lpszStructType 1.3.6.1.4.1.311.2.1.4
0530:fixme:wintrust:SOFTPUB_VerifyImageHash Cannot verify hash for pszObjId="1.3.6.1.4.1.311.2.1.25"
0530:fixme:cryptasn:CryptDecodeObjectEx Unsupported decoder for lpszStructType 1.3.6.1.4.1.311.2.1.4
0530:fixme:cryptasn:CryptDecodeObjectEx Unsupported decoder for lpszStructType 1.3.6.1.4.1.311.2.1.4
0530:fixme:wintrust:SOFTPUB_VerifyImageHash Cannot verify hash for pszObjId="1.3.6.1.4.1.311.2.1.25"
0530:fixme:cryptasn:CryptDecodeObjectEx Unsupported decoder for lpszStructType 1.3.6.1.4.1.311.2.1.4
0530:fixme:cryptasn:CryptDecodeObjectEx Unsupported decoder for lpszStructType 1.3.6.1.4.1.311.2.1.4
0530:fixme:wintrust:SOFTPUB_VerifyImageHash Cannot verify hash for pszObjId="1.3.6.1.4.1.311.2.1.25"
0530:fixme:cryptasn:CryptDecodeObjectEx Unsupported decoder for lpszStructType 1.3.6.1.4.1.311.2.1.4
0530:fixme:cryptasn:CryptDecodeObjectEx Unsupported decoder for lpszStructType 1.3.6.1.4.1.311.2.1.4
0530:fixme:wintrust:SOFTPUB_VerifyImageHash Cannot verify hash for pszObjId="1.3.6.1.4.1.311.2.1.25"
0530:fixme:cryptasn:CryptDecodeObjectEx Unsupported decoder for lpszStructType 1.3.6.1.4.1.311.2.1.4
0530:fixme:cryptasn:CryptDecodeObjectEx Unsupported decoder for lpszStructType 1.3.6.1.4.1.311.2.1.4
0530:fixme:wintrust:SOFTPUB_VerifyImageHash Cannot verify hash for pszObjId="1.3.6.1.4.1.311.2.1.25"
0530:fixme:cryptasn:CryptDecodeObjectEx Unsupported decoder for lpszStructType 1.3.6.1.4.1.311.2.1.4
0530:fixme:cryptasn:CryptDecodeObjectEx Unsupported decoder for lpszStructType 1.3.6.1.4.1.311.2.1.4
0530:fixme:wintrust:SOFTPUB_VerifyImageHash Cannot verify hash for pszObjId="1.3.6.1.4.1.311.2.1.25"
0530:fixme:cryptasn:CryptDecodeObjectEx Unsupported decoder for lpszStructType 1.3.6.1.4.1.311.2.1.4
0530:fixme:cryptasn:CryptDecodeObjectEx Unsupported decoder for lpszStructType 1.3.6.1.4.1.311.2.1.4
0530:fixme:wintrust:SOFTPUB_VerifyImageHash Cannot verify hash for pszObjId="1.3.6.1.4.1.311.2.1.25"
0530:fixme:cryptasn:CryptDecodeObjectEx Unsupported decoder for lpszStructType 1.3.6.1.4.1.311.2.1.4
0530:fixme:cryptasn:CryptDecodeObjectEx Unsupported decoder for lpszStructType 1.3.6.1.4.1.311.2.1.4
0530:fixme:wintrust:SOFTPUB_VerifyImageHash Cannot verify hash for pszObjId="1.3.6.1.4.1.311.2.1.25"
0530:fixme:cryptasn:CryptDecodeObjectEx Unsupported decoder for lpszStructType 1.3.6.1.4.1.311.2.1.4
0530:fixme:cryptasn:CryptDecodeObjectEx Unsupported decoder for lpszStructType 1.3.6.1.4.1.311.2.1.4
0530:fixme:wintrust:SOFTPUB_VerifyImageHash Cannot verify hash for pszObjId="1.3.6.1.4.1.311.2.1.25"
0530:fixme:cryptasn:CryptDecodeObjectEx Unsupported decoder for lpszStructType 1.3.6.1.4.1.311.2.1.4
0530:fixme:cryptasn:CryptDecodeObjectEx Unsupported decoder for lpszStructType 1.3.6.1.4.1.311.2.1.4
0530:fixme:wintrust:SOFTPUB_VerifyImageHash Cannot verify hash for pszObjId="1.3.6.1.4.1.311.2.1.25"
0530:fixme:cryptasn:CryptDecodeObjectEx Unsupported decoder for lpszStructType 1.3.6.1.4.1.311.2.1.4
0530:fixme:cryptasn:CryptDecodeObjectEx Unsupported decoder for lpszStructType 1.3.6.1.4.1.311.2.1.4
0530:fixme:wintrust:SOFTPUB_VerifyImageHash Cannot verify hash for pszObjId="1.3.6.1.4.1.311.2.1.25"
0530:fixme:cryptasn:CryptDecodeObjectEx Unsupported decoder for lpszStructType 1.3.6.1.4.1.311.2.1.4
0530:fixme:cryptasn:CryptDecodeObjectEx Unsupported decoder for lpszStructType 1.3.6.1.4.1.311.2.1.4
0530:fixme:wintrust:SOFTPUB_VerifyImageHash Cannot verify hash for pszObjId="1.3.6.1.4.1.311.2.1.25"
0530:fixme:cryptasn:CryptDecodeObjectEx Unsupported decoder for lpszStructType 1.3.6.1.4.1.311.2.1.4
0530:fixme:cryptasn:CryptDecodeObjectEx Unsupported decoder for lpszStructType 1.3.6.1.4.1.311.2.1.4
0530:fixme:wintrust:SOFTPUB_VerifyImageHash Cannot verify hash for pszObjId="1.3.6.1.4.1.311.2.1.25"
0530:fixme:cryptasn:CryptDecodeObjectEx Unsupported decoder for lpszStructType 1.3.6.1.4.1.311.2.1.4
0530:fixme:cryptasn:CryptDecodeObjectEx Unsupported decoder for lpszStructType 1.3.6.1.4.1.311.2.1.4
0530:fixme:wintrust:SOFTPUB_VerifyImageHash Cannot verify hash for pszObjId="1.3.6.1.4.1.311.2.1.25"
0530:fixme:cryptasn:CryptDecodeObjectEx Unsupported decoder for lpszStructType 1.3.6.1.4.1.311.2.1.4
0530:fixme:cryptasn:CryptDecodeObjectEx Unsupported decoder for lpszStructType 1.3.6.1.4.1.311.2.1.4
0530:fixme:wintrust:SOFTPUB_VerifyImageHash Cannot verify hash for pszObjId="1.3.6.1.4.1.311.2.1.25"
0530:fixme:cryptasn:CryptDecodeObjectEx Unsupported decoder for lpszStructType 1.3.6.1.4.1.311.2.1.4
0530:fixme:cryptasn:CryptDecodeObjectEx Unsupported decoder for lpszStructType 1.3.6.1.4.1.311.2.1.4
0530:fixme:wintrust:SOFTPUB_VerifyImageHash Cannot verify hash for pszObjId="1.3.6.1.4.1.311.2.1.25"
0530:fixme:cryptasn:CryptDecodeObjectEx Unsupported decoder for lpszStructType 1.3.6.1.4.1.311.2.1.4
0530:fixme:cryptasn:CryptDecodeObjectEx Unsupported decoder for lpszStructType 1.3.6.1.4.1.311.2.1.4
0530:fixme:wintrust:SOFTPUB_VerifyImageHash Cannot verify hash for pszObjId="1.3.6.1.4.1.311.2.1.25"
0530:fixme:cryptasn:CryptDecodeObjectEx Unsupported decoder for lpszStructType 1.3.6.1.4.1.311.2.1.4
0530:fixme:cryptasn:CryptDecodeObjectEx Unsupported decoder for lpszStructType 1.3.6.1.4.1.311.2.1.4
0530:fixme:wintrust:SOFTPUB_VerifyImageHash Cannot verify hash for pszObjId="1.3.6.1.4.1.311.2.1.25"
0530:fixme:cryptasn:CryptDecodeObjectEx Unsupported decoder for lpszStructType 1.3.6.1.4.1.311.2.1.4
0530:fixme:cryptasn:CryptDecodeObjectEx Unsupported decoder for lpszStructType 1.3.6.1.4.1.311.2.1.4
0530:fixme:wintrust:SOFTPUB_VerifyImageHash Cannot verify hash for pszObjId="1.3.6.1.4.1.311.2.1.25"
0530:fixme:cryptasn:CryptDecodeObjectEx Unsupported decoder for lpszStructType 1.3.6.1.4.1.311.2.1.4
0530:fixme:cryptasn:CryptDecodeObjectEx Unsupported decoder for lpszStructType 1.3.6.1.4.1.311.2.1.4
0530:fixme:wintrust:SOFTPUB_VerifyImageHash Cannot verify hash for pszObjId="1.3.6.1.4.1.311.2.1.25"
0530:fixme:cryptasn:CryptDecodeObjectEx Unsupported decoder for lpszStructType 1.3.6.1.4.1.311.2.1.4
0530:fixme:cryptasn:CryptDecodeObjectEx Unsupported decoder for lpszStructType 1.3.6.1.4.1.311.2.1.4
0530:fixme:wintrust:SOFTPUB_VerifyImageHash Cannot verify hash for pszObjId="1.3.6.1.4.1.311.2.1.25"
0530:fixme:cryptasn:CryptDecodeObjectEx Unsupported decoder for lpszStructType 1.3.6.1.4.1.311.2.1.4
0530:fixme:cryptasn:CryptDecodeObjectEx Unsupported decoder for lpszStructType 1.3.6.1.4.1.311.2.1.4
0530:fixme:wintrust:SOFTPUB_VerifyImageHash Cannot verify hash for pszObjId="1.3.6.1.4.1.311.2.1.25"
0530:fixme:cryptasn:CryptDecodeObjectEx Unsupported decoder for lpszStructType 1.3.6.1.4.1.311.2.1.4
0530:fixme:cryptasn:CryptDecodeObjectEx Unsupported decoder for lpszStructType 1.3.6.1.4.1.311.2.1.4
0530:fixme:wintrust:SOFTPUB_VerifyImageHash Cannot verify hash for pszObjId="1.3.6.1.4.1.311.2.1.25"
0530:fixme:cryptasn:CryptDecodeObjectEx Unsupported decoder for lpszStructType 1.3.6.1.4.1.311.2.1.4
0530:fixme:cryptasn:CryptDecodeObjectEx Unsupported decoder for lpszStructType 1.3.6.1.4.1.311.2.1.4
0530:fixme:wintrust:SOFTPUB_VerifyImageHash Cannot verify hash for pszObjId="1.3.6.1.4.1.311.2.1.25"
0530:fixme:cryptasn:CryptDecodeObjectEx Unsupported decoder for lpszStructType 1.3.6.1.4.1.311.2.1.4
0530:fixme:cryptasn:CryptDecodeObjectEx Unsupported decoder for lpszStructType 1.3.6.1.4.1.311.2.1.4
0530:fixme:wintrust:SOFTPUB_VerifyImageHash Cannot verify hash for pszObjId="1.3.6.1.4.1.311.2.1.25"
0530:fixme:cryptasn:CryptDecodeObjectEx Unsupported decoder for lpszStructType 1.3.6.1.4.1.311.2.1.4
0530:fixme:cryptasn:CryptDecodeObjectEx Unsupported decoder for lpszStructType 1.3.6.1.4.1.311.2.1.4
0530:fixme:wintrust:SOFTPUB_VerifyImageHash Cannot verify hash for pszObjId="1.3.6.1.4.1.311.2.1.25"
0530:fixme:cryptasn:CryptDecodeObjectEx Unsupported decoder for lpszStructType 1.3.6.1.4.1.311.2.1.4
0530:fixme:cryptasn:CryptDecodeObjectEx Unsupported decoder for lpszStructType 1.3.6.1.4.1.311.2.1.4
0530:fixme:wintrust:SOFTPUB_VerifyImageHash Cannot verify hash for pszObjId="1.3.6.1.4.1.311.2.1.25"
0530:fixme:cryptasn:CryptDecodeObjectEx Unsupported decoder for lpszStructType 1.3.6.1.4.1.311.2.1.4
0530:fixme:cryptasn:CryptDecodeObjectEx Unsupported decoder for lpszStructType 1.3.6.1.4.1.311.2.1.4
0530:fixme:wintrust:SOFTPUB_VerifyImageHash Cannot verify hash for pszObjId="1.3.6.1.4.1.311.2.1.25"
0530:fixme:cryptasn:CryptDecodeObjectEx Unsupported decoder for lpszStructType 1.3.6.1.4.1.311.2.1.4
0530:fixme:cryptasn:CryptDecodeObjectEx Unsupported decoder for lpszStructType 1.3.6.1.4.1.311.2.1.4
0530:fixme:wintrust:SOFTPUB_VerifyImageHash Cannot verify hash for pszObjId="1.3.6.1.4.1.311.2.1.25"
0530:fixme:cryptasn:CryptDecodeObjectEx Unsupported decoder for lpszStructType 1.3.6.1.4.1.311.2.1.4
0530:fixme:cryptasn:CryptDecodeObjectEx Unsupported decoder for lpszStructType 1.3.6.1.4.1.311.2.1.4
0530:fixme:wintrust:SOFTPUB_VerifyImageHash Cannot verify hash for pszObjId="1.3.6.1.4.1.311.2.1.25"
0530:fixme:cryptasn:CryptDecodeObjectEx Unsupported decoder for lpszStructType 1.3.6.1.4.1.311.2.1.4
0530:fixme:cryptasn:CryptDecodeObjectEx Unsupported decoder for lpszStructType 1.3.6.1.4.1.311.2.1.4
0530:fixme:wintrust:SOFTPUB_VerifyImageHash Cannot verify hash for pszObjId="1.3.6.1.4.1.311.2.1.25"
0530:fixme:cryptasn:CryptDecodeObjectEx Unsupported decoder for lpszStructType 1.3.6.1.4.1.311.2.1.4
0530:fixme:cryptasn:CryptDecodeObjectEx Unsupported decoder for lpszStructType 1.3.6.1.4.1.311.2.1.4
0530:fixme:wintrust:SOFTPUB_VerifyImageHash Cannot verify hash for pszObjId="1.3.6.1.4.1.311.2.1.25"
0530:fixme:cryptasn:CryptDecodeObjectEx Unsupported decoder for lpszStructType 1.3.6.1.4.1.311.2.1.4
0530:fixme:cryptasn:CryptDecodeObjectEx Unsupported decoder for lpszStructType 1.3.6.1.4.1.311.2.1.4
0530:fixme:wintrust:SOFTPUB_VerifyImageHash Cannot verify hash for pszObjId="1.3.6.1.4.1.311.2.1.25"
0530:fixme:cryptasn:CryptDecodeObjectEx Unsupported decoder for lpszStructType 1.3.6.1.4.1.311.2.1.4
0530:fixme:cryptasn:CryptDecodeObjectEx Unsupported decoder for lpszStructType 1.3.6.1.4.1.311.2.1.4
0530:fixme:wintrust:SOFTPUB_VerifyImageHash Cannot verify hash for pszObjId="1.3.6.1.4.1.311.2.1.25"
0530:fixme:cryptasn:CryptDecodeObjectEx Unsupported decoder for lpszStructType 1.3.6.1.4.1.311.2.1.4
0530:fixme:cryptasn:CryptDecodeObjectEx Unsupported decoder for lpszStructType 1.3.6.1.4.1.311.2.1.4
0530:fixme:wintrust:SOFTPUB_VerifyImageHash Cannot verify hash for pszObjId="1.3.6.1.4.1.311.2.1.25"
0530:fixme:cryptasn:CryptDecodeObjectEx Unsupported decoder for lpszStructType 1.3.6.1.4.1.311.2.1.4
0530:fixme:cryptasn:CryptDecodeObjectEx Unsupported decoder for lpszStructType 1.3.6.1.4.1.311.2.1.4
0530:fixme:wintrust:SOFTPUB_VerifyImageHash Cannot verify hash for pszObjId="1.3.6.1.4.1.311.2.1.25"
0530:fixme:cryptasn:CryptDecodeObjectEx Unsupported decoder for lpszStructType 1.3.6.1.4.1.311.2.1.4
0530:fixme:cryptasn:CryptDecodeObjectEx Unsupported decoder for lpszStructType 1.3.6.1.4.1.311.2.1.4
0530:fixme:wintrust:SOFTPUB_VerifyImageHash Cannot verify hash for pszObjId="1.3.6.1.4.1.311.2.1.25"
0530:fixme:cryptasn:CryptDecodeObjectEx Unsupported decoder for lpszStructType 1.3.6.1.4.1.311.2.1.4
0530:fixme:cryptasn:CryptDecodeObjectEx Unsupported decoder for lpszStructType 1.3.6.1.4.1.311.2.1.4
0530:fixme:wintrust:SOFTPUB_VerifyImageHash Cannot verify hash for pszObjId="1.3.6.1.4.1.311.2.1.25"
0530:fixme:cryptasn:CryptDecodeObjectEx Unsupported decoder for lpszStructType 1.3.6.1.4.1.311.2.1.4
0530:fixme:cryptasn:CryptDecodeObjectEx Unsupported decoder for lpszStructType 1.3.6.1.4.1.311.2.1.4
0530:fixme:wintrust:SOFTPUB_VerifyImageHash Cannot verify hash for pszObjId="1.3.6.1.4.1.311.2.1.25"
0530:fixme:cryptasn:CryptDecodeObjectEx Unsupported decoder for lpszStructType 1.3.6.1.4.1.311.2.1.4
0530:fixme:cryptasn:CryptDecodeObjectEx Unsupported decoder for lpszStructType 1.3.6.1.4.1.311.2.1.4
0530:fixme:wintrust:SOFTPUB_VerifyImageHash Cannot verify hash for pszObjId="1.3.6.1.4.1.311.2.1.25"
0530:fixme:cryptasn:CryptDecodeObjectEx Unsupported decoder for lpszStructType 1.3.6.1.4.1.311.2.1.4
0530:fixme:cryptasn:CryptDecodeObjectEx Unsupported decoder for lpszStructType 1.3.6.1.4.1.311.2.1.4
0530:fixme:wintrust:SOFTPUB_VerifyImageHash Cannot verify hash for pszObjId="1.3.6.1.4.1.311.2.1.25"
0530:fixme:cryptasn:CryptDecodeObjectEx Unsupported decoder for lpszStructType 1.3.6.1.4.1.311.2.1.4
0530:fixme:cryptasn:CryptDecodeObjectEx Unsupported decoder for lpszStructType 1.3.6.1.4.1.311.2.1.4
0530:fixme:wintrust:SOFTPUB_VerifyImageHash Cannot verify hash for pszObjId="1.3.6.1.4.1.311.2.1.25"
0530:fixme:cryptasn:CryptDecodeObjectEx Unsupported decoder for lpszStructType 1.3.6.1.4.1.311.2.1.4
0530:fixme:cryptasn:CryptDecodeObjectEx Unsupported decoder for lpszStructType 1.3.6.1.4.1.311.2.1.4
0530:fixme:wintrust:SOFTPUB_VerifyImageHash Cannot verify hash for pszObjId="1.3.6.1.4.1.311.2.1.25"
0530:fixme:cryptasn:CryptDecodeObjectEx Unsupported decoder for lpszStructType 1.3.6.1.4.1.311.2.1.4
0530:fixme:cryptasn:CryptDecodeObjectEx Unsupported decoder for lpszStructType 1.3.6.1.4.1.311.2.1.4
0530:fixme:wintrust:SOFTPUB_VerifyImageHash Cannot verify hash for pszObjId="1.3.6.1.4.1.311.2.1.25"
0530:fixme:cryptasn:CryptDecodeObjectEx Unsupported decoder for lpszStructType 1.3.6.1.4.1.311.2.1.4
0530:fixme:cryptasn:CryptDecodeObjectEx Unsupported decoder for lpszStructType 1.3.6.1.4.1.311.2.1.4
0530:fixme:wintrust:SOFTPUB_VerifyImageHash Cannot verify hash for pszObjId="1.3.6.1.4.1.311.2.1.25"
0530:fixme:cryptasn:CryptDecodeObjectEx Unsupported decoder for lpszStructType 1.3.6.1.4.1.311.2.1.4
0530:fixme:cryptasn:CryptDecodeObjectEx Unsupported decoder for lpszStructType 1.3.6.1.4.1.311.2.1.4
0530:fixme:wintrust:SOFTPUB_VerifyImageHash Cannot verify hash for pszObjId="1.3.6.1.4.1.311.2.1.25"
0530:fixme:cryptasn:CryptDecodeObjectEx Unsupported decoder for lpszStructType 1.3.6.1.4.1.311.2.1.4
0530:fixme:cryptasn:CryptDecodeObjectEx Unsupported decoder for lpszStructType 1.3.6.1.4.1.311.2.1.4
0530:fixme:wintrust:SOFTPUB_VerifyImageHash Cannot verify hash for pszObjId="1.3.6.1.4.1.311.2.1.25"
0530:fixme:cryptasn:CryptDecodeObjectEx Unsupported decoder for lpszStructType 1.3.6.1.4.1.311.2.1.4
0530:fixme:cryptasn:CryptDecodeObjectEx Unsupported decoder for lpszStructType 1.3.6.1.4.1.311.2.1.4
0530:fixme:wintrust:SOFTPUB_VerifyImageHash Cannot verify hash for pszObjId="1.3.6.1.4.1.311.2.1.25"
0530:fixme:cryptasn:CryptDecodeObjectEx Unsupported decoder for lpszStructType 1.3.6.1.4.1.311.2.1.4
0530:fixme:cryptasn:CryptDecodeObjectEx Unsupported decoder for lpszStructType 1.3.6.1.4.1.311.2.1.4
0530:fixme:wintrust:SOFTPUB_VerifyImageHash Cannot verify hash for pszObjId="1.3.6.1.4.1.311.2.1.25"
0530:fixme:cryptasn:CryptDecodeObjectEx Unsupported decoder for lpszStructType 1.3.6.1.4.1.311.2.1.4
0530:fixme:cryptasn:CryptDecodeObjectEx Unsupported decoder for lpszStructType 1.3.6.1.4.1.311.2.1.4
0530:fixme:wintrust:SOFTPUB_VerifyImageHash Cannot verify hash for pszObjId="1.3.6.1.4.1.311.2.1.25"
0530:fixme:cryptasn:CryptDecodeObjectEx Unsupported decoder for lpszStructType 1.3.6.1.4.1.311.2.1.4
0530:fixme:cryptasn:CryptDecodeObjectEx Unsupported decoder for lpszStructType 1.3.6.1.4.1.311.2.1.4
0530:fixme:wintrust:SOFTPUB_VerifyImageHash Cannot verify hash for pszObjId="1.3.6.1.4.1.311.2.1.25"
0530:fixme:cryptasn:CryptDecodeObjectEx Unsupported decoder for lpszStructType 1.3.6.1.4.1.311.2.1.4
0530:fixme:cryptasn:CryptDecodeObjectEx Unsupported decoder for lpszStructType 1.3.6.1.4.1.311.2.1.4
0530:fixme:wintrust:SOFTPUB_VerifyImageHash Cannot verify hash for pszObjId="1.3.6.1.4.1.311.2.1.25"
0530:fixme:cryptasn:CryptDecodeObjectEx Unsupported decoder for lpszStructType 1.3.6.1.4.1.311.2.1.4
0530:fixme:cryptasn:CryptDecodeObjectEx Unsupported decoder for lpszStructType 1.3.6.1.4.1.311.2.1.4
0530:fixme:wintrust:SOFTPUB_VerifyImageHash Cannot verify hash for pszObjId="1.3.6.1.4.1.311.2.1.25"
0530:fixme:cryptasn:CryptDecodeObjectEx Unsupported decoder for lpszStructType 1.3.6.1.4.1.311.2.1.4
0530:fixme:cryptasn:CryptDecodeObjectEx Unsupported decoder for lpszStructType 1.3.6.1.4.1.311.2.1.4
0530:fixme:wintrust:SOFTPUB_VerifyImageHash Cannot verify hash for pszObjId="1.3.6.1.4.1.311.2.1.25"
0530:fixme:cryptasn:CryptDecodeObjectEx Unsupported decoder for lpszStructType 1.3.6.1.4.1.311.2.1.4
0530:fixme:cryptasn:CryptDecodeObjectEx Unsupported decoder for lpszStructType 1.3.6.1.4.1.311.2.1.4
0530:fixme:wintrust:SOFTPUB_VerifyImageHash Cannot verify hash for pszObjId="1.3.6.1.4.1.311.2.1.25"
0530:fixme:cryptasn:CryptDecodeObjectEx Unsupported decoder for lpszStructType 1.3.6.1.4.1.311.2.1.4
0530:fixme:cryptasn:CryptDecodeObjectEx Unsupported decoder for lpszStructType 1.3.6.1.4.1.311.2.1.4
0530:fixme:wintrust:SOFTPUB_VerifyImageHash Cannot verify hash for pszObjId="1.3.6.1.4.1.311.2.1.25"
0530:fixme:cryptasn:CryptDecodeObjectEx Unsupported decoder for lpszStructType 1.3.6.1.4.1.311.2.1.4
0530:fixme:cryptasn:CryptDecodeObjectEx Unsupported decoder for lpszStructType 1.3.6.1.4.1.311.2.1.4
0530:fixme:wintrust:SOFTPUB_VerifyImageHash Cannot verify hash for pszObjId="1.3.6.1.4.1.311.2.1.25"
0530:fixme:cryptasn:CryptDecodeObjectEx Unsupported decoder for lpszStructType 1.3.6.1.4.1.311.2.1.4
0530:fixme:cryptasn:CryptDecodeObjectEx Unsupported decoder for lpszStructType 1.3.6.1.4.1.311.2.1.4
0530:fixme:wintrust:SOFTPUB_VerifyImageHash Cannot verify hash for pszObjId="1.3.6.1.4.1.311.2.1.25"
0530:fixme:cryptasn:CryptDecodeObjectEx Unsupported decoder for lpszStructType 1.3.6.1.4.1.311.2.1.4
0530:fixme:cryptasn:CryptDecodeObjectEx Unsupported decoder for lpszStructType 1.3.6.1.4.1.311.2.1.4
0530:fixme:wintrust:SOFTPUB_VerifyImageHash Cannot verify hash for pszObjId="1.3.6.1.4.1.311.2.1.25"
0530:fixme:cryptasn:CryptDecodeObjectEx Unsupported decoder for lpszStructType 1.3.6.1.4.1.311.2.1.4
0530:fixme:cryptasn:CryptDecodeObjectEx Unsupported decoder for lpszStructType 1.3.6.1.4.1.311.2.1.4
0530:fixme:wintrust:SOFTPUB_VerifyImageHash Cannot verify hash for pszObjId="1.3.6.1.4.1.311.2.1.25"
0530:fixme:cryptasn:CryptDecodeObjectEx Unsupported decoder for lpszStructType 1.3.6.1.4.1.311.2.1.4
0530:fixme:cryptasn:CryptDecodeObjectEx Unsupported decoder for lpszStructType 1.3.6.1.4.1.311.2.1.4
0530:fixme:wintrust:SOFTPUB_VerifyImageHash Cannot verify hash for pszObjId="1.3.6.1.4.1.311.2.1.25"
0530:fixme:cryptasn:CryptDecodeObjectEx Unsupported decoder for lpszStructType 1.3.6.1.4.1.311.2.1.4
0530:fixme:cryptasn:CryptDecodeObjectEx Unsupported decoder for lpszStructType 1.3.6.1.4.1.311.2.1.4
0530:fixme:wintrust:SOFTPUB_VerifyImageHash Cannot verify hash for pszObjId="1.3.6.1.4.1.311.2.1.25"
0530:fixme:cryptasn:CryptDecodeObjectEx Unsupported decoder for lpszStructType 1.3.6.1.4.1.311.2.1.4
0530:fixme:cryptasn:CryptDecodeObjectEx Unsupported decoder for lpszStructType 1.3.6.1.4.1.311.2.1.4
0530:fixme:wintrust:SOFTPUB_VerifyImageHash Cannot verify hash for pszObjId="1.3.6.1.4.1.311.2.1.25"
0530:fixme:cryptasn:CryptDecodeObjectEx Unsupported decoder for lpszStructType 1.3.6.1.4.1.311.2.1.4
0530:fixme:cryptasn:CryptDecodeObjectEx Unsupported decoder for lpszStructType 1.3.6.1.4.1.311.2.1.4
0530:fixme:wintrust:SOFTPUB_VerifyImageHash Cannot verify hash for pszObjId="1.3.6.1.4.1.311.2.1.25"
0530:fixme:cryptasn:CryptDecodeObjectEx Unsupported decoder for lpszStructType 1.3.6.1.4.1.311.2.1.4
0530:fixme:cryptasn:CryptDecodeObjectEx Unsupported decoder for lpszStructType 1.3.6.1.4.1.311.2.1.4
0530:fixme:wintrust:SOFTPUB_VerifyImageHash Cannot verify hash for pszObjId="1.3.6.1.4.1.311.2.1.25"
0530:fixme:cryptasn:CryptDecodeObjectEx Unsupported decoder for lpszStructType 1.3.6.1.4.1.311.2.1.4
0530:fixme:cryptasn:CryptDecodeObjectEx Unsupported decoder for lpszStructType 1.3.6.1.4.1.311.2.1.4
0530:fixme:wintrust:SOFTPUB_VerifyImageHash Cannot verify hash for pszObjId="1.3.6.1.4.1.311.2.1.25"
0530:fixme:cryptasn:CryptDecodeObjectEx Unsupported decoder for lpszStructType 1.3.6.1.4.1.311.2.1.4
0530:fixme:cryptasn:CryptDecodeObjectEx Unsupported decoder for lpszStructType 1.3.6.1.4.1.311.2.1.4
0530:fixme:wintrust:SOFTPUB_VerifyImageHash Cannot verify hash for pszObjId="1.3.6.1.4.1.311.2.1.25"
0530:fixme:cryptasn:CryptDecodeObjectEx Unsupported decoder for lpszStructType 1.3.6.1.4.1.311.2.1.4
0530:fixme:cryptasn:CryptDecodeObjectEx Unsupported decoder for lpszStructType 1.3.6.1.4.1.311.2.1.4
0530:fixme:wintrust:SOFTPUB_VerifyImageHash Cannot verify hash for pszObjId="1.3.6.1.4.1.311.2.1.25"
0530:fixme:cryptasn:CryptDecodeObjectEx Unsupported decoder for lpszStructType 1.3.6.1.4.1.311.2.1.4
0530:fixme:cryptasn:CryptDecodeObjectEx Unsupported decoder for lpszStructType 1.3.6.1.4.1.311.2.1.4
0530:fixme:wintrust:SOFTPUB_VerifyImageHash Cannot verify hash for pszObjId="1.3.6.1.4.1.311.2.1.25"
0530:fixme:cryptasn:CryptDecodeObjectEx Unsupported decoder for lpszStructType 1.3.6.1.4.1.311.2.1.4
0530:fixme:cryptasn:CryptDecodeObjectEx Unsupported decoder for lpszStructType 1.3.6.1.4.1.311.2.1.4
0530:fixme:wintrust:SOFTPUB_VerifyImageHash Cannot verify hash for pszObjId="1.3.6.1.4.1.311.2.1.25"
0530:fixme:cryptasn:CryptDecodeObjectEx Unsupported decoder for lpszStructType 1.3.6.1.4.1.311.2.1.4
0530:fixme:cryptasn:CryptDecodeObjectEx Unsupported decoder for lpszStructType 1.3.6.1.4.1.311.2.1.4
0530:fixme:wintrust:SOFTPUB_VerifyImageHash Cannot verify hash for pszObjId="1.3.6.1.4.1.311.2.1.25"
0530:fixme:cryptasn:CryptDecodeObjectEx Unsupported decoder for lpszStructType 1.3.6.1.4.1.311.2.1.4
0530:fixme:cryptasn:CryptDecodeObjectEx Unsupported decoder for lpszStructType 1.3.6.1.4.1.311.2.1.4
0530:fixme:wintrust:SOFTPUB_VerifyImageHash Cannot verify hash for pszObjId="1.3.6.1.4.1.311.2.1.25"
0530:fixme:cryptasn:CryptDecodeObjectEx Unsupported decoder for lpszStructType 1.3.6.1.4.1.311.2.1.4
0530:fixme:cryptasn:CryptDecodeObjectEx Unsupported decoder for lpszStructType 1.3.6.1.4.1.311.2.1.4
0530:fixme:wintrust:SOFTPUB_VerifyImageHash Cannot verify hash for pszObjId="1.3.6.1.4.1.311.2.1.25"
0530:fixme:cryptasn:CryptDecodeObjectEx Unsupported decoder for lpszStructType 1.3.6.1.4.1.311.2.1.4
0530:fixme:cryptasn:CryptDecodeObjectEx Unsupported decoder for lpszStructType 1.3.6.1.4.1.311.2.1.4
0530:fixme:wintrust:SOFTPUB_VerifyImageHash Cannot verify hash for pszObjId="1.3.6.1.4.1.311.2.1.25"
0530:fixme:cryptasn:CryptDecodeObjectEx Unsupported decoder for lpszStructType 1.3.6.1.4.1.311.2.1.4
0530:fixme:cryptasn:CryptDecodeObjectEx Unsupported decoder for lpszStructType 1.3.6.1.4.1.311.2.1.4
0530:fixme:wintrust:SOFTPUB_VerifyImageHash Cannot verify hash for pszObjId="1.3.6.1.4.1.311.2.1.25"
0530:fixme:cryptasn:CryptDecodeObjectEx Unsupported decoder for lpszStructType 1.3.6.1.4.1.311.2.1.4
0530:fixme:cryptasn:CryptDecodeObjectEx Unsupported decoder for lpszStructType 1.3.6.1.4.1.311.2.1.4
0530:fixme:wintrust:SOFTPUB_VerifyImageHash Cannot verify hash for pszObjId="1.3.6.1.4.1.311.2.1.25"
0530:fixme:cryptasn:CryptDecodeObjectEx Unsupported decoder for lpszStructType 1.3.6.1.4.1.311.2.1.4
0530:fixme:cryptasn:CryptDecodeObjectEx Unsupported decoder for lpszStructType 1.3.6.1.4.1.311.2.1.4
0530:fixme:wintrust:SOFTPUB_VerifyImageHash Cannot verify hash for pszObjId="1.3.6.1.4.1.311.2.1.25"
0530:fixme:cryptasn:CryptDecodeObjectEx Unsupported decoder for lpszStructType 1.3.6.1.4.1.311.2.1.4
0530:fixme:cryptasn:CryptDecodeObjectEx Unsupported decoder for lpszStructType 1.3.6.1.4.1.311.2.1.4
0530:fixme:wintrust:SOFTPUB_VerifyImageHash Cannot verify hash for pszObjId="1.3.6.1.4.1.311.2.1.25"
0530:fixme:cryptasn:CryptDecodeObjectEx Unsupported decoder for lpszStructType 1.3.6.1.4.1.311.2.1.4
0530:fixme:cryptasn:CryptDecodeObjectEx Unsupported decoder for lpszStructType 1.3.6.1.4.1.311.2.1.4
0530:fixme:wintrust:SOFTPUB_VerifyImageHash Cannot verify hash for pszObjId="1.3.6.1.4.1.311.2.1.25"
0530:fixme:cryptasn:CryptDecodeObjectEx Unsupported decoder for lpszStructType 1.3.6.1.4.1.311.2.1.4
0530:fixme:cryptasn:CryptDecodeObjectEx Unsupported decoder for lpszStructType 1.3.6.1.4.1.311.2.1.4
0530:fixme:wintrust:SOFTPUB_VerifyImageHash Cannot verify hash for pszObjId="1.3.6.1.4.1.311.2.1.25"
0530:fixme:cryptasn:CryptDecodeObjectEx Unsupported decoder for lpszStructType 1.3.6.1.4.1.311.2.1.4
0530:fixme:cryptasn:CryptDecodeObjectEx Unsupported decoder for lpszStructType 1.3.6.1.4.1.311.2.1.4
0530:fixme:wintrust:SOFTPUB_VerifyImageHash Cannot verify hash for pszObjId="1.3.6.1.4.1.311.2.1.25"
0530:fixme:cryptasn:CryptDecodeObjectEx Unsupported decoder for lpszStructType 1.3.6.1.4.1.311.2.1.4
0530:fixme:cryptasn:CryptDecodeObjectEx Unsupported decoder for lpszStructType 1.3.6.1.4.1.311.2.1.4
0530:fixme:wintrust:SOFTPUB_VerifyImageHash Cannot verify hash for pszObjId="1.3.6.1.4.1.311.2.1.25"
0530:fixme:cryptasn:CryptDecodeObjectEx Unsupported decoder for lpszStructType 1.3.6.1.4.1.311.2.1.4
0530:fixme:cryptasn:CryptDecodeObjectEx Unsupported decoder for lpszStructType 1.3.6.1.4.1.311.2.1.4
0530:fixme:wintrust:SOFTPUB_VerifyImageHash Cannot verify hash for pszObjId="1.3.6.1.4.1.311.2.1.25"
0530:fixme:cryptasn:CryptDecodeObjectEx Unsupported decoder for lpszStructType 1.3.6.1.4.1.311.2.1.4
0530:fixme:cryptasn:CryptDecodeObjectEx Unsupported decoder for lpszStructType 1.3.6.1.4.1.311.2.1.4
0530:fixme:wintrust:SOFTPUB_VerifyImageHash Cannot verify hash for pszObjId="1.3.6.1.4.1.311.2.1.25"
0530:fixme:cryptasn:CryptDecodeObjectEx Unsupported decoder for lpszStructType 1.3.6.1.4.1.311.2.1.4
0530:fixme:cryptasn:CryptDecodeObjectEx Unsupported decoder for lpszStructType 1.3.6.1.4.1.311.2.1.4
0530:fixme:wintrust:SOFTPUB_VerifyImageHash Cannot verify hash for pszObjId="1.3.6.1.4.1.311.2.1.25"
0530:fixme:cryptasn:CryptDecodeObjectEx Unsupported decoder for lpszStructType 1.3.6.1.4.1.311.2.1.4
0530:fixme:cryptasn:CryptDecodeObjectEx Unsupported decoder for lpszStructType 1.3.6.1.4.1.311.2.1.4
0530:fixme:wintrust:SOFTPUB_VerifyImageHash Cannot verify hash for pszObjId="1.3.6.1.4.1.311.2.1.25"
0530:fixme:cryptasn:CryptDecodeObjectEx Unsupported decoder for lpszStructType 1.3.6.1.4.1.311.2.1.4
0530:fixme:cryptasn:CryptDecodeObjectEx Unsupported decoder for lpszStructType 1.3.6.1.4.1.311.2.1.4
0530:fixme:wintrust:SOFTPUB_VerifyImageHash Cannot verify hash for pszObjId="1.3.6.1.4.1.311.2.1.25"
0530:fixme:cryptasn:CryptDecodeObjectEx Unsupported decoder for lpszStructType 1.3.6.1.4.1.311.2.1.4
0530:fixme:cryptasn:CryptDecodeObjectEx Unsupported decoder for lpszStructType 1.3.6.1.4.1.311.2.1.4
0530:fixme:wintrust:SOFTPUB_VerifyImageHash Cannot verify hash for pszObjId="1.3.6.1.4.1.311.2.1.25"
0530:fixme:cryptasn:CryptDecodeObjectEx Unsupported decoder for lpszStructType 1.3.6.1.4.1.311.2.1.4
0530:fixme:cryptasn:CryptDecodeObjectEx Unsupported decoder for lpszStructType 1.3.6.1.4.1.311.2.1.4
0530:fixme:wintrust:SOFTPUB_VerifyImageHash Cannot verify hash for pszObjId="1.3.6.1.4.1.311.2.1.25"
0530:fixme:cryptasn:CryptDecodeObjectEx Unsupported decoder for lpszStructType 1.3.6.1.4.1.311.2.1.4
0530:fixme:cryptasn:CryptDecodeObjectEx Unsupported decoder for lpszStructType 1.3.6.1.4.1.311.2.1.4
0530:fixme:wintrust:SOFTPUB_VerifyImageHash Cannot verify hash for pszObjId="1.3.6.1.4.1.311.2.1.25"
0530:fixme:cryptasn:CryptDecodeObjectEx Unsupported decoder for lpszStructType 1.3.6.1.4.1.311.2.1.4
0530:fixme:cryptasn:CryptDecodeObjectEx Unsupported decoder for lpszStructType 1.3.6.1.4.1.311.2.1.4
0530:fixme:wintrust:SOFTPUB_VerifyImageHash Cannot verify hash for pszObjId="1.3.6.1.4.1.311.2.1.25"
0530:fixme:cryptasn:CryptDecodeObjectEx Unsupported decoder for lpszStructType 1.3.6.1.4.1.311.2.1.4
0530:fixme:cryptasn:CryptDecodeObjectEx Unsupported decoder for lpszStructType 1.3.6.1.4.1.311.2.1.4
0530:fixme:wintrust:SOFTPUB_VerifyImageHash Cannot verify hash for pszObjId="1.3.6.1.4.1.311.2.1.25"
0530:fixme:cryptasn:CryptDecodeObjectEx Unsupported decoder for lpszStructType 1.3.6.1.4.1.311.2.1.4
0530:fixme:cryptasn:CryptDecodeObjectEx Unsupported decoder for lpszStructType 1.3.6.1.4.1.311.2.1.4
0530:fixme:wintrust:SOFTPUB_VerifyImageHash Cannot verify hash for pszObjId="1.3.6.1.4.1.311.2.1.25"
0530:fixme:cryptasn:CryptDecodeObjectEx Unsupported decoder for lpszStructType 1.3.6.1.4.1.311.2.1.4
0530:fixme:cryptasn:CryptDecodeObjectEx Unsupported decoder for lpszStructType 1.3.6.1.4.1.311.2.1.4
0530:fixme:wintrust:SOFTPUB_VerifyImageHash Cannot verify hash for pszObjId="1.3.6.1.4.1.311.2.1.25"
0530:fixme:cryptasn:CryptDecodeObjectEx Unsupported decoder for lpszStructType 1.3.6.1.4.1.311.2.1.4
0530:fixme:cryptasn:CryptDecodeObjectEx Unsupported decoder for lpszStructType 1.3.6.1.4.1.311.2.1.4
0530:fixme:wintrust:SOFTPUB_VerifyImageHash Cannot verify hash for pszObjId="1.3.6.1.4.1.311.2.1.25"
0530:fixme:cryptasn:CryptDecodeObjectEx Unsupported decoder for lpszStructType 1.3.6.1.4.1.311.2.1.4
0530:fixme:cryptasn:CryptDecodeObjectEx Unsupported decoder for lpszStructType 1.3.6.1.4.1.311.2.1.4
0530:fixme:wintrust:SOFTPUB_VerifyImageHash Cannot verify hash for pszObjId="1.3.6.1.4.1.311.2.1.25"
0530:fixme:cryptasn:CryptDecodeObjectEx Unsupported decoder for lpszStructType 1.3.6.1.4.1.311.2.1.4
0530:fixme:cryptasn:CryptDecodeObjectEx Unsupported decoder for lpszStructType 1.3.6.1.4.1.311.2.1.4
0530:fixme:wintrust:SOFTPUB_VerifyImageHash Cannot verify hash for pszObjId="1.3.6.1.4.1.311.2.1.25"
0530:fixme:cryptasn:CryptDecodeObjectEx Unsupported decoder for lpszStructType 1.3.6.1.4.1.311.2.1.4
0530:fixme:cryptasn:CryptDecodeObjectEx Unsupported decoder for lpszStructType 1.3.6.1.4.1.311.2.1.4
0530:fixme:wintrust:SOFTPUB_VerifyImageHash Cannot verify hash for pszObjId="1.3.6.1.4.1.311.2.1.25"
0530:fixme:cryptasn:CryptDecodeObjectEx Unsupported decoder for lpszStructType 1.3.6.1.4.1.311.2.1.4
0530:fixme:cryptasn:CryptDecodeObjectEx Unsupported decoder for lpszStructType 1.3.6.1.4.1.311.2.1.4
0530:fixme:wintrust:SOFTPUB_VerifyImageHash Cannot verify hash for pszObjId="1.3.6.1.4.1.311.2.1.25"
0530:fixme:cryptasn:CryptDecodeObjectEx Unsupported decoder for lpszStructType 1.3.6.1.4.1.311.2.1.4
0530:fixme:cryptasn:CryptDecodeObjectEx Unsupported decoder for lpszStructType 1.3.6.1.4.1.311.2.1.4
0530:fixme:wintrust:SOFTPUB_VerifyImageHash Cannot verify hash for pszObjId="1.3.6.1.4.1.311.2.1.25"
0530:fixme:cryptasn:CryptDecodeObjectEx Unsupported decoder for lpszStructType 1.3.6.1.4.1.311.2.1.4
0530:fixme:cryptasn:CryptDecodeObjectEx Unsupported decoder for lpszStructType 1.3.6.1.4.1.311.2.1.4
0530:fixme:wintrust:SOFTPUB_VerifyImageHash Cannot verify hash for pszObjId="1.3.6.1.4.1.311.2.1.25"
0530:fixme:cryptasn:CryptDecodeObjectEx Unsupported decoder for lpszStructType 1.3.6.1.4.1.311.2.1.4
0530:fixme:cryptasn:CryptDecodeObjectEx Unsupported decoder for lpszStructType 1.3.6.1.4.1.311.2.1.4
0530:fixme:wintrust:SOFTPUB_VerifyImageHash Cannot verify hash for pszObjId="1.3.6.1.4.1.311.2.1.25"
00d8:err:winstation:map_shared_memory_section failed to open section L"\\KernelObjects\\__wine_thread_mappings\\000001b4-input": c0000034
0128:fixme:uiautomation:uia_element_GetCurrentPropertyValueEx Default property values currently unimplemented
0128:fixme:uiautomation:uia_element_GetCurrentPropertyValueEx Default property values currently unimplemented
0128:fixme:uiautomation:base_hwnd_provider_GetPatternProvider 0000000000B9CC40, 10002, 0000000001D9ECC0: stub
0180:fixme:module:LdrLockLoaderLock flags 1 not supported
0180:fixme:module:LdrLockLoaderLock flags 1 not supported
0180:fixme:module:LdrLockLoaderLock flags 1 not supported
0180:fixme:module:LdrLockLoaderLock flags 1 not supported
0180:fixme:module:LdrLockLoaderLock flags 1 not supported
0180:fixme:module:LdrLockLoaderLock flags 1 not supported
0180:fixme:module:LdrLockLoaderLock flags 1 not supported
0180:fixme:module:LdrLockLoaderLock flags 1 not supported
0180:fixme:module:LdrLockLoaderLock flags 1 not supported
0180:fixme:module:LdrLockLoaderLock flags 1 not supported
0180:fixme:module:LdrLockLoaderLock flags 1 not supported
0180:fixme:module:LdrLockLoaderLock flags 1 not supported
0180:fixme:module:LdrLockLoaderLock flags 1 not supported
0180:fixme:module:LdrLockLoaderLock flags 1 not supported
0180:fixme:module:LdrLockLoaderLock flags 1 not supported
0180:fixme:module:LdrLockLoaderLock flags 1 not supported
0180:fixme:module:LdrLockLoaderLock flags 1 not supported
0180:fixme:module:LdrLockLoaderLock flags 1 not supported
0180:fixme:module:LdrLockLoaderLock flags 1 not supported
0180:fixme:module:LdrLockLoaderLock flags 1 not supported
0180:fixme:module:LdrLockLoaderLock flags 1 not supported
0180:fixme:module:LdrLockLoaderLock flags 1 not supported
0180:fixme:module:LdrLockLoaderLock flags 1 not supported
0180:fixme:module:LdrLockLoaderLock flags 1 not supported
0180:fixme:module:LdrLockLoaderLock flags 1 not supported
0180:fixme:module:LdrLockLoaderLock flags 1 not supported
0180:fixme:module:LdrLockLoaderLock flags 1 not supported
0180:fixme:module:LdrLockLoaderLock flags 1 not supported
0180:fixme:module:LdrLockLoaderLock flags 1 not supported
0180:fixme:module:LdrLockLoaderLock flags 1 not supported
0180:fixme:module:LdrLockLoaderLock flags 1 not supported
0180:fixme:module:LdrLockLoaderLock flags 1 not supported
0180:fixme:module:LdrLockLoaderLock flags 1 not supported
0180:fixme:module:LdrLockLoaderLock flags 1 not supported
0180:fixme:module:LdrLockLoaderLock flags 1 not supported
0180:fixme:module:LdrLockLoaderLock flags 1 not supported
0180:fixme:module:LdrLockLoaderLock flags 1 not supported
0180:fixme:module:LdrLockLoaderLock flags 1 not supported
0180:fixme:module:LdrLockLoaderLock flags 1 not supported
0180:fixme:module:LdrLockLoaderLock flags 1 not supported
0180:fixme:module:LdrLockLoaderLock flags 1 not supported
0180:fixme:module:LdrLockLoaderLock flags 1 not supported
0180:fixme:module:LdrLockLoaderLock flags 1 not supported
0180:fixme:module:LdrLockLoaderLock flags 1 not supported
0180:fixme:module:LdrLockLoaderLock flags 1 not supported
0180:fixme:module:LdrLockLoaderLock flags 1 not supported
0180:fixme:module:LdrLockLoaderLock flags 1 not supported
0180:fixme:module:LdrLockLoaderLock flags 1 not supported
0180:fixme:module:LdrLockLoaderLock flags 1 not supported
0180:fixme:module:LdrLockLoaderLock flags 1 not supported
0180:fixme:module:LdrLockLoaderLock flags 1 not supported
0180:fixme:module:LdrLockLoaderLock flags 1 not supported
0180:fixme:module:LdrLockLoaderLock flags 1 not supported
0180:fixme:module:LdrLockLoaderLock flags 1 not supported
0180:fixme:module:LdrLockLoaderLock flags 1 not supported
0180:fixme:module:LdrLockLoaderLock flags 1 not supported
0180:fixme:module:LdrLockLoaderLock flags 1 not supported
0180:fixme:module:LdrLockLoaderLock flags 1 not supported
0180:fixme:module:LdrLockLoaderLock flags 1 not supported
0180:fixme:module:LdrLockLoaderLock flags 1 not supported
0180:fixme:module:LdrLockLoaderLock flags 1 not supported
0180:fixme:module:LdrLockLoaderLock flags 1 not supported
0180:fixme:module:LdrLockLoaderLock flags 1 not supported
0180:fixme:module:LdrLockLoaderLock flags 1 not supported
0180:fixme:module:LdrLockLoaderLock flags 1 not supported
0180:fixme:module:LdrLockLoaderLock flags 1 not supported
0180:fixme:module:LdrLockLoaderLock flags 1 not supported
0180:fixme:module:LdrLockLoaderLock flags 1 not supported
0180:fixme:module:LdrLockLoaderLock flags 1 not supported
0180:fixme:module:LdrLockLoaderLock flags 1 not supported
0180:fixme:seh:WerSetFlags (1) stub
0180:fixme:file:NtLockFile I/O completion on lock not implemented yet
0180:fixme:shcore:SetCurrentProcessExplicitAppUserModelID L"RockstarGames.SocialClub.UI.Final": stub
0180:fixme:bcrypt:BCryptGenRandom ignoring selected algorithm
0180:fixme:bcrypt:BCryptGenRandom ignoring selected algorithm
0180:fixme:bcrypt:BCryptGenRandom ignoring selected algorithm
0180:fixme:bcrypt:BCryptGenRandom ignoring selected algorithm
0180:fixme:module:LdrLockLoaderLock flags 1 not supported
0180:fixme:module:LdrLockLoaderLock flags 1 not supported
01a0:fixme:bcrypt:BCryptGenRandom ignoring selected algorithm
018c:fixme:kernelbase:AppPolicyGetProcessTerminationMethod FFFFFFFFFFFFFFFA, 000000000011FE80
0204:fixme:cryptasn:CryptDecodeObjectEx Unsupported decoder for lpszStructType 1.3.6.1.4.1.311.2.1.4
0204:fixme:cryptasn:CryptDecodeObjectEx Unsupported decoder for lpszStructType 1.3.6.1.4.1.311.2.1.4
info:  Game: Launcher.exe
info:  DXVK: v2.6
info:  Build: x86_64 gcc 14.2.0
info:  Vulkan: Found vkGetInstanceProcAddr in winevulkan.dll @ 0x65dc4000
info:  Built-in extension providers:
info:    Platform WSI
info:    OpenVR
info:    OpenXR
info:  OpenVR: could not open registry key, status 2
info:  OpenVR: Failed to locate module
info:  Required Vulkan extension VK_KHR_surface not supported
err:   DxvkInstance: Required instance extensions not supported
0180:fixme:thread:GetThreadUILanguage : stub, returning default language.
0180:fixme:thread:GetThreadUILanguage : stub, returning default language.
0180:fixme:imm:ImeSetActiveContext himc 000000000003004E, flag 0x1 stub!
0128:fixme:oleacc:find_class_data unhandled window class: L"#32770"
0128:fixme:uiautomation:uia_get_providers_for_hwnd Override provider callback currently unimplemented.
0128:fixme:uiautomation:msaa_provider_GetPropertyValue Unimplemented propertyId 30024
0128:fixme:uiautomation:msaa_fragment_get_FragmentRoot 0000000000C27F98, 0000000001D9FAB0: stub!
0128:fixme:oleacc:find_class_data unhandled window class: L"Static"
0128:fixme:uiautomation:uia_get_providers_for_hwnd Override provider callback currently unimplemented.
0128:fixme:uiautomation:msaa_provider_GetPropertyValue Unimplemented propertyId 30024
0128:fixme:uiautomation:msaa_fragment_get_FragmentRoot 0000000000C28018, 0000000001D9F960: stub!
0128:fixme:oleacc:find_class_data unhandled window class: L"Button"
0128:fixme:uiautomation:uia_get_providers_for_hwnd Override provider callback currently unimplemented.
0128:fixme:uiautomation:msaa_provider_GetPropertyValue Unimplemented propertyId 30024
0128:fixme:uiautomation:msaa_fragment_get_FragmentRoot 0000000000C28098, 0000000001D9F960: stub!
0128:fixme:oleacc:find_class_data unhandled window class: L"Button"
0128:fixme:uiautomation:uia_get_providers_for_hwnd Override provider callback currently unimplemented.
0128:fixme:uiautomation:msaa_provider_GetPropertyValue Unimplemented propertyId 30024
0128:fixme:uiautomation:msaa_fragment_get_FragmentRoot 0000000000C28118, 0000000001D9F960: stub!
0128:fixme:oleacc:find_class_data unhandled window class: L"Static"
0128:fixme:uiautomation:uia_get_providers_for_hwnd Override provider callback currently unimplemented.
0128:fixme:uiautomation:msaa_provider_GetPropertyValue Unimplemented propertyId 30024
0128:fixme:uiautomation:msaa_fragment_get_FragmentRoot 0000000000C28198, 0000000001D9F960: stub!
0128:fixme:oleacc:find_class_data unhandled window class: L"Static"
0128:fixme:uiautomation:uia_get_providers_for_hwnd Override provider callback currently unimplemented.
0128:fixme:uiautomation:msaa_provider_GetPropertyValue Unimplemented propertyId 30024
0128:fixme:uiautomation:msaa_fragment_get_FragmentRoot 0000000000C28218, 0000000001D9FAB0: stub!
0128:fixme:oleacc:find_class_data unhandled window class: L"Button"
0128:fixme:uiautomation:uia_get_providers_for_hwnd Override provider callback currently unimplemented.
0128:fixme:uiautomation:msaa_provider_GetPropertyValue Unimplemented propertyId 30024
0128:fixme:uiautomation:msaa_fragment_get_FragmentRoot 0000000000C28298, 0000000001D9FAB0: stub!
0128:fixme:oleacc:find_class_data unhandled window class: L"Button"
0128:fixme:uiautomation:uia_get_providers_for_hwnd Override provider callback currently unimplemented.
0128:fixme:uiautomation:msaa_provider_GetPropertyValue Unimplemented propertyId 30024
0128:fixme:uiautomation:msaa_fragment_get_FragmentRoot 0000000000C28318, 0000000001D9FAB0: stub!
0128:fixme:oleacc:find_class_data unhandled window class: L"Static"
0128:fixme:uiautomation:uia_get_providers_for_hwnd Override provider callback currently unimplemented.
0128:fixme:uiautomation:msaa_provider_GetPropertyValue Unimplemented propertyId 30024
0128:fixme:uiautomation:msaa_fragment_get_FragmentRoot 0000000000C28398, 0000000001D9FAB0: stub!
0128:fixme:uiautomation:uia_get_providers_for_hwnd Override provider callback currently unimplemented.
0128:fixme:uiautomation:msaa_provider_GetPropertyValue Unimplemented propertyId 30024
0128:fixme:uiautomation:msaa_fragment_get_FragmentRoot 0000000000C28418, 0000000001D9FAB0: stub!
0128:fixme:oleacc:find_class_data unhandled window class: L"#32770"
0128:fixme:uiautomation:uia_get_providers_for_hwnd Override provider callback currently unimplemented.
0128:fixme:uiautomation:msaa_provider_GetPropertyValue Unimplemented propertyId 30024
0128:fixme:uiautomation:uia_element_GetCurrentPropertyValueEx Default property values currently unimplemented
0128:fixme:uiautomation:uia_element_GetCurrentPropertyValueEx Default property values currently unimplemented
0128:fixme:uiautomation:msaa_provider_GetPatternProvider Unimplemented patternId 10002
0128:fixme:uiautomation:nc_provider_GetPatternProvider 0000000000B9CCD0, 10002, 0000000001D9ECC0: stub
0128:fixme:uiautomation:base_hwnd_provider_GetPatternProvider 0000000000B9CC40, 10002, 0000000001D9ECC0: stub
0128:fixme:oleacc:find_class_data unhandled window class: L"#32770"
0128:fixme:uiautomation:uia_get_providers_for_hwnd Override provider callback currently unimplemented.
0128:fixme:uiautomation:msaa_provider_GetPropertyValue Unimplemented propertyId 30024
0128:fixme:uiautomation:uia_element_GetCurrentPropertyValueEx Default property values currently unimplemented
0128:fixme:uiautomation:uia_element_GetCurrentPropertyValueEx Default property values currently unimplemented
0128:fixme:uiautomation:msaa_provider_GetPatternProvider Unimplemented patternId 10002
0128:fixme:uiautomation:nc_provider_GetPatternProvider 0000000000BB3260, 10002, 0000000001D9ECC0: stub
0128:fixme:uiautomation:base_hwnd_provider_GetPatternProvider 0000000000BB31D0, 10002, 0000000001D9ECC0: stub
0128:fixme:oleacc:find_class_data unhandled window class: L"Button"
0128:fixme:uiautomation:uia_get_providers_for_hwnd Override provider callback currently unimplemented.
0128:fixme:uiautomation:msaa_provider_GetPropertyValue Unimplemented propertyId 30024
0128:fixme:uiautomation:uia_element_GetCurrentPropertyValueEx Default property values currently unimplemented
0128:fixme:uiautomation:uia_element_GetCurrentPropertyValueEx Default property values currently unimplemented
0128:fixme:uiautomation:msaa_provider_GetPatternProvider Unimplemented patternId 10002
0128:fixme:uiautomation:nc_provider_GetPatternProvider 0000000000BA1E60, 10002, 0000000001D9ECC0: stub
0128:fixme:uiautomation:base_hwnd_provider_GetPatternProvider 0000000000BA1DD0, 10002, 0000000001D9ECC0: stub
0128:fixme:uiautomation:uia_element_GetCurrentPropertyValueEx Default property values currently unimplemented
0128:fixme:uiautomation:uia_element_GetCurrentPropertyValueEx Default property values currently unimplemented
0128:fixme:uiautomation:base_hwnd_provider_GetPatternProvider 0000000000B9CC40, 10002, 0000000001D9ECC0: stub
025c:fixme:kernelbase:AppPolicyGetProcessTerminationMethod FFFFFFFFFFFFFFFA, 000000000011FE80
01fc:fixme:kernelbase:AppPolicyGetProcessTerminationMethod FFFFFFFFFFFFFFFA, 000000000011FE80
0180:fixme:kernelbase:AppPolicyGetProcessTerminationMethod FFFFFFFFFFFFFFFA, 000000000011FE80
00d0:fixme:imm:ImeSetActiveContext himc 0000000000030062, flag 0x1 stub!
0128:fixme:oleacc:find_class_data unhandled window class: L"#32770"
0128:fixme:uiautomation:uia_get_providers_for_hwnd Override provider callback currently unimplemented.
0128:fixme:uiautomation:msaa_provider_GetPropertyValue Unimplemented propertyId 30024
0128:fixme:uiautomation:msaa_fragment_get_FragmentRoot 0000000000C28498, 0000000001D9FAB0: stub!
0128:fixme:oleacc:find_class_data unhandled window class: L"Static"
0128:fixme:uiautomation:uia_get_providers_for_hwnd Override provider callback currently unimplemented.
0128:fixme:uiautomation:msaa_provider_GetPropertyValue Unimplemented propertyId 30024
0128:fixme:uiautomation:msaa_fragment_get_FragmentRoot 0000000000C28518, 0000000001D9F960: stub!
0128:fixme:oleacc:find_class_data unhandled window class: L"Button"
0128:fixme:uiautomation:uia_get_providers_for_hwnd Override provider callback currently unimplemented.
0128:fixme:uiautomation:msaa_provider_GetPropertyValue Unimplemented propertyId 30024
0128:fixme:uiautomation:msaa_fragment_get_FragmentRoot 0000000000C28598, 0000000001D9F960: stub!
0128:fixme:oleacc:find_class_data unhandled window class: L"Button"
0128:fixme:uiautomation:uia_get_providers_for_hwnd Override provider callback currently unimplemented.
0128:fixme:uiautomation:msaa_provider_GetPropertyValue Unimplemented propertyId 30024
0128:fixme:uiautomation:msaa_fragment_get_FragmentRoot 0000000000C28618, 0000000001D9F960: stub!
0128:fixme:oleacc:find_class_data unhandled window class: L"Static"
0128:fixme:uiautomation:uia_get_providers_for_hwnd Override provider callback currently unimplemented.
0128:fixme:uiautomation:msaa_provider_GetPropertyValue Unimplemented propertyId 30024
0128:fixme:uiautomation:msaa_fragment_get_FragmentRoot 0000000000C28698, 0000000001D9F960: stub!
0128:fixme:oleacc:find_class_data unhandled window class: L"Static"
0128:fixme:uiautomation:uia_get_providers_for_hwnd Override provider callback currently unimplemented.
0128:fixme:uiautomation:msaa_provider_GetPropertyValue Unimplemented propertyId 30024
0128:fixme:uiautomation:msaa_fragment_get_FragmentRoot 0000000000C28718, 0000000001D9FAB0: stub!
0128:fixme:oleacc:find_class_data unhandled window class: L"Button"
0128:fixme:uiautomation:uia_get_providers_for_hwnd Override provider callback currently unimplemented.
0128:fixme:uiautomation:msaa_provider_GetPropertyValue Unimplemented propertyId 30024
0128:fixme:uiautomation:msaa_fragment_get_FragmentRoot 0000000000C28798, 0000000001D9FAB0: stub!
0128:fixme:oleacc:find_class_data unhandled window class: L"Button"
0128:fixme:uiautomation:uia_get_providers_for_hwnd Override provider callback currently unimplemented.
0128:fixme:uiautomation:msaa_provider_GetPropertyValue Unimplemented propertyId 30024
0128:fixme:uiautomation:msaa_fragment_get_FragmentRoot 0000000000C28818, 0000000001D9FAB0: stub!
0128:fixme:oleacc:find_class_data unhandled window class: L"Static"
0128:fixme:uiautomation:uia_get_providers_for_hwnd Override provider callback currently unimplemented.
0128:fixme:uiautomation:msaa_provider_GetPropertyValue Unimplemented propertyId 30024
0128:fixme:uiautomation:msaa_fragment_get_FragmentRoot 0000000000C28898, 0000000001D9FAB0: stub!
0128:fixme:uiautomation:uia_get_providers_for_hwnd Override provider callback currently unimplemented.
0128:fixme:uiautomation:msaa_provider_GetPropertyValue Unimplemented propertyId 30024
0128:fixme:uiautomation:msaa_fragment_get_FragmentRoot 0000000000C28918, 0000000001D9FAB0: stub!
0128:fixme:oleacc:find_class_data unhandled window class: L"#32770"
0128:fixme:uiautomation:uia_get_providers_for_hwnd Override provider callback currently unimplemented.
0128:fixme:uiautomation:msaa_provider_GetPropertyValue Unimplemented propertyId 30024
0128:fixme:uiautomation:uia_element_GetCurrentPropertyValueEx Default property values currently unimplemented
0128:fixme:uiautomation:uia_element_GetCurrentPropertyValueEx Default property values currently unimplemented
0128:fixme:uiautomation:msaa_provider_GetPatternProvider Unimplemented patternId 10002
0128:fixme:uiautomation:nc_provider_GetPatternProvider 0000000000B9CCD0, 10002, 0000000001D9ECC0: stub
0128:fixme:uiautomation:base_hwnd_provider_GetPatternProvider 0000000000B9CC40, 10002, 0000000001D9ECC0: stub
0128:fixme:oleacc:find_class_data unhandled window class: L"#32770"
0128:fixme:uiautomation:uia_get_providers_for_hwnd Override provider callback currently unimplemented.
0128:fixme:uiautomation:msaa_provider_GetPropertyValue Unimplemented propertyId 30024
0128:fixme:uiautomation:uia_element_GetCurrentPropertyValueEx Default property values currently unimplemented
0128:fixme:uiautomation:uia_element_GetCurrentPropertyValueEx Default property values currently unimplemented
0128:fixme:uiautomation:msaa_provider_GetPatternProvider Unimplemented patternId 10002
0128:fixme:uiautomation:nc_provider_GetPatternProvider 0000000000BA8A20, 10002, 0000000001D9ECC0: stub
0128:fixme:uiautomation:base_hwnd_provider_GetPatternProvider 0000000000BA8990, 10002, 0000000001D9ECC0: stub
0128:fixme:oleacc:find_class_data unhandled window class: L"Button"
0128:fixme:uiautomation:uia_get_providers_for_hwnd Override provider callback currently unimplemented.
0128:fixme:uiautomation:msaa_provider_GetPropertyValue Unimplemented propertyId 30024
0128:fixme:uiautomation:uia_element_GetCurrentPropertyValueEx Default property values currently unimplemented
0128:fixme:uiautomation:uia_element_GetCurrentPropertyValueEx Default property values currently unimplemented
0128:fixme:uiautomation:msaa_provider_GetPatternProvider Unimplemented patternId 10002
0128:fixme:uiautomation:nc_provider_GetPatternProvider 0000000000BB6220, 10002, 0000000001D9ECC0: stub
0128:fixme:uiautomation:base_hwnd_provider_GetPatternProvider 0000000000BB6190, 10002, 0000000001D9ECC0: stub
0128:fixme:oleacc:find_class_data unhandled window class: L"#32769"
0128:fixme:uiautomation:uia_get_providers_for_hwnd Override provider callback currently unimplemented.
0128:fixme:uiautomation:msaa_provider_GetPropertyValue Unimplemented propertyId 30024
0128:fixme:uiautomation:uia_element_GetCurrentPropertyValueEx Default property values currently unimplemented
0128:fixme:uiautomation:uia_element_GetCurrentPropertyValueEx Default property values currently unimplemented
0128:fixme:uiautomation:msaa_provider_GetPatternProvider Unimplemented patternId 10002
0128:fixme:uiautomation:nc_provider_GetPatternProvider 0000000000B9CCD0, 10002, 0000000001D9ECC0: stub
0128:fixme:uiautomation:base_hwnd_provider_GetPatternProvider 0000000000B9CC40, 10002, 0000000001D9ECC0: stub
0128:fixme:oleacc:find_class_data unhandled window class: L"Button"
0128:fixme:uiautomation:uia_get_providers_for_hwnd Override provider callback currently unimplemented.
0128:fixme:uiautomation:msaa_provider_GetPropertyValue Unimplemented propertyId 30024
0128:fixme:uiautomation:uia_element_GetCurrentPropertyValueEx Default property values currently unimplemented
0128:fixme:uiautomation:uia_element_GetCurrentPropertyValueEx Default property values currently unimplemented
0128:fixme:uiautomation:msaa_provider_GetPatternProvider Unimplemented patternId 10002
0128:fixme:uiautomation:nc_provider_GetPatternProvider 0000000000BA8A20, 10002, 0000000001D9ECC0: stub
0128:fixme:uiautomation:base_hwnd_provider_GetPatternProvider 0000000000BA8990, 10002, 0000000001D9ECC0: stub
0128:fixme:uiautomation:uia_element_GetCurrentPropertyValueEx Default property values currently unimplemented
0128:fixme:uiautomation:uia_element_GetCurrentPropertyValueEx Default property values currently unimplemented
0128:fixme:uiautomation:base_hwnd_provider_GetPatternProvider 0000000000BB6190, 10002, 0000000001D9ECC0: stub
[3/17/2025, 11:49:45 AM] LEGENDARY_CONFIG_PATH=/home/SamDaaEpic/.config/heroic/legendaryConfig/legendary /opt/Heroic/resources/app.asar.unpacked/build/bin/x64/linux/legendary list --third-party
[cli] INFO: Logging in...
[Core] INFO: Trying to re-use existing login session...
[cli] INFO: Getting game list... (this may take a while)

Available games:
 * Fortnite (App name: Fortnite | Version: ++Fortnite+Release-34.10-CL-40567068-Windows)
 * Grand Theft Auto V (App name: 9d2d0eb64d5c44529cece33fe2a46482 | Version: 1.0.3442.0)
 * Grand Theft Auto V Enhanced (App name: 8769e24080ea413b8ebca3f1b8c50951 | Version: 1.0.812.6)
 * Rocket League® (App name: Sugar | Version: BC2_Update54+477186)
 * VALORANT (App name: 602eb4abc8764c87b7f2607a1ef8c18e | Version: 2609-591)
 * Watch Dogs 2 (App name: Angelonia | Version: 1.0)
  - This game can be activated directly on your Ubisoft account and does not require legendary to install/run. This game requires Ubisoft Connect to be installed. Use "legendary activate --uplay" and follow the instructions.

Total: 6
[3/17/2025, 11:49:54 AM] HEROIC_APP_NAME=9d2d0eb64d5c44529cece33fe2a46482 HEROIC_APP_RUNNER=legendary GAMEID=umu-0 HEROIC_APP_SOURCE=epic STORE=egs STEAM_COMPAT_INSTALL_PATH=/home/SamDaaEpic/Games/Heroic/GTAV LD_PRELOAD= WINEPREFIX="/home/SamDaaEpic/Games/Heroic/Prefixes/default/Grand Theft Auto V" WINEDLLOVERRIDES=winemenubuilder.exe=d WINE_FULLSCREEN_FSR=0 WINEESYNC=1 WINEFSYNC=1 DXVK_ENABLE_NVAPI=1 DXVK_NVAPI_ALLOW_OTHER_DRIVERS=1 PROTON_EAC_RUNTIME=/home/SamDaaEpic/.config/heroic/tools/runtimes/eac_runtime PROTON_BATTLEYE_RUNTIME=/home/SamDaaEpic/.config/heroic/tools/runtimes/battleye_runtime ORIG_LD_LIBRARY_PATH= LD_LIBRARY_PATH=/home/SamDaaEpic/.config/heroic/tools/wine/Wine-GE-Proton8-26/lib64:/home/SamDaaEpic/.config/heroic/tools/wine/Wine-GE-Proton8-26/lib GST_PLUGIN_SYSTEM_PATH_1_0=/home/SamDaaEpic/.config/heroic/tools/wine/Wine-GE-Proton8-26/lib64/gstreamer-1.0:/home/SamDaaEpic/.config/heroic/tools/wine/Wine-GE-Proton8-26/lib/gstreamer-1.0 WINEDLLPATH=/home/SamDaaEpic/.config/heroic/tools/wine/Wine-GE-Proton8-26/lib64/wine:/home/SamDaaEpic/.config/heroic/tools/wine/Wine-GE-Proton8-26/lib/wine LEGENDARY_CONFIG_PATH=/home/SamDaaEpic/.config/heroic/legendaryConfig/legendary /opt/Heroic/resources/app.asar.unpacked/build/bin/x64/linux/legendary launch 9d2d0eb64d5c44529cece33fe2a46482 --wine /home/SamDaaEpic/.config/heroic/tools/wine/Wine-GE-Proton8-26/bin/wine --language en
[cli] INFO: Logging in...
[Core] INFO: Trying to re-use existing login session...
[cli] INFO: Checking for updates...
[Core] INFO: Getting authentication token...
[cli] INFO: Launching 9d2d0eb64d5c44529cece33fe2a46482...
fsync: up and running.
wine: RLIMIT_NICE is <= 20, unable to use setpriority safely
002c:fixme:winediag:LdrInitializeThunk wine-staging 8.0 is a testing version containing experimental patches.
002c:fixme:winediag:LdrInitializeThunk Please mention your exact version when filing bug reports on winehq.org.
0070:fixme:hid:handle_IRP_MN_QUERY_ID Unhandled type 00000005
0070:fixme:hid:handle_IRP_MN_QUERY_ID Unhandled type 00000005
0070:fixme:hid:handle_IRP_MN_QUERY_ID Unhandled type 00000005
0070:fixme:hid:handle_IRP_MN_QUERY_ID Unhandled type 00000005
0084:err:hid:udev_bus_init UDEV monitor creation failed
0118:fixme:oleacc:find_class_data unhandled window class: L"#32769"
0118:fixme:uiautomation:uia_get_providers_for_hwnd Override provider callback currently unimplemented.
0118:fixme:uiautomation:msaa_provider_GetPropertyValue Unimplemented propertyId 30024
0118:fixme:uiautomation:msaa_fragment_get_FragmentRoot 0000000000B7B5C8, 000000000062FAC0: stub!
0124:fixme:uiautomation:uia_get_providers_for_hwnd Override provider callback currently unimplemented.
0124:fixme:uiautomation:msaa_provider_GetPropertyValue Unimplemented propertyId 30024
0124:fixme:uiautomation:msaa_fragment_get_FragmentRoot 0000000000BAB678, 0000000001D9FAB0: stub!
0124:fixme:oleacc:find_class_data unhandled window class: L"#32770"
0124:fixme:uiautomation:uia_get_providers_for_hwnd Override provider callback currently unimplemented.
0124:fixme:uiautomation:msaa_provider_GetPropertyValue Unimplemented propertyId 30024
0124:fixme:uiautomation:msaa_fragment_get_FragmentRoot 0000000000BAB798, 0000000001D9FAB0: stub!
0124:fixme:oleacc:find_class_data unhandled window class: L"Static"
0124:fixme:uiautomation:uia_get_providers_for_hwnd Override provider callback currently unimplemented.
0124:fixme:uiautomation:msaa_provider_GetPropertyValue Unimplemented propertyId 30024
0124:fixme:uiautomation:msaa_fragment_get_FragmentRoot 0000000000BA9488, 0000000001D9FAB0: stub!
0124:fixme:oleacc:find_class_data unhandled window class: L"Static"
0124:fixme:uiautomation:uia_get_providers_for_hwnd Override provider callback currently unimplemented.
0124:fixme:uiautomation:msaa_provider_GetPropertyValue Unimplemented propertyId 30024
0124:fixme:uiautomation:msaa_fragment_get_FragmentRoot 0000000000BB4BF8, 0000000001D9FAB0: stub!
0124:fixme:oleacc:find_class_data unhandled window class: L"Static"
0124:fixme:uiautomation:uia_get_providers_for_hwnd Override provider callback currently unimplemented.
0124:fixme:uiautomation:msaa_provider_GetPropertyValue Unimplemented propertyId 30024
0124:fixme:uiautomation:msaa_fragment_get_FragmentRoot 0000000000BB4C78, 0000000001D9FAB0: stub!
00dc:fixme:imm:ImeSetActiveContext himc 0000000000010026, flag 0 stub!
0128:fixme:imm:ImeSetActiveContext himc 00020068, flag 0x1 stub!
0124:fixme:uiautomation:uia_get_providers_for_hwnd Override provider callback currently unimplemented.
0124:fixme:uiautomation:msaa_provider_GetPropertyValue Unimplemented propertyId 30024
0124:fixme:uiautomation:msaa_fragment_get_FragmentRoot 0000000000BB40C8, 0000000001D9FAB0: stub!
0124:fixme:uiautomation:uia_get_providers_for_hwnd Override provider callback currently unimplemented.
0124:fixme:uiautomation:msaa_provider_GetPropertyValue Unimplemented propertyId 30024
0124:fixme:uiautomation:msaa_fragment_get_FragmentRoot 0000000000BB4148, 0000000001D9FAB0: stub!
0124:fixme:oleacc:find_class_data unhandled window class: L"Static"
0124:fixme:uiautomation:uia_get_providers_for_hwnd Override provider callback currently unimplemented.
0124:fixme:uiautomation:msaa_provider_GetPropertyValue Unimplemented propertyId 30024
0124:fixme:uiautomation:uia_element_GetCurrentPropertyValueEx Default property values currently unimplemented
0124:fixme:uiautomation:uia_element_GetCurrentPropertyValueEx Default property values currently unimplemented
0124:fixme:uiautomation:msaa_provider_GetPatternProvider Unimplemented patternId 10002
0124:fixme:uiautomation:nc_provider_GetPatternProvider 0000000000BB5B80, 10002, 0000000001D9ECC0: stub
0124:fixme:uiautomation:base_hwnd_provider_GetPatternProvider 0000000000BB5AF0, 10002, 0000000001D9ECC0: stub
0124:fixme:oleacc:find_class_data unhandled window class: L"#32770"
0124:fixme:uiautomation:uia_get_providers_for_hwnd Override provider callback currently unimplemented.
0124:fixme:uiautomation:msaa_provider_GetPropertyValue Unimplemented propertyId 30024
0124:fixme:uiautomation:msaa_fragment_get_FragmentRoot 0000000000BA9508, 0000000001D9FAB0: stub!
0160:fixme:module:LdrLockLoaderLock flags 1 not supported
0160:fixme:module:LdrLockLoaderLock flags 1 not supported
0160:fixme:module:LdrLockLoaderLock flags 1 not supported
0160:fixme:module:LdrLockLoaderLock flags 1 not supported
0160:fixme:module:LdrLockLoaderLock flags 1 not supported
0160:fixme:module:LdrLockLoaderLock flags 1 not supported
0160:fixme:module:LdrLockLoaderLock flags 1 not supported
0160:fixme:module:LdrLockLoaderLock flags 1 not supported
0160:fixme:module:LdrLockLoaderLock flags 1 not supported
0160:fixme:module:LdrLockLoaderLock flags 1 not supported
0160:fixme:module:LdrLockLoaderLock flags 1 not supported
0160:fixme:module:LdrLockLoaderLock flags 1 not supported
0160:fixme:module:LdrLockLoaderLock flags 1 not supported
0160:fixme:module:LdrLockLoaderLock flags 1 not supported
0160:fixme:module:LdrLockLoaderLock flags 1 not supported
0160:fixme:module:LdrLockLoaderLock flags 1 not supported
0160:fixme:module:LdrLockLoaderLock flags 1 not supported
0160:fixme:module:LdrLockLoaderLock flags 1 not supported
0160:fixme:module:LdrLockLoaderLock flags 1 not supported
0160:fixme:module:LdrLockLoaderLock flags 1 not supported
0160:fixme:module:LdrLockLoaderLock flags 1 not supported
0160:fixme:module:LdrLockLoaderLock flags 1 not supported
0160:fixme:module:LdrLockLoaderLock flags 1 not supported
0160:fixme:module:LdrLockLoaderLock flags 1 not supported
0160:fixme:module:LdrLockLoaderLock flags 1 not supported
0160:fixme:module:LdrLockLoaderLock flags 1 not supported
0160:fixme:module:LdrLockLoaderLock flags 1 not supported
0160:fixme:module:LdrLockLoaderLock flags 1 not supported
0160:fixme:module:LdrLockLoaderLock flags 1 not supported
0160:fixme:module:LdrLockLoaderLock flags 1 not supported
0160:fixme:module:LdrLockLoaderLock flags 1 not supported
0160:fixme:module:LdrLockLoaderLock flags 1 not supported
0160:fixme:module:LdrLockLoaderLock flags 1 not supported
0160:fixme:module:LdrLockLoaderLock flags 1 not supported
0160:fixme:module:LdrLockLoaderLock flags 1 not supported
0160:fixme:module:LdrLockLoaderLock flags 1 not supported
0160:fixme:module:LdrLockLoaderLock flags 1 not supported
0160:fixme:module:LdrLockLoaderLock flags 1 not supported
0160:fixme:module:LdrLockLoaderLock flags 1 not supported
0160:fixme:module:LdrLockLoaderLock flags 1 not supported
0160:fixme:module:LdrLockLoaderLock flags 1 not supported
0160:fixme:module:LdrLockLoaderLock flags 1 not supported
0160:fixme:module:LdrLockLoaderLock flags 1 not supported
0160:fixme:module:LdrLockLoaderLock flags 1 not supported
0160:fixme:module:LdrLockLoaderLock flags 1 not supported
0160:fixme:module:LdrLockLoaderLock flags 1 not supported
0160:fixme:module:LdrLockLoaderLock flags 1 not supported
0160:fixme:module:LdrLockLoaderLock flags 1 not supported
0160:fixme:module:LdrLockLoaderLock flags 1 not supported
0160:fixme:module:LdrLockLoaderLock flags 1 not supported
0160:fixme:module:LdrLockLoaderLock flags 1 not supported
0160:fixme:module:LdrLockLoaderLock flags 1 not supported
0160:fixme:module:LdrLockLoaderLock flags 1 not supported
0160:fixme:module:LdrLockLoaderLock flags 1 not supported
0160:fixme:module:LdrLockLoaderLock flags 1 not supported
0160:fixme:module:LdrLockLoaderLock flags 1 not supported
0160:fixme:module:LdrLockLoaderLock flags 1 not supported
0160:fixme:module:LdrLockLoaderLock flags 1 not supported
0160:fixme:module:LdrLockLoaderLock flags 1 not supported
0160:fixme:module:LdrLockLoaderLock flags 1 not supported
0160:fixme:module:LdrLockLoaderLock flags 1 not supported
0160:fixme:module:LdrLockLoaderLock flags 1 not supported
0160:fixme:module:LdrLockLoaderLock flags 1 not supported
0160:fixme:module:LdrLockLoaderLock flags 1 not supported
0160:fixme:module:LdrLockLoaderLock flags 1 not supported
0160:fixme:module:LdrLockLoaderLock flags 1 not supported
0160:fixme:module:LdrLockLoaderLock flags 1 not supported
0160:fixme:module:LdrLockLoaderLock flags 1 not supported
0160:fixme:module:LdrLockLoaderLock flags 1 not supported
0160:fixme:module:LdrLockLoaderLock flags 1 not supported
0160:fixme:seh:WerSetFlags (1) stub
0160:fixme:file:NtLockFile I/O completion on lock not implemented yet
0160:fixme:shcore:SetCurrentProcessExplicitAppUserModelID L"RockstarGames.SocialClub.UI.Final": stub
0160:fixme:bcrypt:BCryptGenRandom ignoring selected algorithm
0160:fixme:bcrypt:BCryptGenRandom ignoring selected algorithm
0160:fixme:bcrypt:BCryptGenRandom ignoring selected algorithm
0160:fixme:bcrypt:BCryptGenRandom ignoring selected algorithm
0160:fixme:module:LdrLockLoaderLock flags 1 not supported
0160:fixme:module:LdrLockLoaderLock flags 1 not supported
info:  Game: Launcher.exe
info:  DXVK: v2.6
info:  Build: x86_64 gcc 14.2.0
info:  Vulkan: Found vkGetInstanceProcAddr in winevulkan.dll @ 0x65dc4000
info:  Built-in extension providers:
info:    Platform WSI
info:    OpenVR
info:    OpenXR
info:  OpenVR: could not open registry key, status 2
info:  OpenVR: Failed to locate module
info:  Required Vulkan extension VK_KHR_surface not supported
err:   DxvkInstance: Required instance extensions not supported
0160:fixme:thread:GetThreadUILanguage : stub, returning default language.
0160:fixme:thread:GetThreadUILanguage : stub, returning default language.
0160:fixme:imm:ImeSetActiveContext himc 0000000000060072, flag 0x1 stub!
0124:fixme:oleacc:find_class_data unhandled window class: L"#32770"
0124:fixme:uiautomation:uia_get_providers_for_hwnd Override provider callback currently unimplemented.
0124:fixme:uiautomation:msaa_provider_GetPropertyValue Unimplemented propertyId 30024
0124:fixme:uiautomation:msaa_fragment_get_FragmentRoot 0000000000BA9588, 0000000001D9FAB0: stub!
0124:fixme:oleacc:find_class_data unhandled window class: L"Static"
0124:fixme:uiautomation:uia_get_providers_for_hwnd Override provider callback currently unimplemented.
0124:fixme:uiautomation:msaa_provider_GetPropertyValue Unimplemented propertyId 30024
0124:fixme:uiautomation:msaa_fragment_get_FragmentRoot 0000000000BA9608, 0000000001D9F960: stub!
0124:fixme:oleacc:find_class_data unhandled window class: L"Button"
0124:fixme:uiautomation:uia_get_providers_for_hwnd Override provider callback currently unimplemented.
0124:fixme:uiautomation:msaa_provider_GetPropertyValue Unimplemented propertyId 30024
0124:fixme:uiautomation:msaa_fragment_get_FragmentRoot 0000000000BA8058, 0000000001D9F960: stub!
0124:fixme:oleacc:find_class_data unhandled window class: L"Button"
0124:fixme:uiautomation:uia_get_providers_for_hwnd Override provider callback currently unimplemented.
0124:fixme:uiautomation:msaa_provider_GetPropertyValue Unimplemented propertyId 30024
0124:fixme:uiautomation:msaa_fragment_get_FragmentRoot 0000000000BA80D8, 0000000001D9F960: stub!
0124:fixme:oleacc:find_class_data unhandled window class: L"Static"
0124:fixme:uiautomation:uia_get_providers_for_hwnd Override provider callback currently unimplemented.
0124:fixme:uiautomation:msaa_provider_GetPropertyValue Unimplemented propertyId 30024
0124:fixme:uiautomation:msaa_fragment_get_FragmentRoot 0000000000BA8158, 0000000001D9F960: stub!
0124:fixme:oleacc:find_class_data unhandled window class: L"Static"
0124:fixme:uiautomation:uia_get_providers_for_hwnd Override provider callback currently unimplemented.
0124:fixme:uiautomation:msaa_provider_GetPropertyValue Unimplemented propertyId 30024
0124:fixme:uiautomation:msaa_fragment_get_FragmentRoot 0000000000BBE5E8, 0000000001D9FAB0: stub!
0124:fixme:oleacc:find_class_data unhandled window class: L"Button"
0124:fixme:uiautomation:uia_get_providers_for_hwnd Override provider callback currently unimplemented.
0124:fixme:uiautomation:msaa_provider_GetPropertyValue Unimplemented propertyId 30024
0124:fixme:uiautomation:msaa_fragment_get_FragmentRoot 0000000000BBE668, 0000000001D9FAB0: stub!
0124:fixme:oleacc:find_class_data unhandled window class: L"Button"
0124:fixme:uiautomation:uia_get_providers_for_hwnd Override provider callback currently unimplemented.
0124:fixme:uiautomation:msaa_provider_GetPropertyValue Unimplemented propertyId 30024
0124:fixme:uiautomation:msaa_fragment_get_FragmentRoot 0000000000BBE6E8, 0000000001D9FAB0: stub!
0124:fixme:oleacc:find_class_data unhandled window class: L"Static"
0124:fixme:uiautomation:uia_get_providers_for_hwnd Override provider callback currently unimplemented.
0124:fixme:uiautomation:msaa_provider_GetPropertyValue Unimplemented propertyId 30024
0124:fixme:uiautomation:msaa_fragment_get_FragmentRoot 0000000000BBE768, 0000000001D9FAB0: stub!
0124:fixme:uiautomation:uia_get_providers_for_hwnd Override provider callback currently unimplemented.
0124:fixme:uiautomation:msaa_provider_GetPropertyValue Unimplemented propertyId 30024
0124:fixme:uiautomation:msaa_fragment_get_FragmentRoot 0000000000BBE7E8, 0000000001D9FAB0: stub!
0124:fixme:oleacc:find_class_data unhandled window class: L"#32770"
0124:fixme:uiautomation:uia_get_providers_for_hwnd Override provider callback currently unimplemented.
0124:fixme:uiautomation:msaa_provider_GetPropertyValue Unimplemented propertyId 30024
0124:fixme:uiautomation:uia_element_GetCurrentPropertyValueEx Default property values currently unimplemented
0124:fixme:uiautomation:uia_element_GetCurrentPropertyValueEx Default property values currently unimplemented
0124:fixme:uiautomation:msaa_provider_GetPatternProvider Unimplemented patternId 10002
0124:fixme:uiautomation:nc_provider_GetPatternProvider 0000000000B9C630, 10002, 0000000001D9ECC0: stub
0124:fixme:uiautomation:base_hwnd_provider_GetPatternProvider 0000000000B9C5A0, 10002, 0000000001D9ECC0: stub
0124:fixme:oleacc:find_class_data unhandled window class: L"#32770"
0124:fixme:uiautomation:uia_get_providers_for_hwnd Override provider callback currently unimplemented.
0124:fixme:uiautomation:msaa_provider_GetPropertyValue Unimplemented propertyId 30024
0124:fixme:uiautomation:uia_element_GetCurrentPropertyValueEx Default property values currently unimplemented
0124:fixme:uiautomation:uia_element_GetCurrentPropertyValueEx Default property values currently unimplemented
0124:fixme:uiautomation:msaa_provider_GetPatternProvider Unimplemented patternId 10002
0124:fixme:uiautomation:nc_provider_GetPatternProvider 0000000000BBAB60, 10002, 0000000001D9ECC0: stub
0124:fixme:uiautomation:base_hwnd_provider_GetPatternProvider 0000000000BBAAD0, 10002, 0000000001D9ECC0: stub
0124:fixme:oleacc:find_class_data unhandled window class: L"Button"
0124:fixme:uiautomation:uia_get_providers_for_hwnd Override provider callback currently unimplemented.
0124:fixme:uiautomation:msaa_provider_GetPropertyValue Unimplemented propertyId 30024
0124:fixme:uiautomation:uia_element_GetCurrentPropertyValueEx Default property values currently unimplemented
0124:fixme:uiautomation:uia_element_GetCurrentPropertyValueEx Default property values currently unimplemented
0124:fixme:uiautomation:msaa_provider_GetPatternProvider Unimplemented patternId 10002
0124:fixme:uiautomation:nc_provider_GetPatternProvider 0000000000BAFCE0, 10002, 0000000001D9ECC0: stub
0124:fixme:uiautomation:base_hwnd_provider_GetPatternProvider 0000000000BAFC50, 10002, 0000000001D9ECC0: stub
016c:fixme:kernelbase:AppPolicyGetProcessTerminationMethod FFFFFFFFFFFFFFFA, 000000000011FE80
0124:fixme:oleacc:find_class_data unhandled window class: L"#32769"
0124:fixme:uiautomation:uia_get_providers_for_hwnd Override provider callback currently unimplemented.
0124:fixme:uiautomation:msaa_provider_GetPropertyValue Unimplemented propertyId 30024
0124:fixme:uiautomation:uia_element_GetCurrentPropertyValueEx Default property values currently unimplemented
0124:fixme:uiautomation:uia_element_GetCurrentPropertyValueEx Default property values currently unimplemented
0124:fixme:uiautomation:msaa_provider_GetPatternProvider Unimplemented patternId 10002
0124:fixme:uiautomation:nc_provider_GetPatternProvider 0000000000B9C630, 10002, 0000000001D9ECC0: stub
0124:fixme:uiautomation:base_hwnd_provider_GetPatternProvider 0000000000B9C5A0, 10002, 0000000001D9ECC0: stub
0124:fixme:oleacc:find_class_data unhandled window class: L"Button"
0124:fixme:uiautomation:uia_get_providers_for_hwnd Override provider callback currently unimplemented.
0124:fixme:uiautomation:msaa_provider_GetPropertyValue Unimplemented propertyId 30024
0124:fixme:uiautomation:uia_element_GetCurrentPropertyValueEx Default property values currently unimplemented
0124:fixme:uiautomation:uia_element_GetCurrentPropertyValueEx Default property values currently unimplemented
0124:fixme:uiautomation:msaa_provider_GetPatternProvider Unimplemented patternId 10002
0124:fixme:uiautomation:nc_provider_GetPatternProvider 0000000000BBAB60, 10002, 0000000001D9ECC0: stub
0124:fixme:uiautomation:base_hwnd_provider_GetPatternProvider 0000000000BBAAD0, 10002, 0000000001D9ECC0: stub
0124:fixme:oleacc:find_class_data unhandled window class: L"#32769"
0124:fixme:uiautomation:uia_get_providers_for_hwnd Override provider callback currently unimplemented.
0124:fixme:uiautomation:msaa_provider_GetPropertyValue Unimplemented propertyId 30024
0124:fixme:uiautomation:uia_element_GetCurrentPropertyValueEx Default property values currently unimplemented
0124:fixme:uiautomation:uia_element_GetCurrentPropertyValueEx Default property values currently unimplemented
0124:fixme:uiautomation:msaa_provider_GetPatternProvider Unimplemented patternId 10002
0124:fixme:uiautomation:nc_provider_GetPatternProvider 0000000000BAFCE0, 10002, 0000000001D9ECC0: stub
0124:fixme:uiautomation:base_hwnd_provider_GetPatternProvider 0000000000BAFC50, 10002, 0000000001D9ECC0: stub
0124:fixme:oleacc:find_class_data unhandled window class: L"Button"
0124:fixme:uiautomation:uia_get_providers_for_hwnd Override provider callback currently unimplemented.
0124:fixme:uiautomation:msaa_provider_GetPropertyValue Unimplemented propertyId 30024
0124:fixme:uiautomation:uia_element_GetCurrentPropertyValueEx Default property values currently unimplemented
0124:fixme:uiautomation:uia_element_GetCurrentPropertyValueEx Default property values currently unimplemented
0124:fixme:uiautomation:msaa_provider_GetPatternProvider Unimplemented patternId 10002
0124:fixme:uiautomation:nc_provider_GetPatternProvider 0000000000B9C630, 10002, 0000000001D9ECC0: stub
0124:fixme:uiautomation:base_hwnd_provider_GetPatternProvider 0000000000B9C5A0, 10002, 0000000001D9ECC0: stub
0124:fixme:uiautomation:uia_element_GetCurrentPropertyValueEx Default property values currently unimplemented
0124:fixme:uiautomation:uia_element_GetCurrentPropertyValueEx Default property values currently unimplemented
0124:fixme:uiautomation:base_hwnd_provider_GetPatternProvider 0000000000BA30E0, 10002, 0000000001D9ECC0: stub
0244:fixme:kernelbase:AppPolicyGetProcessTerminationMethod FFFFFFFFFFFFFFFA, 000000000011FE80
0208:fixme:kernelbase:AppPolicyGetProcessTerminationMethod FFFFFFFFFFFFFFFA, 000000000011FE80
0160:fixme:kernelbase:AppPolicyGetProcessTerminationMethod FFFFFFFFFFFFFFFA, 000000000011FE80
00cc:fixme:imm:ImeSetActiveContext himc 000000000005006A, flag 0x1 stub!
0124:fixme:oleacc:find_class_data unhandled window class: L"#32770"
0124:fixme:uiautomation:uia_get_providers_for_hwnd Override provider callback currently unimplemented.
0124:fixme:uiautomation:msaa_provider_GetPropertyValue Unimplemented propertyId 30024
0124:fixme:uiautomation:msaa_fragment_get_FragmentRoot 0000000000BBE868, 0000000001D9FAB0: stub!
0124:fixme:oleacc:find_class_data unhandled window class: L"Static"
0124:fixme:uiautomation:uia_get_providers_for_hwnd Override provider callback currently unimplemented.
0124:fixme:uiautomation:msaa_provider_GetPropertyValue Unimplemented propertyId 30024
0124:fixme:uiautomation:msaa_fragment_get_FragmentRoot 0000000000BBE8E8, 0000000001D9F960: stub!
0124:fixme:oleacc:find_class_data unhandled window class: L"Button"
0124:fixme:uiautomation:uia_get_providers_for_hwnd Override provider callback currently unimplemented.
0124:fixme:uiautomation:msaa_provider_GetPropertyValue Unimplemented propertyId 30024
0124:fixme:uiautomation:msaa_fragment_get_FragmentRoot 0000000000BBE968, 0000000001D9F960: stub!
0124:fixme:oleacc:find_class_data unhandled window class: L"Button"
0124:fixme:uiautomation:uia_get_providers_for_hwnd Override provider callback currently unimplemented.
0124:fixme:uiautomation:msaa_provider_GetPropertyValue Unimplemented propertyId 30024
0124:fixme:uiautomation:msaa_fragment_get_FragmentRoot 0000000000BBE9E8, 0000000001D9F960: stub!
0124:fixme:oleacc:find_class_data unhandled window class: L"Static"
0124:fixme:uiautomation:uia_get_providers_for_hwnd Override provider callback currently unimplemented.
0124:fixme:uiautomation:msaa_provider_GetPropertyValue Unimplemented propertyId 30024
0124:fixme:uiautomation:msaa_fragment_get_FragmentRoot 0000000000BBEA68, 0000000001D9F960: stub!
0124:fixme:oleacc:find_class_data unhandled window class: L"Static"
0124:fixme:uiautomation:uia_get_providers_for_hwnd Override provider callback currently unimplemented.
0124:fixme:uiautomation:msaa_provider_GetPropertyValue Unimplemented propertyId 30024
0124:fixme:uiautomation:msaa_fragment_get_FragmentRoot 0000000000BBEAE8, 0000000001D9FAB0: stub!
0124:fixme:oleacc:find_class_data unhandled window class: L"Button"
0124:fixme:uiautomation:uia_get_providers_for_hwnd Override provider callback currently unimplemented.
0124:fixme:uiautomation:msaa_provider_GetPropertyValue Unimplemented propertyId 30024
0124:fixme:uiautomation:msaa_fragment_get_FragmentRoot 0000000000BBEB68, 0000000001D9FAB0: stub!
0124:fixme:oleacc:find_class_data unhandled window class: L"Button"
0124:fixme:uiautomation:uia_get_providers_for_hwnd Override provider callback currently unimplemented.
0124:fixme:uiautomation:msaa_provider_GetPropertyValue Unimplemented propertyId 30024
0124:fixme:uiautomation:msaa_fragment_get_FragmentRoot 0000000000BBEBE8, 0000000001D9FAB0: stub!
0124:fixme:oleacc:find_class_data unhandled window class: L"Static"
0124:fixme:uiautomation:uia_get_providers_for_hwnd Override provider callback currently unimplemented.
0124:fixme:uiautomation:msaa_provider_GetPropertyValue Unimplemented propertyId 30024
0124:fixme:uiautomation:msaa_fragment_get_FragmentRoot 0000000000BBEC68, 0000000001D9FAB0: stub!
0124:fixme:uiautomation:uia_get_providers_for_hwnd Override provider callback currently unimplemented.
0124:fixme:uiautomation:msaa_provider_GetPropertyValue Unimplemented propertyId 30024
0124:fixme:uiautomation:msaa_fragment_get_FragmentRoot 0000000000BBECE8, 0000000001D9FAB0: stub!
0124:fixme:oleacc:find_class_data unhandled window class: L"#32770"
0124:fixme:uiautomation:uia_get_providers_for_hwnd Override provider callback currently unimplemented.
0124:fixme:uiautomation:msaa_provider_GetPropertyValue Unimplemented propertyId 30024
0124:fixme:uiautomation:uia_element_GetCurrentPropertyValueEx Default property values currently unimplemented
0124:fixme:uiautomation:uia_element_GetCurrentPropertyValueEx Default property values currently unimplemented
0124:fixme:uiautomation:msaa_provider_GetPatternProvider Unimplemented patternId 10002
0124:fixme:uiautomation:nc_provider_GetPatternProvider 0000000000BA3170, 10002, 0000000001D9ECC0: stub
0124:fixme:uiautomation:base_hwnd_provider_GetPatternProvider 0000000000BA30E0, 10002, 0000000001D9ECC0: stub
0124:fixme:oleacc:find_class_data unhandled window class: L"#32770"
0124:fixme:uiautomation:uia_get_providers_for_hwnd Override provider callback currently unimplemented.
0124:fixme:uiautomation:msaa_provider_GetPropertyValue Unimplemented propertyId 30024
0124:fixme:uiautomation:uia_element_GetCurrentPropertyValueEx Default property values currently unimplemented
0124:fixme:uiautomation:uia_element_GetCurrentPropertyValueEx Default property values currently unimplemented
0124:fixme:uiautomation:msaa_provider_GetPatternProvider Unimplemented patternId 10002
0124:fixme:uiautomation:nc_provider_GetPatternProvider 0000000000BA3DC0, 10002, 0000000001D9ECC0: stub
0124:fixme:uiautomation:base_hwnd_provider_GetPatternProvider 0000000000BA3D30, 10002, 0000000001D9ECC0: stub
0124:fixme:oleacc:find_class_data unhandled window class: L"Button"
0124:fixme:uiautomation:uia_get_providers_for_hwnd Override provider callback currently unimplemented.
0124:fixme:uiautomation:msaa_provider_GetPropertyValue Unimplemented propertyId 30024
0124:fixme:uiautomation:uia_element_GetCurrentPropertyValueEx Default property values currently unimplemented
0124:fixme:uiautomation:uia_element_GetCurrentPropertyValueEx Default property values currently unimplemented
0124:fixme:uiautomation:msaa_provider_GetPatternProvider Unimplemented patternId 10002
0124:fixme:uiautomation:nc_provider_GetPatternProvider 0000000000BA8380, 10002, 0000000001D9ECC0: stub
0124:fixme:uiautomation:base_hwnd_provider_GetPatternProvider 0000000000BA82F0, 10002, 0000000001D9ECC0: stub
0124:fixme:oleacc:find_class_data unhandled window class: L"#32769"
0124:fixme:uiautomation:uia_get_providers_for_hwnd Override provider callback currently unimplemented.
0124:fixme:uiautomation:msaa_provider_GetPropertyValue Unimplemented propertyId 30024
0124:fixme:uiautomation:uia_element_GetCurrentPropertyValueEx Default property values currently unimplemented
0124:fixme:uiautomation:uia_element_GetCurrentPropertyValueEx Default property values currently unimplemented
0124:fixme:uiautomation:msaa_provider_GetPatternProvider Unimplemented patternId 10002
0124:fixme:uiautomation:nc_provider_GetPatternProvider 0000000000BA3170, 10002, 0000000001D9ECC0: stub
0124:fixme:uiautomation:base_hwnd_provider_GetPatternProvider 0000000000BA30E0, 10002, 0000000001D9ECC0: stub
0124:fixme:oleacc:find_class_data unhandled window class: L"Button"
0124:fixme:uiautomation:uia_get_providers_for_hwnd Override provider callback currently unimplemented.
0124:fixme:uiautomation:msaa_provider_GetPropertyValue Unimplemented propertyId 30024
0124:fixme:uiautomation:uia_element_GetCurrentPropertyValueEx Default property values currently unimplemented
0124:fixme:uiautomation:uia_element_GetCurrentPropertyValueEx Default property values currently unimplemented
0124:fixme:uiautomation:msaa_provider_GetPatternProvider Unimplemented patternId 10002
0124:fixme:uiautomation:nc_provider_GetPatternProvider 0000000000BA3DC0, 10002, 0000000001D9ECC0: stub
0124:fixme:uiautomation:base_hwnd_provider_GetPatternProvider 0000000000BA3D30, 10002, 0000000001D9ECC0: stub
0124:fixme:oleacc:find_class_data unhandled window class: L"#32769"
0124:fixme:uiautomation:uia_get_providers_for_hwnd Override provider callback currently unimplemented.
0124:fixme:uiautomation:msaa_provider_GetPropertyValue Unimplemented propertyId 30024
0124:fixme:uiautomation:uia_element_GetCurrentPropertyValueEx Default property values currently unimplemented
0124:fixme:uiautomation:uia_element_GetCurrentPropertyValueEx Default property values currently unimplemented
0124:fixme:uiautomation:msaa_provider_GetPatternProvider Unimplemented patternId 10002
0124:fixme:uiautomation:nc_provider_GetPatternProvider 0000000000BA8380, 10002, 0000000001D9ECC0: stub
0124:fixme:uiautomation:base_hwnd_provider_GetPatternProvider 0000000000BA82F0, 10002, 0000000001D9ECC0: stub
0124:fixme:oleacc:find_class_data unhandled window class: L"Button"
0124:fixme:uiautomation:uia_get_providers_for_hwnd Override provider callback currently unimplemented.
0124:fixme:uiautomation:msaa_provider_GetPropertyValue Unimplemented propertyId 30024
0124:fixme:uiautomation:uia_element_GetCurrentPropertyValueEx Default property values currently unimplemented
0124:fixme:uiautomation:uia_element_GetCurrentPropertyValueEx Default property values currently unimplemented
0124:fixme:uiautomation:msaa_provider_GetPatternProvider Unimplemented patternId 10002
0124:fixme:uiautomation:nc_provider_GetPatternProvider 0000000000BA3170, 10002, 0000000001D9ECC0: stub
0124:fixme:uiautomation:base_hwnd_provider_GetPatternProvider 0000000000BA30E0, 10002, 0000000001D9ECC0: stub
0124:fixme:uiautomation:uia_element_GetCurrentPropertyValueEx Default property values currently unimplemented
0124:fixme:uiautomation:uia_element_GetCurrentPropertyValueEx Default property values currently unimplemented
0124:fixme:uiautomation:base_hwnd_provider_GetPatternProvider 0000000000BA3D30, 10002, 0000000001D9ECC0: stub
[3/17/2025, 11:52:58 AM] LEGENDARY_CONFIG_PATH=/home/SamDaaEpic/.config/heroic/legendaryConfig/legendary /opt/Heroic/resources/app.asar.unpacked/build/bin/x64/linux/legendary list --third-party
[cli] INFO: Logging in...
[Core] INFO: Trying to re-use existing login session...
[cli] INFO: Getting game list... (this may take a while)

Available games:
 * Fortnite (App name: Fortnite | Version: ++Fortnite+Release-34.10-CL-40567068-Windows)
 * Grand Theft Auto V (App name: 9d2d0eb64d5c44529cece33fe2a46482 | Version: 1.0.3442.0)
 * Grand Theft Auto V Enhanced (App name: 8769e24080ea413b8ebca3f1b8c50951 | Version: 1.0.812.6)
 * Rocket League® (App name: Sugar | Version: BC2_Update54+477186)
 * VALORANT (App name: 602eb4abc8764c87b7f2607a1ef8c18e | Version: 2609-591)
 * Watch Dogs 2 (App name: Angelonia | Version: 1.0)
  - This game can be activated directly on your Ubisoft account and does not require legendary to install/run. This game requires Ubisoft Connect to be installed. Use "legendary activate --uplay" and follow the instructions.

Total: 6
[3/17/2025, 11:53:19 AM] HEROIC_APP_NAME=9d2d0eb64d5c44529cece33fe2a46482 HEROIC_APP_RUNNER=legendary GAMEID=umu-0 HEROIC_APP_SOURCE=epic STORE=egs STEAM_COMPAT_INSTALL_PATH=/home/SamDaaEpic/Games/Heroic/GTAV LD_PRELOAD= WINEPREFIX="/home/SamDaaEpic/Games/Heroic/Prefixes/default/Grand Theft Auto V" WINEDLLOVERRIDES=winemenubuilder.exe=d WINE_FULLSCREEN_FSR=0 WINEESYNC=1 WINEFSYNC=1 DXVK_ENABLE_NVAPI=1 DXVK_NVAPI_ALLOW_OTHER_DRIVERS=1 PROTON_EAC_RUNTIME=/home/SamDaaEpic/.config/heroic/tools/runtimes/eac_runtime PROTON_BATTLEYE_RUNTIME=/home/SamDaaEpic/.config/heroic/tools/runtimes/battleye_runtime ORIG_LD_LIBRARY_PATH= LD_LIBRARY_PATH=/home/SamDaaEpic/.config/heroic/tools/wine/Wine-GE-Proton8-26/lib64:/home/SamDaaEpic/.config/heroic/tools/wine/Wine-GE-Proton8-26/lib GST_PLUGIN_SYSTEM_PATH_1_0=/home/SamDaaEpic/.config/heroic/tools/wine/Wine-GE-Proton8-26/lib64/gstreamer-1.0:/home/SamDaaEpic/.config/heroic/tools/wine/Wine-GE-Proton8-26/lib/gstreamer-1.0 WINEDLLPATH=/home/SamDaaEpic/.config/heroic/tools/wine/Wine-GE-Proton8-26/lib64/wine:/home/SamDaaEpic/.config/heroic/tools/wine/Wine-GE-Proton8-26/lib/wine LEGENDARY_CONFIG_PATH=/home/SamDaaEpic/.config/heroic/legendaryConfig/legendary /opt/Heroic/resources/app.asar.unpacked/build/bin/x64/linux/legendary launch 9d2d0eb64d5c44529cece33fe2a46482 --wine /home/SamDaaEpic/.config/heroic/tools/wine/Wine-GE-Proton8-26/bin/wine --language en --override-exe /home/SamDaaEpic/Games/Heroic/GTAV/fix.bat
[cli] INFO: Logging in...
[Core] INFO: Trying to re-use existing login session...
[cli] INFO: Checking for updates...
[Core] INFO: Getting authentication token...
[cli] INFO: Launching 9d2d0eb64d5c44529cece33fe2a46482...
fsync: up and running.
wine: RLIMIT_NICE is <= 20, unable to use setpriority safely
002c:fixme:winediag:LdrInitializeThunk wine-staging 8.0 is a testing version containing experimental patches.
002c:fixme:winediag:LdrInitializeThunk Please mention your exact version when filing bug reports on winehq.org.
0070:fixme:hid:handle_IRP_MN_QUERY_ID Unhandled type 00000005
0070:fixme:hid:handle_IRP_MN_QUERY_ID Unhandled type 00000005
0070:fixme:hid:handle_IRP_MN_QUERY_ID Unhandled type 00000005
0070:fixme:hid:handle_IRP_MN_QUERY_ID Unhandled type 00000005
0088:err:hid:udev_bus_init UDEV monitor creation failed

Z:\home\SamDaaEpic\Games\Heroic\GTAV>start /B "null" "C:\Program Files\Rockstar Games\Launcher\LauncherPatcher.exe" 

Z:\home\SamDaaEpic\Games\Heroic\GTAV>ping -n 20 localhost > nul 
0130:fixme:oleacc:find_class_data unhandled window class: L"#32769"
0130:fixme:uiautomation:uia_get_providers_for_hwnd Override provider callback currently unimplemented.
0130:fixme:uiautomation:msaa_provider_GetPropertyValue Unimplemented propertyId 30024
0130:fixme:uiautomation:msaa_fragment_get_FragmentRoot 000000000004FF88, 000000000062FAC0: stub!
013c:fixme:uiautomation:uia_get_providers_for_hwnd Override provider callback currently unimplemented.
013c:fixme:uiautomation:msaa_provider_GetPropertyValue Unimplemented propertyId 30024
013c:fixme:uiautomation:msaa_fragment_get_FragmentRoot 000000000004F568, 0000000001D9FAB0: stub!
0140:fixme:cryptnet:check_ocsp_response_info check responder id
0140:fixme:cryptnet:check_ocsp_response_info check responder id
0158:fixme:module:LdrLockLoaderLock flags 1 not supported
0158:fixme:module:LdrLockLoaderLock flags 1 not supported
0158:fixme:module:LdrLockLoaderLock flags 1 not supported
0158:fixme:module:LdrLockLoaderLock flags 1 not supported
0158:fixme:module:LdrLockLoaderLock flags 1 not supported
0158:fixme:module:LdrLockLoaderLock flags 1 not supported
0158:fixme:module:LdrLockLoaderLock flags 1 not supported
0158:fixme:module:LdrLockLoaderLock flags 1 not supported
0158:fixme:module:LdrLockLoaderLock flags 1 not supported
0158:fixme:module:LdrLockLoaderLock flags 1 not supported
0158:fixme:module:LdrLockLoaderLock flags 1 not supported
0158:fixme:module:LdrLockLoaderLock flags 1 not supported
0158:fixme:module:LdrLockLoaderLock flags 1 not supported
0158:fixme:module:LdrLockLoaderLock flags 1 not supported
0158:fixme:module:LdrLockLoaderLock flags 1 not supported
0158:fixme:module:LdrLockLoaderLock flags 1 not supported
0158:fixme:module:LdrLockLoaderLock flags 1 not supported
0158:fixme:module:LdrLockLoaderLock flags 1 not supported
0158:fixme:module:LdrLockLoaderLock flags 1 not supported
0158:fixme:module:LdrLockLoaderLock flags 1 not supported
0158:fixme:module:LdrLockLoaderLock flags 1 not supported
0158:fixme:module:LdrLockLoaderLock flags 1 not supported
0158:fixme:module:LdrLockLoaderLock flags 1 not supported
0158:fixme:module:LdrLockLoaderLock flags 1 not supported
0158:fixme:module:LdrLockLoaderLock flags 1 not supported
0158:fixme:module:LdrLockLoaderLock flags 1 not supported
0158:fixme:module:LdrLockLoaderLock flags 1 not supported
0158:fixme:module:LdrLockLoaderLock flags 1 not supported
0158:fixme:module:LdrLockLoaderLock flags 1 not supported
0158:fixme:module:LdrLockLoaderLock flags 1 not supported
0158:fixme:module:LdrLockLoaderLock flags 1 not supported
0158:fixme:module:LdrLockLoaderLock flags 1 not supported
0158:fixme:module:LdrLockLoaderLock flags 1 not supported
0158:fixme:module:LdrLockLoaderLock flags 1 not supported
0158:fixme:module:LdrLockLoaderLock flags 1 not supported
0158:fixme:module:LdrLockLoaderLock flags 1 not supported
0158:fixme:module:LdrLockLoaderLock flags 1 not supported
0158:fixme:module:LdrLockLoaderLock flags 1 not supported
0158:fixme:module:LdrLockLoaderLock flags 1 not supported
0158:fixme:module:LdrLockLoaderLock flags 1 not supported
0158:fixme:module:LdrLockLoaderLock flags 1 not supported
0158:fixme:module:LdrLockLoaderLock flags 1 not supported
0158:fixme:module:LdrLockLoaderLock flags 1 not supported
0158:fixme:module:LdrLockLoaderLock flags 1 not supported
0158:fixme:module:LdrLockLoaderLock flags 1 not supported
0158:fixme:module:LdrLockLoaderLock flags 1 not supported
0158:fixme:module:LdrLockLoaderLock flags 1 not supported
0158:fixme:module:LdrLockLoaderLock flags 1 not supported
0158:fixme:module:LdrLockLoaderLock flags 1 not supported
0158:fixme:module:LdrLockLoaderLock flags 1 not supported
0158:fixme:module:LdrLockLoaderLock flags 1 not supported
0158:fixme:module:LdrLockLoaderLock flags 1 not supported
0158:fixme:module:LdrLockLoaderLock flags 1 not supported
0158:fixme:module:LdrLockLoaderLock flags 1 not supported
0158:fixme:module:LdrLockLoaderLock flags 1 not supported
0158:fixme:module:LdrLockLoaderLock flags 1 not supported
0158:fixme:module:LdrLockLoaderLock flags 1 not supported
0158:fixme:module:LdrLockLoaderLock flags 1 not supported
0158:fixme:module:LdrLockLoaderLock flags 1 not supported
0158:fixme:module:LdrLockLoaderLock flags 1 not supported
0158:fixme:module:LdrLockLoaderLock flags 1 not supported
0158:fixme:module:LdrLockLoaderLock flags 1 not supported
0158:fixme:module:LdrLockLoaderLock flags 1 not supported
0158:fixme:module:LdrLockLoaderLock flags 1 not supported
0158:fixme:module:LdrLockLoaderLock flags 1 not supported
0158:fixme:module:LdrLockLoaderLock flags 1 not supported
0158:fixme:module:LdrLockLoaderLock flags 1 not supported
0158:fixme:module:LdrLockLoaderLock flags 1 not supported
0158:fixme:module:LdrLockLoaderLock flags 1 not supported
0158:fixme:module:LdrLockLoaderLock flags 1 not supported
0158:fixme:seh:WerSetFlags (1) stub
0158:fixme:file:NtLockFile I/O completion on lock not implemented yet
0158:fixme:shcore:SetCurrentProcessExplicitAppUserModelID L"RockstarGames.SocialClub.UI.Final": stub
0158:fixme:bcrypt:BCryptGenRandom ignoring selected algorithm
0158:fixme:bcrypt:BCryptGenRandom ignoring selected algorithm
0158:fixme:bcrypt:BCryptGenRandom ignoring selected algorithm
0158:fixme:bcrypt:BCryptGenRandom ignoring selected algorithm
0158:fixme:module:LdrLockLoaderLock flags 1 not supported
0158:fixme:module:LdrLockLoaderLock flags 1 not supported
info:  Game: Launcher.exe
info:  DXVK: v2.6
info:  Build: x86_64 gcc 14.2.0
info:  Vulkan: Found vkGetInstanceProcAddr in winevulkan.dll @ 0x65dc4000
info:  Built-in extension providers:
info:    Platform WSI
info:    OpenVR
info:    OpenXR
info:  OpenVR: could not open registry key, status 2
info:  OpenVR: Failed to locate module
info:  Required Vulkan extension VK_KHR_surface not supported
err:   DxvkInstance: Required instance extensions not supported
0158:fixme:thread:GetThreadUILanguage : stub, returning default language.
0158:fixme:thread:GetThreadUILanguage : stub, returning default language.
00f4:fixme:imm:ImeSetActiveContext himc 0000000000010026, flag 0 stub!
0158:fixme:imm:ImeSetActiveContext himc 0000000000010068, flag 0x1 stub!
013c:fixme:oleacc:find_class_data unhandled window class: L"#32770"
013c:fixme:uiautomation:uia_get_providers_for_hwnd Override provider callback currently unimplemented.
013c:fixme:uiautomation:msaa_provider_GetPropertyValue Unimplemented propertyId 30024
013c:fixme:uiautomation:msaa_fragment_get_FragmentRoot 0000000000BAB8D8, 0000000001D9FAB0: stub!
013c:fixme:oleacc:find_class_data unhandled window class: L"Static"
013c:fixme:uiautomation:uia_get_providers_for_hwnd Override provider callback currently unimplemented.
013c:fixme:uiautomation:msaa_provider_GetPropertyValue Unimplemented propertyId 30024
013c:fixme:uiautomation:msaa_fragment_get_FragmentRoot 0000000000BAB9F8, 0000000001D9F960: stub!
013c:fixme:oleacc:find_class_data unhandled window class: L"Button"
013c:fixme:uiautomation:uia_get_providers_for_hwnd Override provider callback currently unimplemented.
013c:fixme:uiautomation:msaa_provider_GetPropertyValue Unimplemented propertyId 30024
013c:fixme:uiautomation:msaa_fragment_get_FragmentRoot 0000000000BB5248, 0000000001D9F960: stub!
013c:fixme:oleacc:find_class_data unhandled window class: L"Button"
013c:fixme:uiautomation:uia_get_providers_for_hwnd Override provider callback currently unimplemented.
013c:fixme:uiautomation:msaa_provider_GetPropertyValue Unimplemented propertyId 30024
013c:fixme:uiautomation:msaa_fragment_get_FragmentRoot 0000000000BB52C8, 0000000001D9F960: stub!
013c:fixme:oleacc:find_class_data unhandled window class: L"Static"
013c:fixme:uiautomation:uia_get_providers_for_hwnd Override provider callback currently unimplemented.
013c:fixme:uiautomation:msaa_provider_GetPropertyValue Unimplemented propertyId 30024
013c:fixme:uiautomation:msaa_fragment_get_FragmentRoot 0000000000BB9CA8, 0000000001D9F960: stub!
013c:fixme:oleacc:find_class_data unhandled window class: L"Static"
013c:fixme:uiautomation:uia_get_providers_for_hwnd Override provider callback currently unimplemented.
013c:fixme:uiautomation:msaa_provider_GetPropertyValue Unimplemented propertyId 30024
013c:fixme:uiautomation:msaa_fragment_get_FragmentRoot 0000000000BAB958, 0000000001D9FAB0: stub!
013c:fixme:oleacc:find_class_data unhandled window class: L"Button"
013c:fixme:uiautomation:uia_get_providers_for_hwnd Override provider callback currently unimplemented.
013c:fixme:uiautomation:msaa_provider_GetPropertyValue Unimplemented propertyId 30024
013c:fixme:uiautomation:msaa_fragment_get_FragmentRoot 0000000000BA96E8, 0000000001D9FAB0: stub!
013c:fixme:oleacc:find_class_data unhandled window class: L"Button"
013c:fixme:uiautomation:uia_get_providers_for_hwnd Override provider callback currently unimplemented.
013c:fixme:uiautomation:msaa_provider_GetPropertyValue Unimplemented propertyId 30024
013c:fixme:uiautomation:msaa_fragment_get_FragmentRoot 0000000000BA9768, 0000000001D9FAB0: stub!
013c:fixme:oleacc:find_class_data unhandled window class: L"Static"
013c:fixme:uiautomation:uia_get_providers_for_hwnd Override provider callback currently unimplemented.
013c:fixme:uiautomation:msaa_provider_GetPropertyValue Unimplemented propertyId 30024
013c:fixme:uiautomation:msaa_fragment_get_FragmentRoot 0000000000BA97E8, 0000000001D9FAB0: stub!
013c:fixme:uiautomation:uia_get_providers_for_hwnd Override provider callback currently unimplemented.
013c:fixme:uiautomation:msaa_provider_GetPropertyValue Unimplemented propertyId 30024
013c:fixme:uiautomation:msaa_fragment_get_FragmentRoot 0000000000BA9868, 0000000001D9FAB0: stub!
013c:fixme:uiautomation:uia_get_providers_for_hwnd Override provider callback currently unimplemented.
013c:fixme:uiautomation:msaa_provider_GetPropertyValue Unimplemented propertyId 30024
013c:fixme:uiautomation:msaa_fragment_get_FragmentRoot 0000000000BB8818, 0000000001D9FAB0: stub!
013c:fixme:oleacc:find_class_data unhandled window class: L"#32770"
013c:fixme:uiautomation:uia_get_providers_for_hwnd Override provider callback currently unimplemented.
013c:fixme:uiautomation:msaa_provider_GetPropertyValue Unimplemented propertyId 30024
013c:fixme:uiautomation:uia_element_GetCurrentPropertyValueEx Default property values currently unimplemented
013c:fixme:uiautomation:uia_element_GetCurrentPropertyValueEx Default property values currently unimplemented
013c:fixme:uiautomation:msaa_provider_GetPatternProvider Unimplemented patternId 10002
013c:fixme:uiautomation:nc_provider_GetPatternProvider 0000000000BB9DD0, 10002, 0000000001D9ECC0: stub
013c:fixme:uiautomation:base_hwnd_provider_GetPatternProvider 0000000000BB9D40, 10002, 0000000001D9ECC0: stub
013c:fixme:oleacc:find_class_data unhandled window class: L"#32770"
013c:fixme:uiautomation:uia_get_providers_for_hwnd Override provider callback currently unimplemented.
013c:fixme:uiautomation:msaa_provider_GetPropertyValue Unimplemented propertyId 30024
013c:fixme:uiautomation:uia_element_GetCurrentPropertyValueEx Default property values currently unimplemented
013c:fixme:uiautomation:uia_element_GetCurrentPropertyValueEx Default property values currently unimplemented
013c:fixme:uiautomation:msaa_provider_GetPatternProvider Unimplemented patternId 10002
013c:fixme:uiautomation:nc_provider_GetPatternProvider 0000000000BAFF40, 10002, 0000000001D9ECC0: stub
013c:fixme:uiautomation:base_hwnd_provider_GetPatternProvider 0000000000BAFEB0, 10002, 0000000001D9ECC0: stub
013c:fixme:oleacc:find_class_data unhandled window class: L"Button"
013c:fixme:uiautomation:uia_get_providers_for_hwnd Override provider callback currently unimplemented.
013c:fixme:uiautomation:msaa_provider_GetPropertyValue Unimplemented propertyId 30024
013c:fixme:uiautomation:uia_element_GetCurrentPropertyValueEx Default property values currently unimplemented
013c:fixme:uiautomation:uia_element_GetCurrentPropertyValueEx Default property values currently unimplemented
013c:fixme:uiautomation:msaa_provider_GetPatternProvider Unimplemented patternId 10002
013c:fixme:uiautomation:nc_provider_GetPatternProvider 0000000000BB5DE0, 10002, 0000000001D9ECC0: stub
013c:fixme:uiautomation:base_hwnd_provider_GetPatternProvider 0000000000BB5D50, 10002, 0000000001D9ECC0: stub
0164:fixme:kernelbase:AppPolicyGetProcessTerminationMethod FFFFFFFFFFFFFFFA, 000000000011FE80
013c:fixme:uiautomation:uia_element_GetCurrentPropertyValueEx Default property values currently unimplemented
013c:fixme:uiautomation:uia_element_GetCurrentPropertyValueEx Default property values currently unimplemented
013c:fixme:uiautomation:base_hwnd_provider_GetPatternProvider 0000000000BB9D40, 10002, 0000000001D9ECC0: stub
0230:fixme:kernelbase:AppPolicyGetProcessTerminationMethod FFFFFFFFFFFFFFFA, 000000000011FE80
0204:fixme:kernelbase:AppPolicyGetProcessTerminationMethod FFFFFFFFFFFFFFFA, 000000000011FE80
0158:fixme:kernelbase:AppPolicyGetProcessTerminationMethod FFFFFFFFFFFFFFFA, 000000000011FE80
00e0:fixme:imm:ImeSetActiveContext himc 0000000000030076, flag 0x1 stub!
013c:fixme:oleacc:find_class_data unhandled window class: L"#32770"
013c:fixme:uiautomation:uia_get_providers_for_hwnd Override provider callback currently unimplemented.
013c:fixme:uiautomation:msaa_provider_GetPropertyValue Unimplemented propertyId 30024
013c:fixme:uiautomation:msaa_fragment_get_FragmentRoot 0000000000BB8898, 0000000001D9FAB0: stub!
013c:fixme:oleacc:find_class_data unhandled window class: L"Static"
013c:fixme:uiautomation:uia_get_providers_for_hwnd Override provider callback currently unimplemented.
013c:fixme:uiautomation:msaa_provider_GetPropertyValue Unimplemented propertyId 30024
013c:fixme:uiautomation:msaa_fragment_get_FragmentRoot 0000000000BB89B8, 0000000001D9F960: stub!
013c:fixme:oleacc:find_class_data unhandled window class: L"Button"
013c:fixme:uiautomation:uia_get_providers_for_hwnd Override provider callback currently unimplemented.
013c:fixme:uiautomation:msaa_provider_GetPropertyValue Unimplemented propertyId 30024
013c:fixme:uiautomation:msaa_fragment_get_FragmentRoot 0000000000BB8A38, 0000000001D9F960: stub!
013c:fixme:oleacc:find_class_data unhandled window class: L"Button"
013c:fixme:uiautomation:uia_get_providers_for_hwnd Override provider callback currently unimplemented.
013c:fixme:uiautomation:msaa_provider_GetPropertyValue Unimplemented propertyId 30024
013c:fixme:uiautomation:msaa_fragment_get_FragmentRoot 0000000000BB8AB8, 0000000001D9F960: stub!
013c:fixme:oleacc:find_class_data unhandled window class: L"Static"
013c:fixme:uiautomation:uia_get_providers_for_hwnd Override provider callback currently unimplemented.
013c:fixme:uiautomation:msaa_provider_GetPropertyValue Unimplemented propertyId 30024
013c:fixme:uiautomation:msaa_fragment_get_FragmentRoot 0000000000BBDEF8, 0000000001D9F960: stub!
013c:fixme:oleacc:find_class_data unhandled window class: L"Static"
013c:fixme:uiautomation:uia_get_providers_for_hwnd Override provider callback currently unimplemented.
013c:fixme:uiautomation:msaa_provider_GetPropertyValue Unimplemented propertyId 30024
013c:fixme:uiautomation:msaa_fragment_get_FragmentRoot 0000000000BBDF78, 0000000001D9FAB0: stub!
013c:fixme:oleacc:find_class_data unhandled window class: L"Button"
013c:fixme:uiautomation:uia_get_providers_for_hwnd Override provider callback currently unimplemented.
013c:fixme:uiautomation:msaa_provider_GetPropertyValue Unimplemented propertyId 30024
013c:fixme:uiautomation:msaa_fragment_get_FragmentRoot 0000000000BBDFF8, 0000000001D9FAB0: stub!
013c:fixme:oleacc:find_class_data unhandled window class: L"Button"
013c:fixme:uiautomation:uia_get_providers_for_hwnd Override provider callback currently unimplemented.
013c:fixme:uiautomation:msaa_provider_GetPropertyValue Unimplemented propertyId 30024
013c:fixme:uiautomation:msaa_fragment_get_FragmentRoot 0000000000BBE078, 0000000001D9FAB0: stub!
013c:fixme:oleacc:find_class_data unhandled window class: L"Static"
013c:fixme:uiautomation:uia_get_providers_for_hwnd Override provider callback currently unimplemented.
013c:fixme:uiautomation:msaa_provider_GetPropertyValue Unimplemented propertyId 30024
013c:fixme:uiautomation:msaa_fragment_get_FragmentRoot 0000000000BBE0F8, 0000000001D9FAB0: stub!
013c:fixme:uiautomation:uia_get_providers_for_hwnd Override provider callback currently unimplemented.
013c:fixme:uiautomation:msaa_provider_GetPropertyValue Unimplemented propertyId 30024
013c:fixme:uiautomation:msaa_fragment_get_FragmentRoot 0000000000BBE178, 0000000001D9FAB0: stub!
013c:fixme:oleacc:find_class_data unhandled window class: L"#32770"
013c:fixme:uiautomation:uia_get_providers_for_hwnd Override provider callback currently unimplemented.
013c:fixme:uiautomation:msaa_provider_GetPropertyValue Unimplemented propertyId 30024
013c:fixme:uiautomation:uia_element_GetCurrentPropertyValueEx Default property values currently unimplemented
013c:fixme:uiautomation:uia_element_GetCurrentPropertyValueEx Default property values currently unimplemented
013c:fixme:uiautomation:msaa_provider_GetPatternProvider Unimplemented patternId 10002
013c:fixme:uiautomation:nc_provider_GetPatternProvider 0000000000BB9DD0, 10002, 0000000001D9ECC0: stub
013c:fixme:uiautomation:base_hwnd_provider_GetPatternProvider 0000000000BB9D40, 10002, 0000000001D9ECC0: stub
013c:fixme:oleacc:find_class_data unhandled window class: L"#32770"
013c:fixme:uiautomation:uia_get_providers_for_hwnd Override provider callback currently unimplemented.
013c:fixme:uiautomation:msaa_provider_GetPropertyValue Unimplemented propertyId 30024
013c:fixme:uiautomation:uia_element_GetCurrentPropertyValueEx Default property values currently unimplemented
013c:fixme:uiautomation:uia_element_GetCurrentPropertyValueEx Default property values currently unimplemented
013c:fixme:uiautomation:msaa_provider_GetPatternProvider Unimplemented patternId 10002
013c:fixme:uiautomation:nc_provider_GetPatternProvider 0000000000BB3410, 10002, 0000000001D9ECC0: stub
013c:fixme:uiautomation:base_hwnd_provider_GetPatternProvider 0000000000BB3380, 10002, 0000000001D9ECC0: stub
013c:fixme:oleacc:find_class_data unhandled window class: L"Button"
013c:fixme:uiautomation:uia_get_providers_for_hwnd Override provider callback currently unimplemented.
013c:fixme:uiautomation:msaa_provider_GetPropertyValue Unimplemented propertyId 30024
013c:fixme:uiautomation:uia_element_GetCurrentPropertyValueEx Default property values currently unimplemented
013c:fixme:uiautomation:uia_element_GetCurrentPropertyValueEx Default property values currently unimplemented
013c:fixme:uiautomation:msaa_provider_GetPatternProvider Unimplemented patternId 10002
013c:fixme:uiautomation:nc_provider_GetPatternProvider 0000000000B9BDC0, 10002, 0000000001D9ECC0: stub
013c:fixme:uiautomation:base_hwnd_provider_GetPatternProvider 0000000000B9BD30, 10002, 0000000001D9ECC0: stub
013c:fixme:uiautomation:uia_element_GetCurrentPropertyValueEx Default property values currently unimplemented
013c:fixme:uiautomation:uia_element_GetCurrentPropertyValueEx Default property values currently unimplemented
013c:fixme:uiautomation:base_hwnd_provider_GetPatternProvider 0000000000BA55D0, 10002, 0000000001D9ECC0: stub
00e0:fixme:kernelbase:AppPolicyGetProcessTerminationMethod FFFFFFFFFFFFFFFA, 000000000011FE80

Z:\home\SamDaaEpic\Games\Heroic\GTAV>GTA5_BE.exe -AUTH_LOGIN=unused -AUTH_PASSWORD=0e65737593924355a337412ab238f29b -AUTH_TYPE=exchangecode -epicapp=9d2d0eb64d5c44529cece33fe2a46482 -epicenv=Prod -EpicPortal -epicusername=SamDaaEpik -epicuserid=a2c0d4d3b1b546719b2ece57e5cc74a2 -epiclocale=en -epicsandboxid=0584d2013f0149a791e7b9bad0eec102 -useEpic -fromRGL 
	0290:err:module:hacks_init HACK: Simulating sched quantum in fsync.
0290:err:module:hacks_init HACK: Simulating sched quantum in NtWaitForAlertByThreadId.
0290:fixme:virtual:NtProtectVirtualMemory HACK: changing GTA5.exe vprot
0290:fixme:thread:NtSetInformationThread ThreadIdealProcessor stub!
0290:fixme:seh:WerSetFlags (1) stub
0290:fixme:ver:GetCurrentPackageId (000000000011DA00 0000000000000000): stub
02b4:fixme:ntdll:NtQuerySystemInformation info_class SYSTEM_PERFORMANCE_INFORMATION
02b4:fixme:wbemprox:wbem_services_CreateInstanceEnum unsupported flags 0x30
02b4:fixme:wbemprox:enum_class_object_Next timeout not supported
info:  Game: GTA5.exe
info:  DXVK: v2.6
info:  Build: x86_64 gcc 14.2.0
info:  Found built-in config:
info:    d3d11.cachedDynamicResources = vi
info:  Effective configuration:
info:    d3d11.cachedDynamicResources = vi
info:  Vulkan: Found vkGetInstanceProcAddr in winevulkan.dll @ 0x65dc4000
info:  Built-in extension providers:
info:    Platform WSI
info:    OpenVR
info:    OpenXR
info:  OpenVR: could not open registry key, status 2
info:  OpenVR: Failed to locate module
info:  Required Vulkan extension VK_KHR_surface not supported
wine: Unhandled exception 0x20474343 in thread 2b4 at address 000000007B013AD7 (thread 02b4), starting debugger...
02bc:fixme:imm:ImeSetActiveContext himc 00000000000100A0, flag 0x1 stub!
02e0:fixme:imm:ImeSetActiveContext himc 0000000000040092, flag 0 stub!
02f8:fixme:oleacc:find_class_data unhandled window class: L"#32769"
02f8:fixme:uiautomation:uia_get_providers_for_hwnd Override provider callback currently unimplemented.
02f8:fixme:uiautomation:msaa_provider_GetPropertyValue Unimplemented propertyId 30024
02f8:fixme:uiautomation:msaa_fragment_get_FragmentRoot 000000000004ECB8, 000000000062FAC0: stub!
02f8:fixme:oleacc:find_class_data unhandled window class: L"#32770"
02f8:fixme:uiautomation:uia_get_providers_for_hwnd Override provider callback currently unimplemented.
02f8:fixme:uiautomation:msaa_provider_GetPropertyValue Unimplemented propertyId 30024
02f8:fixme:uiautomation:msaa_fragment_get_FragmentRoot 0000000000B9DFF8, 000000000062F970: stub!
02f8:fixme:oleacc:find_class_data unhandled window class: L"Static"
02f8:fixme:uiautomation:uia_get_providers_for_hwnd Override provider callback currently unimplemented.
02f8:fixme:uiautomation:msaa_provider_GetPropertyValue Unimplemented propertyId 30024
02f8:fixme:uiautomation:msaa_fragment_get_FragmentRoot 0000000000B9F568, 000000000062F820: stub!
02f8:fixme:oleacc:find_class_data unhandled window class: L"Static"
02f8:fixme:uiautomation:uia_get_providers_for_hwnd Override provider callback currently unimplemented.
02f8:fixme:uiautomation:msaa_provider_GetPropertyValue Unimplemented propertyId 30024
02f8:fixme:uiautomation:msaa_fragment_get_FragmentRoot 0000000000BA2918, 000000000062F820: stub!
02f8:fixme:uiautomation:uia_get_providers_for_hwnd Override provider callback currently unimplemented.
02f8:fixme:uiautomation:msaa_provider_GetPropertyValue Unimplemented propertyId 30024
02f8:fixme:uiautomation:msaa_fragment_get_FragmentRoot 0000000000BA7918, 000000000062F820: stub!
02f8:fixme:oleacc:find_class_data unhandled window class: L"Button"
02f8:fixme:uiautomation:uia_get_providers_for_hwnd Override provider callback currently unimplemented.
02f8:fixme:uiautomation:msaa_provider_GetPropertyValue Unimplemented propertyId 30024
02f8:fixme:uiautomation:msaa_fragment_get_FragmentRoot 0000000000B9F5E8, 000000000062F820: stub!
02f8:fixme:oleacc:find_class_data unhandled window class: L"Button"
02f8:fixme:uiautomation:uia_get_providers_for_hwnd Override provider callback currently unimplemented.
02f8:fixme:uiautomation:msaa_provider_GetPropertyValue Unimplemented propertyId 30024
02f8:fixme:uiautomation:msaa_fragment_get_FragmentRoot 0000000000B9B4F8, 000000000062F820: stub!
031c:fixme:uiautomation:uia_get_providers_for_hwnd Override provider callback currently unimplemented.
031c:fixme:uiautomation:msaa_provider_GetPropertyValue Unimplemented propertyId 30024
031c:fixme:uiautomation:msaa_fragment_get_FragmentRoot 0000000000B93B78, 0000000001D9FAB0: stub!
031c:fixme:uiautomation:uia_element_GetCurrentPropertyValueEx Default property values currently unimplemented
031c:fixme:uiautomation:uia_element_GetCurrentPropertyValueEx Default property values currently unimplemented
031c:fixme:uiautomation:base_hwnd_provider_GetPatternProvider 0000000000B9A3F0, 10002, 0000000001D9ECC0: stub
02bc:fixme:dbghelp:elf_search_auxv can't find symbol in module
02bc:fixme:dbghelp:elf_search_auxv can't find symbol in module
[3/17/2025, 11:53:49 AM] LEGENDARY_CONFIG_PATH=/home/SamDaaEpic/.config/heroic/legendaryConfig/legendary /opt/Heroic/resources/app.asar.unpacked/build/bin/x64/linux/legendary list --third-party
[cli] INFO: Logging in...
[Core] INFO: Trying to re-use existing login session...
[cli] INFO: Getting game list... (this may take a while)

Available games:
 * Fortnite (App name: Fortnite | Version: ++Fortnite+Release-34.10-CL-40567068-Windows)
 * Grand Theft Auto V (App name: 9d2d0eb64d5c44529cece33fe2a46482 | Version: 1.0.3442.0)
 * Grand Theft Auto V Enhanced (App name: 8769e24080ea413b8ebca3f1b8c50951 | Version: 1.0.812.6)
 * Rocket League® (App name: Sugar | Version: BC2_Update54+477186)
 * VALORANT (App name: 602eb4abc8764c87b7f2607a1ef8c18e | Version: 2609-591)
 * Watch Dogs 2 (App name: Angelonia | Version: 1.0)
  - This game can be activated directly on your Ubisoft account and does not require legendary to install/run. This game requires Ubisoft Connect to be installed. Use "legendary activate --uplay" and follow the instructions.

Total: 6
[3/17/2025, 11:54:48 AM] HEROIC_APP_NAME=9d2d0eb64d5c44529cece33fe2a46482 HEROIC_APP_RUNNER=legendary GAMEID=umu-0 HEROIC_APP_SOURCE=epic STORE=egs STEAM_COMPAT_INSTALL_PATH=/home/SamDaaEpic/Games/Heroic/GTAV LD_PRELOAD= WINEPREFIX="/home/SamDaaEpic/Games/Heroic/Prefixes/default/Grand Theft Auto V" WINEDLLOVERRIDES=winemenubuilder.exe=d WINE_FULLSCREEN_FSR=0 WINEESYNC=1 WINEFSYNC=1 DXVK_ENABLE_NVAPI=1 DXVK_NVAPI_ALLOW_OTHER_DRIVERS=1 PROTON_EAC_RUNTIME=/home/SamDaaEpic/.config/heroic/tools/runtimes/eac_runtime PROTON_BATTLEYE_RUNTIME=/home/SamDaaEpic/.config/heroic/tools/runtimes/battleye_runtime ORIG_LD_LIBRARY_PATH= LD_LIBRARY_PATH=/home/SamDaaEpic/.config/heroic/tools/wine/Wine-GE-Proton8-26/lib64:/home/SamDaaEpic/.config/heroic/tools/wine/Wine-GE-Proton8-26/lib GST_PLUGIN_SYSTEM_PATH_1_0=/home/SamDaaEpic/.config/heroic/tools/wine/Wine-GE-Proton8-26/lib64/gstreamer-1.0:/home/SamDaaEpic/.config/heroic/tools/wine/Wine-GE-Proton8-26/lib/gstreamer-1.0 WINEDLLPATH=/home/SamDaaEpic/.config/heroic/tools/wine/Wine-GE-Proton8-26/lib64/wine:/home/SamDaaEpic/.config/heroic/tools/wine/Wine-GE-Proton8-26/lib/wine LEGENDARY_CONFIG_PATH=/home/SamDaaEpic/.config/heroic/legendaryConfig/legendary /opt/Heroic/resources/app.asar.unpacked/build/bin/x64/linux/legendary launch 9d2d0eb64d5c44529cece33fe2a46482 --wine /home/SamDaaEpic/.config/heroic/tools/wine/Wine-GE-Proton8-26/bin/wine --language en --override-exe /home/SamDaaEpic/Games/Heroic/GTAV/fix.bat
[cli] INFO: Logging in...
[Core] INFO: Trying to re-use existing login session...
[cli] INFO: Checking for updates...
[Core] INFO: Getting authentication token...
[cli] INFO: Launching 9d2d0eb64d5c44529cece33fe2a46482...
fsync: up and running.
wine: RLIMIT_NICE is <= 20, unable to use setpriority safely
002c:fixme:winediag:LdrInitializeThunk wine-staging 8.0 is a testing version containing experimental patches.
002c:fixme:winediag:LdrInitializeThunk Please mention your exact version when filing bug reports on winehq.org.
006c:fixme:hid:handle_IRP_MN_QUERY_ID Unhandled type 00000005
006c:fixme:hid:handle_IRP_MN_QUERY_ID Unhandled type 00000005
006c:fixme:hid:handle_IRP_MN_QUERY_ID Unhandled type 00000005
006c:fixme:hid:handle_IRP_MN_QUERY_ID Unhandled type 00000005
0084:err:hid:udev_bus_init UDEV monitor creation failed

Z:\home\SamDaaEpic\Games\Heroic\GTAV>start /B "null" "C:\Program Files\Rockstar Games\Launcher\LauncherPatcher.exe" 

Z:\home\SamDaaEpic\Games\Heroic\GTAV>ping -n 20 localhost > nul 
012c:fixme:oleacc:find_class_data unhandled window class: L"#32769"
012c:fixme:uiautomation:uia_get_providers_for_hwnd Override provider callback currently unimplemented.
012c:fixme:uiautomation:msaa_provider_GetPropertyValue Unimplemented propertyId 30024
012c:fixme:uiautomation:msaa_fragment_get_FragmentRoot 000000000004FF88, 000000000062FAC0: stub!
0138:fixme:uiautomation:uia_get_providers_for_hwnd Override provider callback currently unimplemented.
0138:fixme:uiautomation:msaa_provider_GetPropertyValue Unimplemented propertyId 30024
0138:fixme:uiautomation:msaa_fragment_get_FragmentRoot 000000000004F568, 0000000001D9FAB0: stub!
0150:fixme:module:LdrLockLoaderLock flags 1 not supported
0150:fixme:module:LdrLockLoaderLock flags 1 not supported
0150:fixme:module:LdrLockLoaderLock flags 1 not supported
0150:fixme:module:LdrLockLoaderLock flags 1 not supported
0150:fixme:module:LdrLockLoaderLock flags 1 not supported
0150:fixme:module:LdrLockLoaderLock flags 1 not supported
0150:fixme:module:LdrLockLoaderLock flags 1 not supported
0150:fixme:module:LdrLockLoaderLock flags 1 not supported
0150:fixme:module:LdrLockLoaderLock flags 1 not supported
0150:fixme:module:LdrLockLoaderLock flags 1 not supported
0150:fixme:module:LdrLockLoaderLock flags 1 not supported
0150:fixme:module:LdrLockLoaderLock flags 1 not supported
0150:fixme:module:LdrLockLoaderLock flags 1 not supported
0150:fixme:module:LdrLockLoaderLock flags 1 not supported
0150:fixme:module:LdrLockLoaderLock flags 1 not supported
0150:fixme:module:LdrLockLoaderLock flags 1 not supported
0150:fixme:module:LdrLockLoaderLock flags 1 not supported
0150:fixme:module:LdrLockLoaderLock flags 1 not supported
0150:fixme:module:LdrLockLoaderLock flags 1 not supported
0150:fixme:module:LdrLockLoaderLock flags 1 not supported
0150:fixme:module:LdrLockLoaderLock flags 1 not supported
0150:fixme:module:LdrLockLoaderLock flags 1 not supported
0150:fixme:module:LdrLockLoaderLock flags 1 not supported
0150:fixme:module:LdrLockLoaderLock flags 1 not supported
0150:fixme:module:LdrLockLoaderLock flags 1 not supported
0150:fixme:module:LdrLockLoaderLock flags 1 not supported
0150:fixme:module:LdrLockLoaderLock flags 1 not supported
0150:fixme:module:LdrLockLoaderLock flags 1 not supported
0150:fixme:module:LdrLockLoaderLock flags 1 not supported
0150:fixme:module:LdrLockLoaderLock flags 1 not supported
0150:fixme:module:LdrLockLoaderLock flags 1 not supported
0150:fixme:module:LdrLockLoaderLock flags 1 not supported
0150:fixme:module:LdrLockLoaderLock flags 1 not supported
0150:fixme:module:LdrLockLoaderLock flags 1 not supported
0150:fixme:module:LdrLockLoaderLock flags 1 not supported
0150:fixme:module:LdrLockLoaderLock flags 1 not supported
0150:fixme:module:LdrLockLoaderLock flags 1 not supported
0150:fixme:module:LdrLockLoaderLock flags 1 not supported
0150:fixme:module:LdrLockLoaderLock flags 1 not supported
0150:fixme:module:LdrLockLoaderLock flags 1 not supported
0150:fixme:module:LdrLockLoaderLock flags 1 not supported
0150:fixme:module:LdrLockLoaderLock flags 1 not supported
0150:fixme:module:LdrLockLoaderLock flags 1 not supported
0150:fixme:module:LdrLockLoaderLock flags 1 not supported
0150:fixme:module:LdrLockLoaderLock flags 1 not supported
0150:fixme:module:LdrLockLoaderLock flags 1 not supported
0150:fixme:module:LdrLockLoaderLock flags 1 not supported
0150:fixme:module:LdrLockLoaderLock flags 1 not supported
0150:fixme:module:LdrLockLoaderLock flags 1 not supported
0150:fixme:module:LdrLockLoaderLock flags 1 not supported
0150:fixme:module:LdrLockLoaderLock flags 1 not supported
0150:fixme:module:LdrLockLoaderLock flags 1 not supported
0150:fixme:module:LdrLockLoaderLock flags 1 not supported
0150:fixme:module:LdrLockLoaderLock flags 1 not supported
0150:fixme:module:LdrLockLoaderLock flags 1 not supported
0150:fixme:module:LdrLockLoaderLock flags 1 not supported
0150:fixme:module:LdrLockLoaderLock flags 1 not supported
0150:fixme:module:LdrLockLoaderLock flags 1 not supported
0150:fixme:module:LdrLockLoaderLock flags 1 not supported
0150:fixme:module:LdrLockLoaderLock flags 1 not supported
0150:fixme:module:LdrLockLoaderLock flags 1 not supported
0150:fixme:module:LdrLockLoaderLock flags 1 not supported
0150:fixme:module:LdrLockLoaderLock flags 1 not supported
0150:fixme:module:LdrLockLoaderLock flags 1 not supported
0150:fixme:module:LdrLockLoaderLock flags 1 not supported
0150:fixme:module:LdrLockLoaderLock flags 1 not supported
0150:fixme:module:LdrLockLoaderLock flags 1 not supported
0150:fixme:module:LdrLockLoaderLock flags 1 not supported
0150:fixme:module:LdrLockLoaderLock flags 1 not supported
0150:fixme:module:LdrLockLoaderLock flags 1 not supported
0150:fixme:seh:WerSetFlags (1) stub
0150:fixme:file:NtLockFile I/O completion on lock not implemented yet
0150:fixme:shcore:SetCurrentProcessExplicitAppUserModelID L"RockstarGames.SocialClub.UI.Final": stub
0150:fixme:bcrypt:BCryptGenRandom ignoring selected algorithm
0150:fixme:bcrypt:BCryptGenRandom ignoring selected algorithm
0150:fixme:bcrypt:BCryptGenRandom ignoring selected algorithm
0150:fixme:bcrypt:BCryptGenRandom ignoring selected algorithm
0150:fixme:module:LdrLockLoaderLock flags 1 not supported
0150:fixme:module:LdrLockLoaderLock flags 1 not supported
info:  Game: Launcher.exe
info:  DXVK: v2.6
info:  Build: x86_64 gcc 14.2.0
info:  Vulkan: Found vkGetInstanceProcAddr in winevulkan.dll @ 0x65dc4000
info:  Built-in extension providers:
info:    Platform WSI
info:    OpenVR
info:    OpenXR
info:  OpenVR: could not open registry key, status 2
info:  OpenVR: Failed to locate module
info:  Required Vulkan extension VK_KHR_surface not supported
err:   DxvkInstance: Required instance extensions not supported
0150:fixme:thread:GetThreadUILanguage : stub, returning default language.
0150:fixme:thread:GetThreadUILanguage : stub, returning default language.
00f0:fixme:imm:ImeSetActiveContext himc 0000000000010026, flag 0 stub!
0150:fixme:imm:ImeSetActiveContext himc 0000000000010068, flag 0x1 stub!
0138:fixme:oleacc:find_class_data unhandled window class: L"#32770"
0138:fixme:uiautomation:uia_get_providers_for_hwnd Override provider callback currently unimplemented.
0138:fixme:uiautomation:msaa_provider_GetPropertyValue Unimplemented propertyId 30024
0138:fixme:uiautomation:msaa_fragment_get_FragmentRoot 0000000000BAB8D8, 0000000001D9FAB0: stub!
0138:fixme:oleacc:find_class_data unhandled window class: L"Static"
0138:fixme:uiautomation:uia_get_providers_for_hwnd Override provider callback currently unimplemented.
0138:fixme:uiautomation:msaa_provider_GetPropertyValue Unimplemented propertyId 30024
0138:fixme:uiautomation:msaa_fragment_get_FragmentRoot 0000000000BAB9F8, 0000000001D9F960: stub!
0138:fixme:oleacc:find_class_data unhandled window class: L"Button"
0138:fixme:uiautomation:uia_get_providers_for_hwnd Override provider callback currently unimplemented.
0138:fixme:uiautomation:msaa_provider_GetPropertyValue Unimplemented propertyId 30024
0138:fixme:uiautomation:msaa_fragment_get_FragmentRoot 0000000000BB5248, 0000000001D9F960: stub!
0138:fixme:oleacc:find_class_data unhandled window class: L"Button"
0138:fixme:uiautomation:uia_get_providers_for_hwnd Override provider callback currently unimplemented.
0138:fixme:uiautomation:msaa_provider_GetPropertyValue Unimplemented propertyId 30024
0138:fixme:uiautomation:msaa_fragment_get_FragmentRoot 0000000000BB52C8, 0000000001D9F960: stub!
0138:fixme:oleacc:find_class_data unhandled window class: L"Static"
0138:fixme:uiautomation:uia_get_providers_for_hwnd Override provider callback currently unimplemented.
0138:fixme:uiautomation:msaa_provider_GetPropertyValue Unimplemented propertyId 30024
0138:fixme:uiautomation:msaa_fragment_get_FragmentRoot 0000000000BB9CA8, 0000000001D9F960: stub!
0138:fixme:oleacc:find_class_data unhandled window class: L"Static"
0138:fixme:uiautomation:uia_get_providers_for_hwnd Override provider callback currently unimplemented.
0138:fixme:uiautomation:msaa_provider_GetPropertyValue Unimplemented propertyId 30024
0138:fixme:uiautomation:msaa_fragment_get_FragmentRoot 0000000000BAB958, 0000000001D9FAB0: stub!
0138:fixme:oleacc:find_class_data unhandled window class: L"Button"
0138:fixme:uiautomation:uia_get_providers_for_hwnd Override provider callback currently unimplemented.
0138:fixme:uiautomation:msaa_provider_GetPropertyValue Unimplemented propertyId 30024
0138:fixme:uiautomation:msaa_fragment_get_FragmentRoot 0000000000BA96E8, 0000000001D9FAB0: stub!
0138:fixme:oleacc:find_class_data unhandled window class: L"Button"
0138:fixme:uiautomation:uia_get_providers_for_hwnd Override provider callback currently unimplemented.
0138:fixme:uiautomation:msaa_provider_GetPropertyValue Unimplemented propertyId 30024
0138:fixme:uiautomation:msaa_fragment_get_FragmentRoot 0000000000BA9768, 0000000001D9FAB0: stub!
0138:fixme:oleacc:find_class_data unhandled window class: L"Static"
0138:fixme:uiautomation:uia_get_providers_for_hwnd Override provider callback currently unimplemented.
0138:fixme:uiautomation:msaa_provider_GetPropertyValue Unimplemented propertyId 30024
0138:fixme:uiautomation:msaa_fragment_get_FragmentRoot 0000000000BA97E8, 0000000001D9FAB0: stub!
0138:fixme:uiautomation:uia_get_providers_for_hwnd Override provider callback currently unimplemented.
0138:fixme:uiautomation:msaa_provider_GetPropertyValue Unimplemented propertyId 30024
0138:fixme:uiautomation:msaa_fragment_get_FragmentRoot 0000000000BA9868, 0000000001D9FAB0: stub!
0138:fixme:uiautomation:uia_get_providers_for_hwnd Override provider callback currently unimplemented.
0138:fixme:uiautomation:msaa_provider_GetPropertyValue Unimplemented propertyId 30024
0138:fixme:uiautomation:msaa_fragment_get_FragmentRoot 0000000000BB8818, 0000000001D9FAB0: stub!
0138:fixme:oleacc:find_class_data unhandled window class: L"#32770"
0138:fixme:uiautomation:uia_get_providers_for_hwnd Override provider callback currently unimplemented.
0138:fixme:uiautomation:msaa_provider_GetPropertyValue Unimplemented propertyId 30024
0138:fixme:uiautomation:uia_element_GetCurrentPropertyValueEx Default property values currently unimplemented
0138:fixme:uiautomation:uia_element_GetCurrentPropertyValueEx Default property values currently unimplemented
0138:fixme:uiautomation:msaa_provider_GetPatternProvider Unimplemented patternId 10002
0138:fixme:uiautomation:nc_provider_GetPatternProvider 0000000000BB9DD0, 10002, 0000000001D9ECC0: stub
0138:fixme:uiautomation:base_hwnd_provider_GetPatternProvider 0000000000BB9D40, 10002, 0000000001D9ECC0: stub
0138:fixme:oleacc:find_class_data unhandled window class: L"#32770"
0138:fixme:uiautomation:uia_get_providers_for_hwnd Override provider callback currently unimplemented.
0138:fixme:uiautomation:msaa_provider_GetPropertyValue Unimplemented propertyId 30024
0138:fixme:uiautomation:uia_element_GetCurrentPropertyValueEx Default property values currently unimplemented
0138:fixme:uiautomation:uia_element_GetCurrentPropertyValueEx Default property values currently unimplemented
0138:fixme:uiautomation:msaa_provider_GetPatternProvider Unimplemented patternId 10002
0138:fixme:uiautomation:nc_provider_GetPatternProvider 0000000000BAFF40, 10002, 0000000001D9ECC0: stub
0138:fixme:uiautomation:base_hwnd_provider_GetPatternProvider 0000000000BAFEB0, 10002, 0000000001D9ECC0: stub
0138:fixme:oleacc:find_class_data unhandled window class: L"Button"
0138:fixme:uiautomation:uia_get_providers_for_hwnd Override provider callback currently unimplemented.
0138:fixme:uiautomation:msaa_provider_GetPropertyValue Unimplemented propertyId 30024
0138:fixme:uiautomation:uia_element_GetCurrentPropertyValueEx Default property values currently unimplemented
0138:fixme:uiautomation:uia_element_GetCurrentPropertyValueEx Default property values currently unimplemented
0138:fixme:uiautomation:msaa_provider_GetPatternProvider Unimplemented patternId 10002
0138:fixme:uiautomation:nc_provider_GetPatternProvider 0000000000BB5DE0, 10002, 0000000001D9ECC0: stub
0138:fixme:uiautomation:base_hwnd_provider_GetPatternProvider 0000000000BB5D50, 10002, 0000000001D9ECC0: stub
015c:fixme:kernelbase:AppPolicyGetProcessTerminationMethod FFFFFFFFFFFFFFFA, 000000000011FE80
0138:fixme:uiautomation:uia_element_GetCurrentPropertyValueEx Default property values currently unimplemented
0138:fixme:uiautomation:uia_element_GetCurrentPropertyValueEx Default property values currently unimplemented
0138:fixme:uiautomation:base_hwnd_provider_GetPatternProvider 0000000000BB9D40, 10002, 0000000001D9ECC0: stub
0228:fixme:kernelbase:AppPolicyGetProcessTerminationMethod FFFFFFFFFFFFFFFA, 000000000011FE80
01fc:fixme:kernelbase:AppPolicyGetProcessTerminationMethod FFFFFFFFFFFFFFFA, 000000000011FE80
0150:fixme:kernelbase:AppPolicyGetProcessTerminationMethod FFFFFFFFFFFFFFFA, 000000000011FE80
00dc:fixme:imm:ImeSetActiveContext himc 0000000000030076, flag 0x1 stub!
0138:fixme:oleacc:find_class_data unhandled window class: L"#32770"
0138:fixme:uiautomation:uia_get_providers_for_hwnd Override provider callback currently unimplemented.
0138:fixme:uiautomation:msaa_provider_GetPropertyValue Unimplemented propertyId 30024
0138:fixme:uiautomation:msaa_fragment_get_FragmentRoot 0000000000BB8898, 0000000001D9FAB0: stub!
0138:fixme:oleacc:find_class_data unhandled window class: L"Static"
0138:fixme:uiautomation:uia_get_providers_for_hwnd Override provider callback currently unimplemented.
0138:fixme:uiautomation:msaa_provider_GetPropertyValue Unimplemented propertyId 30024
0138:fixme:uiautomation:msaa_fragment_get_FragmentRoot 0000000000BB89B8, 0000000001D9F960: stub!
0138:fixme:oleacc:find_class_data unhandled window class: L"Button"
0138:fixme:uiautomation:uia_get_providers_for_hwnd Override provider callback currently unimplemented.
0138:fixme:uiautomation:msaa_provider_GetPropertyValue Unimplemented propertyId 30024
0138:fixme:uiautomation:msaa_fragment_get_FragmentRoot 0000000000BB8A38, 0000000001D9F960: stub!
0138:fixme:oleacc:find_class_data unhandled window class: L"Button"
0138:fixme:uiautomation:uia_get_providers_for_hwnd Override provider callback currently unimplemented.
0138:fixme:uiautomation:msaa_provider_GetPropertyValue Unimplemented propertyId 30024
0138:fixme:uiautomation:msaa_fragment_get_FragmentRoot 0000000000BB8AB8, 0000000001D9F960: stub!
0138:fixme:oleacc:find_class_data unhandled window class: L"Static"
0138:fixme:uiautomation:uia_get_providers_for_hwnd Override provider callback currently unimplemented.
0138:fixme:uiautomation:msaa_provider_GetPropertyValue Unimplemented propertyId 30024
0138:fixme:uiautomation:msaa_fragment_get_FragmentRoot 0000000000BBDEF8, 0000000001D9F960: stub!
0138:fixme:oleacc:find_class_data unhandled window class: L"Static"
0138:fixme:uiautomation:uia_get_providers_for_hwnd Override provider callback currently unimplemented.
0138:fixme:uiautomation:msaa_provider_GetPropertyValue Unimplemented propertyId 30024
0138:fixme:uiautomation:msaa_fragment_get_FragmentRoot 0000000000BBDF78, 0000000001D9FAB0: stub!
0138:fixme:oleacc:find_class_data unhandled window class: L"Button"
0138:fixme:uiautomation:uia_get_providers_for_hwnd Override provider callback currently unimplemented.
0138:fixme:uiautomation:msaa_provider_GetPropertyValue Unimplemented propertyId 30024
0138:fixme:uiautomation:msaa_fragment_get_FragmentRoot 0000000000BBDFF8, 0000000001D9FAB0: stub!
0138:fixme:oleacc:find_class_data unhandled window class: L"Button"
0138:fixme:uiautomation:uia_get_providers_for_hwnd Override provider callback currently unimplemented.
0138:fixme:uiautomation:msaa_provider_GetPropertyValue Unimplemented propertyId 30024
0138:fixme:uiautomation:msaa_fragment_get_FragmentRoot 0000000000BBE078, 0000000001D9FAB0: stub!
0138:fixme:oleacc:find_class_data unhandled window class: L"Static"
0138:fixme:uiautomation:uia_get_providers_for_hwnd Override provider callback currently unimplemented.
0138:fixme:uiautomation:msaa_provider_GetPropertyValue Unimplemented propertyId 30024
0138:fixme:uiautomation:msaa_fragment_get_FragmentRoot 0000000000BBE0F8, 0000000001D9FAB0: stub!
0138:fixme:uiautomation:uia_get_providers_for_hwnd Override provider callback currently unimplemented.
0138:fixme:uiautomation:msaa_provider_GetPropertyValue Unimplemented propertyId 30024
0138:fixme:uiautomation:msaa_fragment_get_FragmentRoot 0000000000BBE178, 0000000001D9FAB0: stub!
0138:fixme:oleacc:find_class_data unhandled window class: L"#32770"
0138:fixme:uiautomation:uia_get_providers_for_hwnd Override provider callback currently unimplemented.
0138:fixme:uiautomation:msaa_provider_GetPropertyValue Unimplemented propertyId 30024
0138:fixme:uiautomation:uia_element_GetCurrentPropertyValueEx Default property values currently unimplemented
0138:fixme:uiautomation:uia_element_GetCurrentPropertyValueEx Default property values currently unimplemented
0138:fixme:uiautomation:msaa_provider_GetPatternProvider Unimplemented patternId 10002
0138:fixme:uiautomation:nc_provider_GetPatternProvider 0000000000BB9DD0, 10002, 0000000001D9ECC0: stub
0138:fixme:uiautomation:base_hwnd_provider_GetPatternProvider 0000000000BB9D40, 10002, 0000000001D9ECC0: stub
0138:fixme:oleacc:find_class_data unhandled window class: L"#32770"
0138:fixme:uiautomation:uia_get_providers_for_hwnd Override provider callback currently unimplemented.
0138:fixme:uiautomation:msaa_provider_GetPropertyValue Unimplemented propertyId 30024
0138:fixme:uiautomation:uia_element_GetCurrentPropertyValueEx Default property values currently unimplemented
0138:fixme:uiautomation:uia_element_GetCurrentPropertyValueEx Default property values currently unimplemented
0138:fixme:uiautomation:msaa_provider_GetPatternProvider Unimplemented patternId 10002
0138:fixme:uiautomation:nc_provider_GetPatternProvider 0000000000BB3410, 10002, 0000000001D9ECC0: stub
0138:fixme:uiautomation:base_hwnd_provider_GetPatternProvider 0000000000BB3380, 10002, 0000000001D9ECC0: stub
0138:fixme:oleacc:find_class_data unhandled window class: L"Button"
0138:fixme:uiautomation:uia_get_providers_for_hwnd Override provider callback currently unimplemented.
0138:fixme:uiautomation:msaa_provider_GetPropertyValue Unimplemented propertyId 30024
0138:fixme:uiautomation:uia_element_GetCurrentPropertyValueEx Default property values currently unimplemented
0138:fixme:uiautomation:uia_element_GetCurrentPropertyValueEx Default property values currently unimplemented
0138:fixme:uiautomation:msaa_provider_GetPatternProvider Unimplemented patternId 10002
0138:fixme:uiautomation:nc_provider_GetPatternProvider 0000000000B9BDC0, 10002, 0000000001D9ECC0: stub
0138:fixme:uiautomation:base_hwnd_provider_GetPatternProvider 0000000000B9BD30, 10002, 0000000001D9ECC0: stub
0138:fixme:uiautomation:uia_element_GetCurrentPropertyValueEx Default property values currently unimplemented
0138:fixme:uiautomation:uia_element_GetCurrentPropertyValueEx Default property values currently unimplemented
0138:fixme:uiautomation:base_hwnd_provider_GetPatternProvider 0000000000BA55D0, 10002, 0000000001D9ECC0: stub
00dc:fixme:kernelbase:AppPolicyGetProcessTerminationMethod FFFFFFFFFFFFFFFA, 000000000011FE80

Z:\home\SamDaaEpic\Games\Heroic\GTAV>./PlayGTAV.exe -AUTH_LOGIN=unused -AUTH_PASSWORD=7705669e160f47dfbdac243c5dd7c668 -AUTH_TYPE=exchangecode -epicapp=9d2d0eb64d5c44529cece33fe2a46482 -epicenv=Prod -EpicPortal -epicusername=SamDaaEpik -epicuserid=a2c0d4d3b1b546719b2ece57e5cc74a2 -epiclocale=en -epicsandboxid=0584d2013f0149a791e7b9bad0eec102 
0138:fixme:oleacc:find_class_data unhandled window class: L"#32770"
0138:fixme:uiautomation:uia_get_providers_for_hwnd Override provider callback currently unimplemented.
0138:fixme:uiautomation:msaa_provider_GetPropertyValue Unimplemented propertyId 30024
0138:fixme:uiautomation:msaa_fragment_get_FragmentRoot 0000000000BBE1F8, 0000000001D9FAB0: stub!
0138:fixme:oleacc:find_class_data unhandled window class: L"Static"
0138:fixme:uiautomation:uia_get_providers_for_hwnd Override provider callback currently unimplemented.
0138:fixme:uiautomation:msaa_provider_GetPropertyValue Unimplemented propertyId 30024
0138:fixme:uiautomation:msaa_fragment_get_FragmentRoot 0000000000BBE278, 0000000001D9FAB0: stub!
0138:fixme:oleacc:find_class_data unhandled window class: L"Static"
0138:fixme:uiautomation:uia_get_providers_for_hwnd Override provider callback currently unimplemented.
0138:fixme:uiautomation:msaa_provider_GetPropertyValue Unimplemented propertyId 30024
0138:fixme:uiautomation:msaa_fragment_get_FragmentRoot 0000000000BBE2F8, 0000000001D9FAB0: stub!
0138:fixme:oleacc:find_class_data unhandled window class: L"Static"
0138:fixme:uiautomation:uia_get_providers_for_hwnd Override provider callback currently unimplemented.
0138:fixme:uiautomation:msaa_provider_GetPropertyValue Unimplemented propertyId 30024
0138:fixme:uiautomation:msaa_fragment_get_FragmentRoot 0000000000BBE378, 0000000001D9FAB0: stub!
028c:fixme:imm:ImeSetActiveContext himc 00020044, flag 0x1 stub!
0138:fixme:uiautomation:uia_get_providers_for_hwnd Override provider callback currently unimplemented.
0138:fixme:uiautomation:msaa_provider_GetPropertyValue Unimplemented propertyId 30024
0138:fixme:uiautomation:msaa_fragment_get_FragmentRoot 0000000000BBE3F8, 0000000001D9FAB0: stub!
0138:fixme:oleacc:find_class_data unhandled window class: L"Static"
0138:fixme:uiautomation:uia_get_providers_for_hwnd Override provider callback currently unimplemented.
0138:fixme:uiautomation:msaa_provider_GetPropertyValue Unimplemented propertyId 30024
0138:fixme:uiautomation:uia_element_GetCurrentPropertyValueEx Default property values currently unimplemented
0138:fixme:uiautomation:uia_element_GetCurrentPropertyValueEx Default property values currently unimplemented
0138:fixme:uiautomation:msaa_provider_GetPatternProvider Unimplemented patternId 10002
0138:fixme:uiautomation:nc_provider_GetPatternProvider 0000000000B9BDC0, 10002, 0000000001D9ECC0: stub
0138:fixme:uiautomation:base_hwnd_provider_GetPatternProvider 0000000000B9BD30, 10002, 0000000001D9ECC0: stub
0138:fixme:oleacc:find_class_data unhandled window class: L"#32770"
0138:fixme:uiautomation:uia_get_providers_for_hwnd Override provider callback currently unimplemented.
0138:fixme:uiautomation:msaa_provider_GetPropertyValue Unimplemented propertyId 30024
0138:fixme:uiautomation:msaa_fragment_get_FragmentRoot 0000000000BBE478, 0000000001D9FAB0: stub!
02b8:fixme:module:LdrLockLoaderLock flags 1 not supported
02b8:fixme:module:LdrLockLoaderLock flags 1 not supported
02b8:fixme:module:LdrLockLoaderLock flags 1 not supported
02b8:fixme:module:LdrLockLoaderLock flags 1 not supported
02b8:fixme:module:LdrLockLoaderLock flags 1 not supported
02b8:fixme:module:LdrLockLoaderLock flags 1 not supported
02b8:fixme:module:LdrLockLoaderLock flags 1 not supported
02b8:fixme:module:LdrLockLoaderLock flags 1 not supported
02b8:fixme:module:LdrLockLoaderLock flags 1 not supported
02b8:fixme:module:LdrLockLoaderLock flags 1 not supported
02b8:fixme:module:LdrLockLoaderLock flags 1 not supported
02b8:fixme:module:LdrLockLoaderLock flags 1 not supported
02b8:fixme:module:LdrLockLoaderLock flags 1 not supported
02b8:fixme:module:LdrLockLoaderLock flags 1 not supported
02b8:fixme:module:LdrLockLoaderLock flags 1 not supported
02b8:fixme:module:LdrLockLoaderLock flags 1 not supported
02b8:fixme:module:LdrLockLoaderLock flags 1 not supported
02b8:fixme:module:LdrLockLoaderLock flags 1 not supported
02b8:fixme:module:LdrLockLoaderLock flags 1 not supported
02b8:fixme:module:LdrLockLoaderLock flags 1 not supported
02b8:fixme:module:LdrLockLoaderLock flags 1 not supported
02b8:fixme:module:LdrLockLoaderLock flags 1 not supported
02b8:fixme:module:LdrLockLoaderLock flags 1 not supported
02b8:fixme:module:LdrLockLoaderLock flags 1 not supported
02b8:fixme:module:LdrLockLoaderLock flags 1 not supported
02b8:fixme:module:LdrLockLoaderLock flags 1 not supported
02b8:fixme:module:LdrLockLoaderLock flags 1 not supported
02b8:fixme:module:LdrLockLoaderLock flags 1 not supported
02b8:fixme:module:LdrLockLoaderLock flags 1 not supported
02b8:fixme:module:LdrLockLoaderLock flags 1 not supported
02b8:fixme:module:LdrLockLoaderLock flags 1 not supported
02b8:fixme:module:LdrLockLoaderLock flags 1 not supported
02b8:fixme:module:LdrLockLoaderLock flags 1 not supported
02b8:fixme:module:LdrLockLoaderLock flags 1 not supported
02b8:fixme:module:LdrLockLoaderLock flags 1 not supported
02b8:fixme:module:LdrLockLoaderLock flags 1 not supported
02b8:fixme:module:LdrLockLoaderLock flags 1 not supported
02b8:fixme:module:LdrLockLoaderLock flags 1 not supported
02b8:fixme:module:LdrLockLoaderLock flags 1 not supported
02b8:fixme:module:LdrLockLoaderLock flags 1 not supported
02b8:fixme:module:LdrLockLoaderLock flags 1 not supported
02b8:fixme:module:LdrLockLoaderLock flags 1 not supported
02b8:fixme:module:LdrLockLoaderLock flags 1 not supported
02b8:fixme:module:LdrLockLoaderLock flags 1 not supported
02b8:fixme:module:LdrLockLoaderLock flags 1 not supported
02b8:fixme:module:LdrLockLoaderLock flags 1 not supported
02b8:fixme:module:LdrLockLoaderLock flags 1 not supported
02b8:fixme:module:LdrLockLoaderLock flags 1 not supported
02b8:fixme:module:LdrLockLoaderLock flags 1 not supported
02b8:fixme:module:LdrLockLoaderLock flags 1 not supported
02b8:fixme:module:LdrLockLoaderLock flags 1 not supported
02b8:fixme:module:LdrLockLoaderLock flags 1 not supported
02b8:fixme:module:LdrLockLoaderLock flags 1 not supported
02b8:fixme:module:LdrLockLoaderLock flags 1 not supported
02b8:fixme:module:LdrLockLoaderLock flags 1 not supported
02b8:fixme:module:LdrLockLoaderLock flags 1 not supported
02b8:fixme:module:LdrLockLoaderLock flags 1 not supported
02b8:fixme:module:LdrLockLoaderLock flags 1 not supported
02b8:fixme:module:LdrLockLoaderLock flags 1 not supported
02b8:fixme:module:LdrLockLoaderLock flags 1 not supported
02b8:fixme:module:LdrLockLoaderLock flags 1 not supported
02b8:fixme:module:LdrLockLoaderLock flags 1 not supported
02b8:fixme:module:LdrLockLoaderLock flags 1 not supported
02b8:fixme:module:LdrLockLoaderLock flags 1 not supported
02b8:fixme:module:LdrLockLoaderLock flags 1 not supported
02b8:fixme:module:LdrLockLoaderLock flags 1 not supported
02b8:fixme:module:LdrLockLoaderLock flags 1 not supported
02b8:fixme:module:LdrLockLoaderLock flags 1 not supported
02b8:fixme:module:LdrLockLoaderLock flags 1 not supported
02b8:fixme:module:LdrLockLoaderLock flags 1 not supported
02b8:fixme:seh:WerSetFlags (1) stub
02b8:fixme:file:NtLockFile I/O completion on lock not implemented yet
02b8:fixme:shcore:SetCurrentProcessExplicitAppUserModelID L"RockstarGames.SocialClub.UI.Final": stub
02b8:fixme:bcrypt:BCryptGenRandom ignoring selected algorithm
02b8:fixme:bcrypt:BCryptGenRandom ignoring selected algorithm
02b8:fixme:bcrypt:BCryptGenRandom ignoring selected algorithm
02b8:fixme:bcrypt:BCryptGenRandom ignoring selected algorithm
02b8:fixme:module:LdrLockLoaderLock flags 1 not supported
02b8:fixme:module:LdrLockLoaderLock flags 1 not supported
info:  Game: Launcher.exe
info:  DXVK: v2.6
info:  Build: x86_64 gcc 14.2.0
info:  Vulkan: Found vkGetInstanceProcAddr in winevulkan.dll @ 0x65dc4000
info:  Built-in extension providers:
info:    Platform WSI
info:    OpenVR
info:    OpenXR
info:  OpenVR: could not open registry key, status 2
info:  OpenVR: Failed to locate module
info:  Required Vulkan extension VK_KHR_surface not supported
err:   DxvkInstance: Required instance extensions not supported
02b8:fixme:thread:GetThreadUILanguage : stub, returning default language.
02b8:fixme:thread:GetThreadUILanguage : stub, returning default language.
02b8:fixme:imm:ImeSetActiveContext himc 0000000000090088, flag 0x1 stub!
0138:fixme:oleacc:find_class_data unhandled window class: L"#32770"
0138:fixme:uiautomation:uia_get_providers_for_hwnd Override provider callback currently unimplemented.
0138:fixme:uiautomation:msaa_provider_GetPropertyValue Unimplemented propertyId 30024
0138:fixme:uiautomation:msaa_fragment_get_FragmentRoot 0000000000BBE4F8, 0000000001D9FAB0: stub!
0138:fixme:oleacc:find_class_data unhandled window class: L"Static"
0138:fixme:uiautomation:uia_get_providers_for_hwnd Override provider callback currently unimplemented.
0138:fixme:uiautomation:msaa_provider_GetPropertyValue Unimplemented propertyId 30024
0138:fixme:uiautomation:msaa_fragment_get_FragmentRoot 0000000000BBE578, 0000000001D9F960: stub!
0138:fixme:oleacc:find_class_data unhandled window class: L"Button"
0138:fixme:uiautomation:uia_get_providers_for_hwnd Override provider callback currently unimplemented.
0138:fixme:uiautomation:msaa_provider_GetPropertyValue Unimplemented propertyId 30024
0138:fixme:uiautomation:msaa_fragment_get_FragmentRoot 0000000000BBE5F8, 0000000001D9F960: stub!
0138:fixme:oleacc:find_class_data unhandled window class: L"Button"
0138:fixme:uiautomation:uia_get_providers_for_hwnd Override provider callback currently unimplemented.
0138:fixme:uiautomation:msaa_provider_GetPropertyValue Unimplemented propertyId 30024
0138:fixme:uiautomation:msaa_fragment_get_FragmentRoot 0000000000BBE678, 0000000001D9F960: stub!
0138:fixme:oleacc:find_class_data unhandled window class: L"Static"
0138:fixme:uiautomation:uia_get_providers_for_hwnd Override provider callback currently unimplemented.
0138:fixme:uiautomation:msaa_provider_GetPropertyValue Unimplemented propertyId 30024
0138:fixme:uiautomation:msaa_fragment_get_FragmentRoot 0000000000BBE6F8, 0000000001D9F960: stub!
0138:fixme:oleacc:find_class_data unhandled window class: L"Static"
0138:fixme:uiautomation:uia_get_providers_for_hwnd Override provider callback currently unimplemented.
0138:fixme:uiautomation:msaa_provider_GetPropertyValue Unimplemented propertyId 30024
0138:fixme:uiautomation:msaa_fragment_get_FragmentRoot 0000000000BBE778, 0000000001D9FAB0: stub!
0138:fixme:oleacc:find_class_data unhandled window class: L"Button"
0138:fixme:uiautomation:uia_get_providers_for_hwnd Override provider callback currently unimplemented.
0138:fixme:uiautomation:msaa_provider_GetPropertyValue Unimplemented propertyId 30024
0138:fixme:uiautomation:msaa_fragment_get_FragmentRoot 0000000000BBE7F8, 0000000001D9FAB0: stub!
0138:fixme:oleacc:find_class_data unhandled window class: L"Button"
0138:fixme:uiautomation:uia_get_providers_for_hwnd Override provider callback currently unimplemented.
0138:fixme:uiautomation:msaa_provider_GetPropertyValue Unimplemented propertyId 30024
0138:fixme:uiautomation:msaa_fragment_get_FragmentRoot 0000000000BBE878, 0000000001D9FAB0: stub!
0138:fixme:oleacc:find_class_data unhandled window class: L"Static"
0138:fixme:uiautomation:uia_get_providers_for_hwnd Override provider callback currently unimplemented.
0138:fixme:uiautomation:msaa_provider_GetPropertyValue Unimplemented propertyId 30024
0138:fixme:uiautomation:msaa_fragment_get_FragmentRoot 0000000000BBE8F8, 0000000001D9FAB0: stub!
0138:fixme:uiautomation:uia_get_providers_for_hwnd Override provider callback currently unimplemented.
0138:fixme:uiautomation:msaa_provider_GetPropertyValue Unimplemented propertyId 30024
0138:fixme:uiautomation:msaa_fragment_get_FragmentRoot 0000000000BBE978, 0000000001D9FAB0: stub!
0138:fixme:oleacc:find_class_data unhandled window class: L"#32770"
0138:fixme:uiautomation:uia_get_providers_for_hwnd Override provider callback currently unimplemented.
0138:fixme:uiautomation:msaa_provider_GetPropertyValue Unimplemented propertyId 30024
0138:fixme:uiautomation:uia_element_GetCurrentPropertyValueEx Default property values currently unimplemented
0138:fixme:uiautomation:uia_element_GetCurrentPropertyValueEx Default property values currently unimplemented
0138:fixme:uiautomation:msaa_provider_GetPatternProvider Unimplemented patternId 10002
0138:fixme:uiautomation:nc_provider_GetPatternProvider 0000000000BB3410, 10002, 0000000001D9ECC0: stub
0138:fixme:uiautomation:base_hwnd_provider_GetPatternProvider 0000000000BB3380, 10002, 0000000001D9ECC0: stub
0138:fixme:oleacc:find_class_data unhandled window class: L"#32770"
0138:fixme:uiautomation:uia_get_providers_for_hwnd Override provider callback currently unimplemented.
0138:fixme:uiautomation:msaa_provider_GetPropertyValue Unimplemented propertyId 30024
0138:fixme:uiautomation:uia_element_GetCurrentPropertyValueEx Default property values currently unimplemented
0138:fixme:uiautomation:uia_element_GetCurrentPropertyValueEx Default property values currently unimplemented
0138:fixme:uiautomation:msaa_provider_GetPatternProvider Unimplemented patternId 10002
0138:fixme:uiautomation:nc_provider_GetPatternProvider 0000000000BA33D0, 10002, 0000000001D9ECC0: stub
0138:fixme:uiautomation:base_hwnd_provider_GetPatternProvider 0000000000BA3340, 10002, 0000000001D9ECC0: stub
0138:fixme:oleacc:find_class_data unhandled window class: L"Button"
0138:fixme:uiautomation:uia_get_providers_for_hwnd Override provider callback currently unimplemented.
0138:fixme:uiautomation:msaa_provider_GetPropertyValue Unimplemented propertyId 30024
0138:fixme:uiautomation:uia_element_GetCurrentPropertyValueEx Default property values currently unimplemented
0138:fixme:uiautomation:uia_element_GetCurrentPropertyValueEx Default property values currently unimplemented
0138:fixme:uiautomation:msaa_provider_GetPatternProvider Unimplemented patternId 10002
0138:fixme:uiautomation:nc_provider_GetPatternProvider 0000000000B9F490, 10002, 0000000001D9ECC0: stub
0138:fixme:uiautomation:base_hwnd_provider_GetPatternProvider 0000000000B9F400, 10002, 0000000001D9ECC0: stub
02c4:fixme:kernelbase:AppPolicyGetProcessTerminationMethod FFFFFFFFFFFFFFFA, 000000000011FE80
0138:fixme:uiautomation:uia_element_GetCurrentPropertyValueEx Default property values currently unimplemented
0138:fixme:uiautomation:uia_element_GetCurrentPropertyValueEx Default property values currently unimplemented
0138:fixme:uiautomation:base_hwnd_provider_GetPatternProvider 0000000000BB3380, 10002, 0000000001D9ECC0: stub
0394:fixme:kernelbase:AppPolicyGetProcessTerminationMethod FFFFFFFFFFFFFFFA, 000000000011FE80
0364:fixme:kernelbase:AppPolicyGetProcessTerminationMethod FFFFFFFFFFFFFFFA, 000000000011FE80
02b8:fixme:kernelbase:AppPolicyGetProcessTerminationMethod FFFFFFFFFFFFFFFA, 000000000011FE80
0280:fixme:imm:ImeSetActiveContext himc 000000000005004C, flag 0x1 stub!
0138:fixme:oleacc:find_class_data unhandled window class: L"#32770"
0138:fixme:uiautomation:uia_get_providers_for_hwnd Override provider callback currently unimplemented.
0138:fixme:uiautomation:msaa_provider_GetPropertyValue Unimplemented propertyId 30024
0138:fixme:uiautomation:msaa_fragment_get_FragmentRoot 0000000000BBE9F8, 0000000001D9FAB0: stub!
0138:fixme:oleacc:find_class_data unhandled window class: L"Static"
0138:fixme:uiautomation:uia_get_providers_for_hwnd Override provider callback currently unimplemented.
0138:fixme:uiautomation:msaa_provider_GetPropertyValue Unimplemented propertyId 30024
0138:fixme:uiautomation:msaa_fragment_get_FragmentRoot 0000000000BBEA78, 0000000001D9F960: stub!
0138:fixme:oleacc:find_class_data unhandled window class: L"Button"
0138:fixme:uiautomation:uia_get_providers_for_hwnd Override provider callback currently unimplemented.
0138:fixme:uiautomation:msaa_provider_GetPropertyValue Unimplemented propertyId 30024
0138:fixme:uiautomation:msaa_fragment_get_FragmentRoot 0000000000BBEAF8, 0000000001D9F960: stub!
0138:fixme:oleacc:find_class_data unhandled window class: L"Button"
0138:fixme:uiautomation:uia_get_providers_for_hwnd Override provider callback currently unimplemented.
0138:fixme:uiautomation:msaa_provider_GetPropertyValue Unimplemented propertyId 30024
0138:fixme:uiautomation:msaa_fragment_get_FragmentRoot 0000000000BBEB78, 0000000001D9F960: stub!
0138:fixme:oleacc:find_class_data unhandled window class: L"Static"
0138:fixme:uiautomation:uia_get_providers_for_hwnd Override provider callback currently unimplemented.
0138:fixme:uiautomation:msaa_provider_GetPropertyValue Unimplemented propertyId 30024
0138:fixme:uiautomation:msaa_fragment_get_FragmentRoot 0000000000BBEBF8, 0000000001D9F960: stub!
0138:fixme:oleacc:find_class_data unhandled window class: L"Static"
0138:fixme:uiautomation:uia_get_providers_for_hwnd Override provider callback currently unimplemented.
0138:fixme:uiautomation:msaa_provider_GetPropertyValue Unimplemented propertyId 30024
0138:fixme:uiautomation:msaa_fragment_get_FragmentRoot 0000000000BBEC78, 0000000001D9FAB0: stub!
0138:fixme:oleacc:find_class_data unhandled window class: L"Button"
0138:fixme:uiautomation:uia_get_providers_for_hwnd Override provider callback currently unimplemented.
0138:fixme:uiautomation:msaa_provider_GetPropertyValue Unimplemented propertyId 30024
0138:fixme:uiautomation:msaa_fragment_get_FragmentRoot 0000000000BBECF8, 0000000001D9FAB0: stub!
0138:fixme:oleacc:find_class_data unhandled window class: L"Button"
0138:fixme:uiautomation:uia_get_providers_for_hwnd Override provider callback currently unimplemented.
0138:fixme:uiautomation:msaa_provider_GetPropertyValue Unimplemented propertyId 30024
0138:fixme:uiautomation:msaa_fragment_get_FragmentRoot 0000000000BD81C8, 0000000001D9FAB0: stub!
0138:fixme:oleacc:find_class_data unhandled window class: L"Static"
0138:fixme:uiautomation:uia_get_providers_for_hwnd Override provider callback currently unimplemented.
0138:fixme:uiautomation:msaa_provider_GetPropertyValue Unimplemented propertyId 30024
0138:fixme:uiautomation:msaa_fragment_get_FragmentRoot 0000000000BD8248, 0000000001D9FAB0: stub!
0138:fixme:uiautomation:uia_get_providers_for_hwnd Override provider callback currently unimplemented.
0138:fixme:uiautomation:msaa_provider_GetPropertyValue Unimplemented propertyId 30024
0138:fixme:uiautomation:msaa_fragment_get_FragmentRoot 0000000000BD82C8, 0000000001D9FAB0: stub!
0138:fixme:oleacc:find_class_data unhandled window class: L"#32770"
0138:fixme:uiautomation:uia_get_providers_for_hwnd Override provider callback currently unimplemented.
0138:fixme:uiautomation:msaa_provider_GetPropertyValue Unimplemented propertyId 30024
0138:fixme:uiautomation:uia_element_GetCurrentPropertyValueEx Default property values currently unimplemented
0138:fixme:uiautomation:uia_element_GetCurrentPropertyValueEx Default property values currently unimplemented
0138:fixme:uiautomation:msaa_provider_GetPatternProvider Unimplemented patternId 10002
0138:fixme:uiautomation:nc_provider_GetPatternProvider 0000000000BB3410, 10002, 0000000001D9ECC0: stub
0138:fixme:uiautomation:base_hwnd_provider_GetPatternProvider 0000000000BB3380, 10002, 0000000001D9ECC0: stub
0138:fixme:oleacc:find_class_data unhandled window class: L"#32770"
0138:fixme:uiautomation:uia_get_providers_for_hwnd Override provider callback currently unimplemented.
0138:fixme:uiautomation:msaa_provider_GetPropertyValue Unimplemented propertyId 30024
0138:fixme:uiautomation:uia_element_GetCurrentPropertyValueEx Default property values currently unimplemented
0138:fixme:uiautomation:uia_element_GetCurrentPropertyValueEx Default property values currently unimplemented
0138:fixme:uiautomation:msaa_provider_GetPatternProvider Unimplemented patternId 10002
0138:fixme:uiautomation:nc_provider_GetPatternProvider 0000000000BAFF40, 10002, 0000000001D9ECC0: stub
0138:fixme:uiautomation:base_hwnd_provider_GetPatternProvider 0000000000BAFEB0, 10002, 0000000001D9ECC0: stub
0138:fixme:oleacc:find_class_data unhandled window class: L"Button"
0138:fixme:uiautomation:uia_get_providers_for_hwnd Override provider callback currently unimplemented.
0138:fixme:uiautomation:msaa_provider_GetPropertyValue Unimplemented propertyId 30024
0138:fixme:uiautomation:uia_element_GetCurrentPropertyValueEx Default property values currently unimplemented
0138:fixme:uiautomation:uia_element_GetCurrentPropertyValueEx Default property values currently unimplemented
0138:fixme:uiautomation:msaa_provider_GetPatternProvider Unimplemented patternId 10002
0138:fixme:uiautomation:nc_provider_GetPatternProvider 0000000000BA5660, 10002, 0000000001D9ECC0: stub
0138:fixme:uiautomation:base_hwnd_provider_GetPatternProvider 0000000000BA55D0, 10002, 0000000001D9ECC0: stub
0138:fixme:oleacc:find_class_data unhandled window class: L"#32769"
0138:fixme:uiautomation:uia_get_providers_for_hwnd Override provider callback currently unimplemented.
0138:fixme:uiautomation:msaa_provider_GetPropertyValue Unimplemented propertyId 30024
0138:fixme:uiautomation:uia_element_GetCurrentPropertyValueEx Default property values currently unimplemented
0138:fixme:uiautomation:uia_element_GetCurrentPropertyValueEx Default property values currently unimplemented
0138:fixme:uiautomation:msaa_provider_GetPatternProvider Unimplemented patternId 10002
0138:fixme:uiautomation:nc_provider_GetPatternProvider 0000000000BB3410, 10002, 0000000001D9ECC0: stub
0138:fixme:uiautomation:base_hwnd_provider_GetPatternProvider 0000000000BB3380, 10002, 0000000001D9ECC0: stub
0138:fixme:oleacc:find_class_data unhandled window class: L"Button"
0138:fixme:uiautomation:uia_get_providers_for_hwnd Override provider callback currently unimplemented.
0138:fixme:uiautomation:msaa_provider_GetPropertyValue Unimplemented propertyId 30024
0138:fixme:uiautomation:uia_element_GetCurrentPropertyValueEx Default property values currently unimplemented
0138:fixme:uiautomation:uia_element_GetCurrentPropertyValueEx Default property values currently unimplemented
0138:fixme:uiautomation:msaa_provider_GetPatternProvider Unimplemented patternId 10002
0138:fixme:uiautomation:nc_provider_GetPatternProvider 0000000000BAFF40, 10002, 0000000001D9ECC0: stub
0138:fixme:uiautomation:base_hwnd_provider_GetPatternProvider 0000000000BAFEB0, 10002, 0000000001D9ECC0: stub
0138:fixme:uiautomation:uia_element_GetCurrentPropertyValueEx Default property values currently unimplemented
0138:fixme:uiautomation:uia_element_GetCurrentPropertyValueEx Default property values currently unimplemented
0138:fixme:uiautomation:base_hwnd_provider_GetPatternProvider 0000000000BA55D0, 10002, 0000000001D9ECC0: stub
[3/17/2025, 11:56:36 AM] LEGENDARY_CONFIG_PATH=/home/SamDaaEpic/.config/heroic/legendaryConfig/legendary /opt/Heroic/resources/app.asar.unpacked/build/bin/x64/linux/legendary list --third-party
[cli] INFO: Logging in...
[Core] INFO: Trying to re-use existing login session...
[cli] INFO: Getting game list... (this may take a while)
[3/17/2025, 11:56:37 AM] HEROIC_APP_NAME=9d2d0eb64d5c44529cece33fe2a46482 HEROIC_APP_RUNNER=legendary GAMEID=umu-0 HEROIC_APP_SOURCE=epic STORE=egs STEAM_COMPAT_INSTALL_PATH=/home/SamDaaEpic/Games/Heroic/GTAV LD_PRELOAD= WINEPREFIX="/home/SamDaaEpic/Games/Heroic/Prefixes/default/Grand Theft Auto V" WINEDLLOVERRIDES=winemenubuilder.exe=d WINE_FULLSCREEN_FSR=0 WINEESYNC=1 WINEFSYNC=1 DXVK_ENABLE_NVAPI=1 DXVK_NVAPI_ALLOW_OTHER_DRIVERS=1 PROTON_EAC_RUNTIME=/home/SamDaaEpic/.config/heroic/tools/runtimes/eac_runtime PROTON_BATTLEYE_RUNTIME=/home/SamDaaEpic/.config/heroic/tools/runtimes/battleye_runtime ORIG_LD_LIBRARY_PATH= LD_LIBRARY_PATH=/home/SamDaaEpic/.config/heroic/tools/wine/Wine-GE-Proton8-26/lib64:/home/SamDaaEpic/.config/heroic/tools/wine/Wine-GE-Proton8-26/lib GST_PLUGIN_SYSTEM_PATH_1_0=/home/SamDaaEpic/.config/heroic/tools/wine/Wine-GE-Proton8-26/lib64/gstreamer-1.0:/home/SamDaaEpic/.config/heroic/tools/wine/Wine-GE-Proton8-26/lib/gstreamer-1.0 WINEDLLPATH=/home/SamDaaEpic/.config/heroic/tools/wine/Wine-GE-Proton8-26/lib64/wine:/home/SamDaaEpic/.config/heroic/tools/wine/Wine-GE-Proton8-26/lib/wine LEGENDARY_CONFIG_PATH=/home/SamDaaEpic/.config/heroic/legendaryConfig/legendary /opt/Heroic/resources/app.asar.unpacked/build/bin/x64/linux/legendary launch 9d2d0eb64d5c44529cece33fe2a46482 --wine /home/SamDaaEpic/.config/heroic/tools/wine/Wine-GE-Proton8-26/bin/wine --language en --override-exe /home/SamDaaEpic/Games/Heroic/GTAV/fix.bat
[cli] INFO: Logging in...
[Core] INFO: Trying to re-use existing login session...

Available games:
 * Fortnite (App name: Fortnite | Version: ++Fortnite+Release-34.10-CL-40567068-Windows)
 * Grand Theft Auto V (App name: 9d2d0eb64d5c44529cece33fe2a46482 | Version: 1.0.3442.0)
 * Grand Theft Auto V Enhanced (App name: 8769e24080ea413b8ebca3f1b8c50951 | Version: 1.0.812.6)
 * Rocket League® (App name: Sugar | Version: BC2_Update54+477186)
 * VALORANT (App name: 602eb4abc8764c87b7f2607a1ef8c18e | Version: 2609-591)
 * Watch Dogs 2 (App name: Angelonia | Version: 1.0)
  - This game can be activated directly on your Ubisoft account and does not require legendary to install/run. This game requires Ubisoft Connect to be installed. Use "legendary activate --uplay" and follow the instructions.

Total: 6
[cli] INFO: Checking for updates...
[Core] INFO: Getting authentication token...
[cli] INFO: Launching 9d2d0eb64d5c44529cece33fe2a46482...
fsync: up and running.
wine: RLIMIT_NICE is <= 20, unable to use setpriority safely
002c:fixme:winediag:LdrInitializeThunk wine-staging 8.0 is a testing version containing experimental patches.
002c:fixme:winediag:LdrInitializeThunk Please mention your exact version when filing bug reports on winehq.org.
0070:fixme:hid:handle_IRP_MN_QUERY_ID Unhandled type 00000005
0070:fixme:hid:handle_IRP_MN_QUERY_ID Unhandled type 00000005
0070:fixme:hid:handle_IRP_MN_QUERY_ID Unhandled type 00000005
0070:fixme:hid:handle_IRP_MN_QUERY_ID Unhandled type 00000005
0088:err:hid:udev_bus_init UDEV monitor creation failed

Z:\home\SamDaaEpic\Games\Heroic\GTAV>start /B GǣnullGǥ GǣC:\Program Files\Rockstar Games\Launcher\LauncherPatcher.exeGǥ ping -n 20 localhost > nul GTA5_BE.exe -AUTH_LOGIN=unused -AUTH_PASSWORD=bb0218a4fc174deeac08d0006ba8c126 -AUTH_TYPE=exchangecode -epicapp=9d2d0eb64d5c44529cece33fe2a46482 -epicenv=Prod -EpicPortal -epicusername=SamDaaEpik -epicuserid=a2c0d4d3b1b546719b2ece57e5cc74a2 -epiclocale=en -epicsandboxid=0584d2013f0149a791e7b9bad0eec102 -useEpic -fromRGL 
00d8:fixme:exec:SHELL_execute flags ignored: 0x00000100
00d8:fixme:exec:SHELL_execute flags ignored: 0x00000100
00d8:fixme:exec:SHELL_execute flags ignored: 0x00000100
00d8:fixme:exec:SHELL_execute flags ignored: 0x00000100
00d8:fixme:exec:SHELL_execute flags ignored: 0x00000100
00d8:fixme:exec:SHELL_execute flags ignored: 0x00000100
00d8:fixme:exec:SHELL_execute flags ignored: 0x00000100
00d8:fixme:exec:SHELL_execute flags ignored: 0x00000100
00d8:fixme:exec:SHELL_execute flags ignored: 0x00000100
00d8:fixme:exec:SHELL_execute flags ignored: 0x00000100
[3/17/2025, 11:56:39 AM] LEGENDARY_CONFIG_PATH=/home/SamDaaEpic/.config/heroic/legendaryConfig/legendary /opt/Heroic/resources/app.asar.unpacked/build/bin/x64/linux/legendary list --third-party
[cli] INFO: Logging in...
[Core] INFO: Trying to re-use existing login session...
[cli] INFO: Getting game list... (this may take a while)

Available games:
 * Fortnite (App name: Fortnite | Version: ++Fortnite+Release-34.10-CL-40567068-Windows)
 * Grand Theft Auto V (App name: 9d2d0eb64d5c44529cece33fe2a46482 | Version: 1.0.3442.0)
 * Grand Theft Auto V Enhanced (App name: 8769e24080ea413b8ebca3f1b8c50951 | Version: 1.0.812.6)
 * Rocket League® (App name: Sugar | Version: BC2_Update54+477186)
 * VALORANT (App name: 602eb4abc8764c87b7f2607a1ef8c18e | Version: 2609-591)
 * Watch Dogs 2 (App name: Angelonia | Version: 1.0)
  - This game can be activated directly on your Ubisoft account and does not require legendary to install/run. This game requires Ubisoft Connect to be installed. Use "legendary activate --uplay" and follow the instructions.

Total: 6
[3/17/2025, 11:56:45 AM] HEROIC_APP_NAME=9d2d0eb64d5c44529cece33fe2a46482 HEROIC_APP_RUNNER=legendary GAMEID=umu-0 HEROIC_APP_SOURCE=epic STORE=egs STEAM_COMPAT_INSTALL_PATH=/home/SamDaaEpic/Games/Heroic/GTAV LD_PRELOAD= WINEPREFIX="/home/SamDaaEpic/Games/Heroic/Prefixes/default/Grand Theft Auto V" WINEDLLOVERRIDES=winemenubuilder.exe=d WINE_FULLSCREEN_FSR=0 WINEESYNC=1 WINEFSYNC=1 DXVK_ENABLE_NVAPI=1 DXVK_NVAPI_ALLOW_OTHER_DRIVERS=1 PROTON_EAC_RUNTIME=/home/SamDaaEpic/.config/heroic/tools/runtimes/eac_runtime PROTON_BATTLEYE_RUNTIME=/home/SamDaaEpic/.config/heroic/tools/runtimes/battleye_runtime ORIG_LD_LIBRARY_PATH= LD_LIBRARY_PATH=/home/SamDaaEpic/.config/heroic/tools/wine/Wine-GE-Proton8-26/lib64:/home/SamDaaEpic/.config/heroic/tools/wine/Wine-GE-Proton8-26/lib GST_PLUGIN_SYSTEM_PATH_1_0=/home/SamDaaEpic/.config/heroic/tools/wine/Wine-GE-Proton8-26/lib64/gstreamer-1.0:/home/SamDaaEpic/.config/heroic/tools/wine/Wine-GE-Proton8-26/lib/gstreamer-1.0 WINEDLLPATH=/home/SamDaaEpic/.config/heroic/tools/wine/Wine-GE-Proton8-26/lib64/wine:/home/SamDaaEpic/.config/heroic/tools/wine/Wine-GE-Proton8-26/lib/wine LEGENDARY_CONFIG_PATH=/home/SamDaaEpic/.config/heroic/legendaryConfig/legendary /opt/Heroic/resources/app.asar.unpacked/build/bin/x64/linux/legendary launch 9d2d0eb64d5c44529cece33fe2a46482 --wine /home/SamDaaEpic/.config/heroic/tools/wine/Wine-GE-Proton8-26/bin/wine --language en --override-exe /home/SamDaaEpic/Games/Heroic/GTAV/fix.bat
[cli] INFO: Logging in...
[Core] INFO: Trying to re-use existing login session...
[cli] INFO: Checking for updates...
[Core] INFO: Getting authentication token...
[cli] INFO: Launching 9d2d0eb64d5c44529cece33fe2a46482...
fsync: up and running.
wine: RLIMIT_NICE is <= 20, unable to use setpriority safely
002c:fixme:winediag:LdrInitializeThunk wine-staging 8.0 is a testing version containing experimental patches.
002c:fixme:winediag:LdrInitializeThunk Please mention your exact version when filing bug reports on winehq.org.
0070:fixme:hid:handle_IRP_MN_QUERY_ID Unhandled type 00000005
0070:fixme:hid:handle_IRP_MN_QUERY_ID Unhandled type 00000005
0070:fixme:hid:handle_IRP_MN_QUERY_ID Unhandled type 00000005
0070:fixme:hid:handle_IRP_MN_QUERY_ID Unhandled type 00000005
0088:err:hid:udev_bus_init UDEV monitor creation failed

Z:\home\SamDaaEpic\Games\Heroic\GTAV>start /B GǣnullGǥ GǣC:\Program Files\Rockstar Games\Launcher\LauncherPatcher.exeGǥ ping -n 20 localhost > nul GTA5_BE.exe -AUTH_LOGIN=unused -AUTH_PASSWORD=1a75d9a8d4b243208ae91a13670946bc -AUTH_TYPE=exchangecode -epicapp=9d2d0eb64d5c44529cece33fe2a46482 -epicenv=Prod -EpicPortal -epicusername=SamDaaEpik -epicuserid=a2c0d4d3b1b546719b2ece57e5cc74a2 -epiclocale=en -epicsandboxid=0584d2013f0149a791e7b9bad0eec102 -useEpic -fromRGL 
00d8:fixme:exec:SHELL_execute flags ignored: 0x00000100
00d8:fixme:exec:SHELL_execute flags ignored: 0x00000100
00d8:fixme:exec:SHELL_execute flags ignored: 0x00000100
00d8:fixme:exec:SHELL_execute flags ignored: 0x00000100
00d8:fixme:exec:SHELL_execute flags ignored: 0x00000100
00d8:fixme:exec:SHELL_execute flags ignored: 0x00000100
00d8:fixme:exec:SHELL_execute flags ignored: 0x00000100
00d8:fixme:exec:SHELL_execute flags ignored: 0x00000100
00d8:fixme:exec:SHELL_execute flags ignored: 0x00000100
00d8:fixme:exec:SHELL_execute flags ignored: 0x00000100
[3/17/2025, 11:56:47 AM] LEGENDARY_CONFIG_PATH=/home/SamDaaEpic/.config/heroic/legendaryConfig/legendary /opt/Heroic/resources/app.asar.unpacked/build/bin/x64/linux/legendary list --third-party
[cli] INFO: Logging in...
[Core] INFO: Trying to re-use existing login session...
[cli] INFO: Getting game list... (this may take a while)

Available games:
 * Fortnite (App name: Fortnite | Version: ++Fortnite+Release-34.10-CL-40567068-Windows)
 * Grand Theft Auto V (App name: 9d2d0eb64d5c44529cece33fe2a46482 | Version: 1.0.3442.0)
 * Grand Theft Auto V Enhanced (App name: 8769e24080ea413b8ebca3f1b8c50951 | Version: 1.0.812.6)
 * Rocket League® (App name: Sugar | Version: BC2_Update54+477186)
 * VALORANT (App name: 602eb4abc8764c87b7f2607a1ef8c18e | Version: 2609-591)
 * Watch Dogs 2 (App name: Angelonia | Version: 1.0)
  - This game can be activated directly on your Ubisoft account and does not require legendary to install/run. This game requires Ubisoft Connect to be installed. Use "legendary activate --uplay" and follow the instructions.

Total: 6
[3/17/2025, 11:57:08 AM] HEROIC_APP_NAME=9d2d0eb64d5c44529cece33fe2a46482 HEROIC_APP_RUNNER=legendary GAMEID=umu-0 HEROIC_APP_SOURCE=epic STORE=egs STEAM_COMPAT_INSTALL_PATH=/home/SamDaaEpic/Games/Heroic/GTAV LD_PRELOAD= WINEPREFIX="/home/SamDaaEpic/Games/Heroic/Prefixes/default/Grand Theft Auto V" WINEDLLOVERRIDES=winemenubuilder.exe=d WINE_FULLSCREEN_FSR=0 WINEESYNC=1 WINEFSYNC=1 DXVK_ENABLE_NVAPI=1 DXVK_NVAPI_ALLOW_OTHER_DRIVERS=1 PROTON_EAC_RUNTIME=/home/SamDaaEpic/.config/heroic/tools/runtimes/eac_runtime PROTON_BATTLEYE_RUNTIME=/home/SamDaaEpic/.config/heroic/tools/runtimes/battleye_runtime ORIG_LD_LIBRARY_PATH= LD_LIBRARY_PATH=/home/SamDaaEpic/.config/heroic/tools/wine/Wine-GE-Proton8-26/lib64:/home/SamDaaEpic/.config/heroic/tools/wine/Wine-GE-Proton8-26/lib GST_PLUGIN_SYSTEM_PATH_1_0=/home/SamDaaEpic/.config/heroic/tools/wine/Wine-GE-Proton8-26/lib64/gstreamer-1.0:/home/SamDaaEpic/.config/heroic/tools/wine/Wine-GE-Proton8-26/lib/gstreamer-1.0 WINEDLLPATH=/home/SamDaaEpic/.config/heroic/tools/wine/Wine-GE-Proton8-26/lib64/wine:/home/SamDaaEpic/.config/heroic/tools/wine/Wine-GE-Proton8-26/lib/wine LEGENDARY_CONFIG_PATH=/home/SamDaaEpic/.config/heroic/legendaryConfig/legendary /opt/Heroic/resources/app.asar.unpacked/build/bin/x64/linux/legendary launch 9d2d0eb64d5c44529cece33fe2a46482 --wine /home/SamDaaEpic/.config/heroic/tools/wine/Wine-GE-Proton8-26/bin/wine --language en --override-exe /home/SamDaaEpic/Games/Heroic/GTAV/fix.bat
[cli] INFO: Logging in...
[Core] INFO: Trying to re-use existing login session...
[cli] INFO: Checking for updates...
[Core] INFO: Getting authentication token...
[cli] INFO: Launching 9d2d0eb64d5c44529cece33fe2a46482...
fsync: up and running.
wine: RLIMIT_NICE is <= 20, unable to use setpriority safely
002c:fixme:winediag:LdrInitializeThunk wine-staging 8.0 is a testing version containing experimental patches.
002c:fixme:winediag:LdrInitializeThunk Please mention your exact version when filing bug reports on winehq.org.
0070:fixme:hid:handle_IRP_MN_QUERY_ID Unhandled type 00000005
0070:fixme:hid:handle_IRP_MN_QUERY_ID Unhandled type 00000005
0070:fixme:hid:handle_IRP_MN_QUERY_ID Unhandled type 00000005
0070:fixme:hid:handle_IRP_MN_QUERY_ID Unhandled type 00000005
0088:err:hid:udev_bus_init UDEV monitor creation failed

Z:\home\SamDaaEpic\Games\Heroic\GTAV>start /B GǣnullGǥ GǣC:\Program Files\Rockstar Games\Launcher\LauncherPatcher.exeGǥ  
00d8:fixme:exec:SHELL_execute flags ignored: 0x00000100
00d8:fixme:exec:SHELL_execute flags ignored: 0x00000100
00d8:fixme:exec:SHELL_execute flags ignored: 0x00000100
00d8:fixme:exec:SHELL_execute flags ignored: 0x00000100
00d8:fixme:exec:SHELL_execute flags ignored: 0x00000100
00d8:fixme:exec:SHELL_execute flags ignored: 0x00000100
00d8:fixme:exec:SHELL_execute flags ignored: 0x00000100
00d8:fixme:exec:SHELL_execute flags ignored: 0x00000100
00d8:fixme:exec:SHELL_execute flags ignored: 0x00000100
00d8:fixme:exec:SHELL_execute flags ignored: 0x00000100
Application could not be started, or no application associated with the specified file.
ShellExecuteEx failed: File not found.


Z:\home\SamDaaEpic\Games\Heroic\GTAV>ping -n 20 localhost > nul  

Z:\home\SamDaaEpic\Games\Heroic\GTAV>GTA5_BE.exe -AUTH_LOGIN=unused -AUTH_PASSWORD=6c9308601b6e421587c56a9c1b0a1ff5 -AUTH_TYPE=exchangecode -epicapp=9d2d0eb64d5c44529cece33fe2a46482 -epicenv=Prod -EpicPortal -epicusername=SamDaaEpik -epicuserid=a2c0d4d3b1b546719b2ece57e5cc74a2 -epiclocale=en -epicsandboxid=0584d2013f0149a791e7b9bad0eec102 -useEpic -fromRGL 
	00f4:err:module:hacks_init HACK: Simulating sched quantum in fsync.
00f4:err:module:hacks_init HACK: Simulating sched quantum in NtWaitForAlertByThreadId.
00f4:fixme:virtual:NtProtectVirtualMemory HACK: changing GTA5.exe vprot
013c:fixme:oleacc:find_class_data unhandled window class: L"#32769"
013c:fixme:uiautomation:uia_get_providers_for_hwnd Override provider callback currently unimplemented.
013c:fixme:uiautomation:msaa_provider_GetPropertyValue Unimplemented propertyId 30024
013c:fixme:uiautomation:msaa_fragment_get_FragmentRoot 000000000004FF88, 000000000062FAC0: stub!
0148:fixme:uiautomation:uia_get_providers_for_hwnd Override provider callback currently unimplemented.
0148:fixme:uiautomation:msaa_provider_GetPropertyValue Unimplemented propertyId 30024
0148:fixme:uiautomation:msaa_fragment_get_FragmentRoot 0000000000BABC58, 0000000001D9FAB0: stub!
00f4:fixme:thread:NtSetInformationThread ThreadIdealProcessor stub!
00f4:fixme:seh:WerSetFlags (1) stub
00f4:fixme:ver:GetCurrentPackageId (000000000011DA00 0000000000000000): stub
0174:fixme:ntdll:NtQuerySystemInformation info_class SYSTEM_PERFORMANCE_INFORMATION
0174:fixme:wbemprox:wbem_services_CreateInstanceEnum unsupported flags 0x30
0174:fixme:wbemprox:enum_class_object_Next timeout not supported
info:  Game: GTA5.exe
info:  DXVK: v2.6
info:  Build: x86_64 gcc 14.2.0
info:  Found built-in config:
info:    d3d11.cachedDynamicResources = vi
info:  Effective configuration:
info:    d3d11.cachedDynamicResources = vi
info:  Vulkan: Found vkGetInstanceProcAddr in winevulkan.dll @ 0x65dc4000
info:  Built-in extension providers:
info:    Platform WSI
info:    OpenVR
info:    OpenXR
info:  OpenVR: could not open registry key, status 2
info:  OpenVR: Failed to locate module
info:  Required Vulkan extension VK_KHR_surface not supported
wine: Unhandled exception 0x20474343 in thread 174 at address 000000007B013AD7 (thread 0174), starting debugger...
017c:fixme:imm:ImeSetActiveContext himc 000000000001009A, flag 0x1 stub!
01a0:fixme:imm:ImeSetActiveContext himc 0000000000010070, flag 0 stub!
01b4:fixme:oleacc:find_class_data unhandled window class: L"#32769"
01b4:fixme:uiautomation:uia_get_providers_for_hwnd Override provider callback currently unimplemented.
01b4:fixme:uiautomation:msaa_provider_GetPropertyValue Unimplemented propertyId 30024
01b4:fixme:uiautomation:msaa_fragment_get_FragmentRoot 000000000004ECB8, 000000000062FAC0: stub!
01b4:fixme:oleacc:find_class_data unhandled window class: L"#32770"
01b4:fixme:uiautomation:uia_get_providers_for_hwnd Override provider callback currently unimplemented.
01b4:fixme:uiautomation:msaa_provider_GetPropertyValue Unimplemented propertyId 30024
01b4:fixme:uiautomation:msaa_fragment_get_FragmentRoot 0000000000B9DFF8, 000000000062F970: stub!
01b4:fixme:oleacc:find_class_data unhandled window class: L"Static"
01b4:fixme:uiautomation:uia_get_providers_for_hwnd Override provider callback currently unimplemented.
01b4:fixme:uiautomation:msaa_provider_GetPropertyValue Unimplemented propertyId 30024
01b4:fixme:uiautomation:msaa_fragment_get_FragmentRoot 0000000000B9F568, 000000000062F820: stub!
01b4:fixme:oleacc:find_class_data unhandled window class: L"Static"
01b4:fixme:uiautomation:uia_get_providers_for_hwnd Override provider callback currently unimplemented.
01b4:fixme:uiautomation:msaa_provider_GetPropertyValue Unimplemented propertyId 30024
01b4:fixme:uiautomation:msaa_fragment_get_FragmentRoot 0000000000BA2918, 000000000062F820: stub!
01b4:fixme:uiautomation:uia_get_providers_for_hwnd Override provider callback currently unimplemented.
01b4:fixme:uiautomation:msaa_provider_GetPropertyValue Unimplemented propertyId 30024
01b4:fixme:uiautomation:msaa_fragment_get_FragmentRoot 0000000000BA7918, 000000000062F820: stub!
01b4:fixme:oleacc:find_class_data unhandled window class: L"Button"
01b4:fixme:uiautomation:uia_get_providers_for_hwnd Override provider callback currently unimplemented.
01b4:fixme:uiautomation:msaa_provider_GetPropertyValue Unimplemented propertyId 30024
01b4:fixme:uiautomation:msaa_fragment_get_FragmentRoot 0000000000B9F5E8, 000000000062F820: stub!
01b4:fixme:oleacc:find_class_data unhandled window class: L"Button"
01b4:fixme:uiautomation:uia_get_providers_for_hwnd Override provider callback currently unimplemented.
01b4:fixme:uiautomation:msaa_provider_GetPropertyValue Unimplemented propertyId 30024
01b4:fixme:uiautomation:msaa_fragment_get_FragmentRoot 0000000000B9B4F8, 000000000062F820: stub!
01d8:fixme:uiautomation:uia_get_providers_for_hwnd Override provider callback currently unimplemented.
01d8:fixme:uiautomation:msaa_provider_GetPropertyValue Unimplemented propertyId 30024
01d8:fixme:uiautomation:msaa_fragment_get_FragmentRoot 0000000000B93B78, 0000000001D9FAB0: stub!
01d8:fixme:uiautomation:uia_element_GetCurrentPropertyValueEx Default property values currently unimplemented
01d8:fixme:uiautomation:uia_element_GetCurrentPropertyValueEx Default property values currently unimplemented
01d8:fixme:uiautomation:base_hwnd_provider_GetPatternProvider 0000000000B9A3F0, 10002, 0000000001D9ECC0: stub
017c:fixme:dbghelp:elf_search_auxv can't find symbol in module
017c:fixme:dbghelp:elf_search_auxv can't find symbol in module
[3/17/2025, 11:57:38 AM] LEGENDARY_CONFIG_PATH=/home/SamDaaEpic/.config/heroic/legendaryConfig/legendary /opt/Heroic/resources/app.asar.unpacked/build/bin/x64/linux/legendary list --third-party
[cli] INFO: Logging in...
[Core] INFO: Trying to re-use existing login session...
[cli] INFO: Getting game list... (this may take a while)

Available games:
 * Fortnite (App name: Fortnite | Version: ++Fortnite+Release-34.10-CL-40567068-Windows)
 * Grand Theft Auto V (App name: 9d2d0eb64d5c44529cece33fe2a46482 | Version: 1.0.3442.0)
 * Grand Theft Auto V Enhanced (App name: 8769e24080ea413b8ebca3f1b8c50951 | Version: 1.0.812.6)
 * Rocket League® (App name: Sugar | Version: BC2_Update54+477186)
 * VALORANT (App name: 602eb4abc8764c87b7f2607a1ef8c18e | Version: 2609-591)
 * Watch Dogs 2 (App name: Angelonia | Version: 1.0)
  - This game can be activated directly on your Ubisoft account and does not require legendary to install/run. This game requires Ubisoft Connect to be installed. Use "legendary activate --uplay" and follow the instructions.

Total: 6
[3/17/2025, 11:57:48 AM] HEROIC_APP_NAME=9d2d0eb64d5c44529cece33fe2a46482 HEROIC_APP_RUNNER=legendary GAMEID=umu-0 HEROIC_APP_SOURCE=epic STORE=egs STEAM_COMPAT_INSTALL_PATH=/home/SamDaaEpic/Games/Heroic/GTAV LD_PRELOAD= WINEPREFIX="/home/SamDaaEpic/Games/Heroic/Prefixes/default/Grand Theft Auto V" WINEDLLOVERRIDES=winemenubuilder.exe=d WINE_FULLSCREEN_FSR=0 WINEESYNC=1 WINEFSYNC=1 DXVK_ENABLE_NVAPI=1 DXVK_NVAPI_ALLOW_OTHER_DRIVERS=1 PROTON_EAC_RUNTIME=/home/SamDaaEpic/.config/heroic/tools/runtimes/eac_runtime PROTON_BATTLEYE_RUNTIME=/home/SamDaaEpic/.config/heroic/tools/runtimes/battleye_runtime ORIG_LD_LIBRARY_PATH= LD_LIBRARY_PATH=/home/SamDaaEpic/.local/share/lutris/runners/wine/wine-ge-8-26-x86_64/lib64:/home/SamDaaEpic/.local/share/lutris/runners/wine/wine-ge-8-26-x86_64/lib GST_PLUGIN_SYSTEM_PATH_1_0=/home/SamDaaEpic/.local/share/lutris/runners/wine/wine-ge-8-26-x86_64/lib64/gstreamer-1.0:/home/SamDaaEpic/.local/share/lutris/runners/wine/wine-ge-8-26-x86_64/lib/gstreamer-1.0 WINEDLLPATH=/home/SamDaaEpic/.local/share/lutris/runners/wine/wine-ge-8-26-x86_64/lib64/wine:/home/SamDaaEpic/.local/share/lutris/runners/wine/wine-ge-8-26-x86_64/lib/wine LEGENDARY_CONFIG_PATH=/home/SamDaaEpic/.config/heroic/legendaryConfig/legendary /opt/Heroic/resources/app.asar.unpacked/build/bin/x64/linux/legendary launch 9d2d0eb64d5c44529cece33fe2a46482 --wine /home/SamDaaEpic/.local/share/lutris/runners/wine/wine-ge-8-26-x86_64/bin/wine --language en --override-exe /home/SamDaaEpic/Games/Heroic/GTAV/fix.bat
[cli] INFO: Logging in...
[Core] INFO: Trying to re-use existing login session...
[cli] INFO: Checking for updates...
[Core] INFO: Getting authentication token...
[cli] INFO: Launching 9d2d0eb64d5c44529cece33fe2a46482...
fsync: up and running.
wine: RLIMIT_NICE is <= 20, unable to use setpriority safely
002c:fixme:winediag:LdrInitializeThunk wine-staging 8.0 is a testing version containing experimental patches.
002c:fixme:winediag:LdrInitializeThunk Please mention your exact version when filing bug reports on winehq.org.
0070:fixme:hid:handle_IRP_MN_QUERY_ID Unhandled type 00000005
0070:fixme:hid:handle_IRP_MN_QUERY_ID Unhandled type 00000005
0070:fixme:hid:handle_IRP_MN_QUERY_ID Unhandled type 00000005
0070:fixme:hid:handle_IRP_MN_QUERY_ID Unhandled type 00000005
0088:err:hid:udev_bus_init UDEV monitor creation failed

Z:\home\SamDaaEpic\Games\Heroic\GTAV>start /B GǣnullGǥ GǣC:\Program Files\Rockstar Games\Launcher\LauncherPatcher.exeGǥ  
00d8:fixme:exec:SHELL_execute flags ignored: 0x00000100
00d8:fixme:exec:SHELL_execute flags ignored: 0x00000100
00d8:fixme:exec:SHELL_execute flags ignored: 0x00000100
00d8:fixme:exec:SHELL_execute flags ignored: 0x00000100
00d8:fixme:exec:SHELL_execute flags ignored: 0x00000100
00d8:fixme:exec:SHELL_execute flags ignored: 0x00000100
00d8:fixme:exec:SHELL_execute flags ignored: 0x00000100
00d8:fixme:exec:SHELL_execute flags ignored: 0x00000100
00d8:fixme:exec:SHELL_execute flags ignored: 0x00000100
00d8:fixme:exec:SHELL_execute flags ignored: 0x00000100
Application could not be started, or no application associated with the specified file.
ShellExecuteEx failed: File not found.


Z:\home\SamDaaEpic\Games\Heroic\GTAV>ping -n 20 localhost > nul  

Z:\home\SamDaaEpic\Games\Heroic\GTAV>GTA5_BE.exe -AUTH_LOGIN=unused -AUTH_PASSWORD=54c37657baa84e36ad934792bd3ca5b3 -AUTH_TYPE=exchangecode -epicapp=9d2d0eb64d5c44529cece33fe2a46482 -epicenv=Prod -EpicPortal -epicusername=SamDaaEpik -epicuserid=a2c0d4d3b1b546719b2ece57e5cc74a2 -epiclocale=en -epicsandboxid=0584d2013f0149a791e7b9bad0eec102 -useEpic -fromRGL 
	00f4:err:module:hacks_init HACK: Simulating sched quantum in fsync.
00f4:err:module:hacks_init HACK: Simulating sched quantum in NtWaitForAlertByThreadId.
013c:fixme:oleacc:find_class_data unhandled window class: L"#32769"
013c:fixme:uiautomation:uia_get_providers_for_hwnd Override provider callback currently unimplemented.
013c:fixme:uiautomation:msaa_provider_GetPropertyValue Unimplemented propertyId 30024
013c:fixme:uiautomation:msaa_fragment_get_FragmentRoot 0000000000B7D538, 000000000062FAC0: stub!
00f4:fixme:virtual:NtProtectVirtualMemory HACK: changing GTA5.exe vprot
0148:fixme:uiautomation:uia_get_providers_for_hwnd Override provider callback currently unimplemented.
0148:fixme:uiautomation:msaa_provider_GetPropertyValue Unimplemented propertyId 30024
0148:fixme:uiautomation:msaa_fragment_get_FragmentRoot 0000000000B74C58, 0000000001D9FAB0: stub!
00f4:fixme:thread:NtSetInformationThread ThreadIdealProcessor stub!
00f4:fixme:seh:WerSetFlags (1) stub
00f4:fixme:ver:GetCurrentPackageId (000000000011DA00 0000000000000000): stub
0174:fixme:ntdll:NtQuerySystemInformation info_class SYSTEM_PERFORMANCE_INFORMATION
0174:fixme:wbemprox:wbem_services_CreateInstanceEnum unsupported flags 0x30
0174:fixme:wbemprox:enum_class_object_Next timeout not supported
info:  Game: GTA5.exe
info:  DXVK: v2.6
info:  Build: x86_64 gcc 14.2.0
info:  Found built-in config:
info:    d3d11.cachedDynamicResources = vi
info:  Effective configuration:
info:    d3d11.cachedDynamicResources = vi
info:  Vulkan: Found vkGetInstanceProcAddr in winevulkan.dll @ 0x65dc4000
info:  Built-in extension providers:
info:    Platform WSI
info:    OpenVR
info:    OpenXR
info:  OpenVR: could not open registry key, status 2
info:  OpenVR: Failed to locate module
info:  Required Vulkan extension VK_KHR_surface not supported
wine: Unhandled exception 0x20474343 in thread 174 at address 000000007B013AD7 (thread 0174), starting debugger...
017c:fixme:imm:ImeSetActiveContext himc 000000000001009A, flag 0x1 stub!
01a0:fixme:imm:ImeSetActiveContext himc 0000000000010070, flag 0 stub!
01b4:fixme:oleacc:find_class_data unhandled window class: L"#32769"
01b4:fixme:uiautomation:uia_get_providers_for_hwnd Override provider callback currently unimplemented.
01b4:fixme:uiautomation:msaa_provider_GetPropertyValue Unimplemented propertyId 30024
01b4:fixme:uiautomation:msaa_fragment_get_FragmentRoot 0000000000B70898, 000000000062FAC0: stub!
01b4:fixme:oleacc:find_class_data unhandled window class: L"#32770"
01b4:fixme:uiautomation:uia_get_providers_for_hwnd Override provider callback currently unimplemented.
01b4:fixme:uiautomation:msaa_provider_GetPropertyValue Unimplemented propertyId 30024
01b4:fixme:uiautomation:msaa_fragment_get_FragmentRoot 0000000000B9F608, 000000000062F970: stub!
01b4:fixme:oleacc:find_class_data unhandled window class: L"Static"
01b4:fixme:uiautomation:uia_get_providers_for_hwnd Override provider callback currently unimplemented.
01b4:fixme:uiautomation:msaa_provider_GetPropertyValue Unimplemented propertyId 30024
01b4:fixme:uiautomation:msaa_fragment_get_FragmentRoot 0000000000BA1F98, 000000000062F820: stub!
01b4:fixme:oleacc:find_class_data unhandled window class: L"Static"
01b4:fixme:uiautomation:uia_get_providers_for_hwnd Override provider callback currently unimplemented.
01b4:fixme:uiautomation:msaa_provider_GetPropertyValue Unimplemented propertyId 30024
01b4:fixme:uiautomation:msaa_fragment_get_FragmentRoot 0000000000B94848, 000000000062F820: stub!
01b4:fixme:uiautomation:uia_get_providers_for_hwnd Override provider callback currently unimplemented.
01b4:fixme:uiautomation:msaa_provider_GetPropertyValue Unimplemented propertyId 30024
01b4:fixme:uiautomation:msaa_fragment_get_FragmentRoot 0000000000B9F688, 000000000062F820: stub!
01b4:fixme:oleacc:find_class_data unhandled window class: L"Button"
01b4:fixme:uiautomation:uia_get_providers_for_hwnd Override provider callback currently unimplemented.
01b4:fixme:uiautomation:msaa_provider_GetPropertyValue Unimplemented propertyId 30024
01b4:fixme:uiautomation:msaa_fragment_get_FragmentRoot 0000000000B9F708, 000000000062F820: stub!
01b4:fixme:oleacc:find_class_data unhandled window class: L"Button"
01b4:fixme:uiautomation:uia_get_providers_for_hwnd Override provider callback currently unimplemented.
01b4:fixme:uiautomation:msaa_provider_GetPropertyValue Unimplemented propertyId 30024
01b4:fixme:uiautomation:msaa_fragment_get_FragmentRoot 0000000000B9F788, 000000000062F820: stub!
01d8:fixme:uiautomation:uia_get_providers_for_hwnd Override provider callback currently unimplemented.
01d8:fixme:uiautomation:msaa_provider_GetPropertyValue Unimplemented propertyId 30024
01d8:fixme:uiautomation:msaa_fragment_get_FragmentRoot 0000000000B90CB8, 0000000001D9FAB0: stub!
01d8:fixme:uiautomation:uia_element_GetCurrentPropertyValueEx Default property values currently unimplemented
01d8:fixme:uiautomation:uia_element_GetCurrentPropertyValueEx Default property values currently unimplemented
01d8:fixme:uiautomation:base_hwnd_provider_GetPatternProvider 0000000000B9A530, 10002, 0000000001D9ECC0: stub
017c:fixme:dbghelp:elf_search_auxv can't find symbol in module
017c:fixme:dbghelp:elf_search_auxv can't find symbol in module
[3/17/2025, 11:58:16 AM] LEGENDARY_CONFIG_PATH=/home/SamDaaEpic/.config/heroic/legendaryConfig/legendary /opt/Heroic/resources/app.asar.unpacked/build/bin/x64/linux/legendary list --third-party
[cli] INFO: Logging in...
[Core] INFO: Trying to re-use existing login session...
[cli] INFO: Getting game list... (this may take a while)

Available games:
 * Fortnite (App name: Fortnite | Version: ++Fortnite+Release-34.10-CL-40567068-Windows)
 * Grand Theft Auto V (App name: 9d2d0eb64d5c44529cece33fe2a46482 | Version: 1.0.3442.0)
 * Grand Theft Auto V Enhanced (App name: 8769e24080ea413b8ebca3f1b8c50951 | Version: 1.0.812.6)
 * Rocket League® (App name: Sugar | Version: BC2_Update54+477186)
 * VALORANT (App name: 602eb4abc8764c87b7f2607a1ef8c18e | Version: 2609-591)
 * Watch Dogs 2 (App name: Angelonia | Version: 1.0)
  - This game can be activated directly on your Ubisoft account and does not require legendary to install/run. This game requires Ubisoft Connect to be installed. Use "legendary activate --uplay" and follow the instructions.

Total: 6
[3/17/2025, 12:12:57 PM] LEGENDARY_CONFIG_PATH=/home/SamDaaEpic/.config/heroic/legendaryConfig/legendary /opt/Heroic/resources/app.asar.unpacked/build/bin/x64/linux/legendary uninstall 9d2d0eb64d5c44529cece33fe2a46482 -y
[cli] INFO: Removing "Grand Theft Auto V" from "/home/SamDaaEpic/Games/Heroic/GTAV"...
[LFS Utils] ERROR: Removing game directory failed with OSError(39, 'Directory not empty')
[cli] INFO: Game has been uninstalled.
[3/17/2025, 12:13:00 PM] LEGENDARY_CONFIG_PATH=/home/SamDaaEpic/.config/heroic/legendaryConfig/legendary /opt/Heroic/resources/app.asar.unpacked/build/bin/x64/linux/legendary list --third-party
[cli] INFO: Logging in...
[Core] INFO: Trying to re-use existing login session...
[cli] INFO: Getting game list... (this may take a while)

Available games:
 * Fortnite (App name: Fortnite | Version: ++Fortnite+Release-34.10-CL-40567068-Windows)
 * Grand Theft Auto V (App name: 9d2d0eb64d5c44529cece33fe2a46482 | Version: 1.0.3442.0)
 * Grand Theft Auto V Enhanced (App name: 8769e24080ea413b8ebca3f1b8c50951 | Version: 1.0.812.6)
 * Rocket League® (App name: Sugar | Version: BC2_Update54+477186)
 * VALORANT (App name: 602eb4abc8764c87b7f2607a1ef8c18e | Version: 2609-591)
 * Watch Dogs 2 (App name: Angelonia | Version: 1.0)
  - This game can be activated directly on your Ubisoft account and does not require legendary to install/run. This game requires Ubisoft Connect to be installed. Use "legendary activate --uplay" and follow the instructions.

Total: 6
