4/11/2025, 7:44:26 PM GMT+5:30 [Modules] Modules initializing
4/11/2025, 7:44:26 PM GMT+5:30 [Modules] Distribution: remote
4/11/2025, 7:44:26 PM GMT+5:30 [Modules] Host updates: enabled
4/11/2025, 7:44:26 PM GMT+5:30 [Modules] Module updates: enabled
4/11/2025, 7:44:26 PM GMT+5:30 [Modules] Module install path: /home/SamDaaEpic/.config/discord/0.0.90/modules
4/11/2025, 7:44:26 PM GMT+5:30 [Modules] Module installed file path: /home/SamDaaEpic/.config/discord/0.0.90/modules/installed.json
4/11/2025, 7:44:26 PM GMT+5:30 [Modules] Module download path: /home/SamDaaEpic/.config/discord/0.0.90/modules/pending
4/11/2025, 7:44:26 PM GMT+5:30 [Modules] Bootstrapping...
4/11/2025, 7:44:26 PM GMT+5:30 [Modules] Installing discord_desktop_core@0 from /opt/discord/resources/bootstrap/discord_desktop_core.zip
4/11/2025, 7:44:26 PM GMT+5:30 [Modules] Failed installing discord_desktop_core@0: Error: ENOENT: no such file or directory, open '/opt/discord/resources/bootstrap/discord_desktop_core.zip'
4/11/2025, 7:44:26 PM GMT+5:30 [Modules] Installing discord_erlpack@0 from /opt/discord/resources/bootstrap/discord_erlpack.zip
4/11/2025, 7:44:26 PM GMT+5:30 [Modules] Failed installing discord_erlpack@0: Error: ENOENT: no such file or directory, open '/opt/discord/resources/bootstrap/discord_erlpack.zip'
4/11/2025, 7:44:26 PM GMT+5:30 [Modules] Installing discord_spellcheck@0 from /opt/discord/resources/bootstrap/discord_spellcheck.zip
4/11/2025, 7:44:26 PM GMT+5:30 [Modules] Failed installing discord_spellcheck@0: Error: ENOENT: no such file or directory, open '/opt/discord/resources/bootstrap/discord_spellcheck.zip'
4/11/2025, 7:44:26 PM GMT+5:30 [Modules] Installing discord_utils@0 from /opt/discord/resources/bootstrap/discord_utils.zip
4/11/2025, 7:44:26 PM GMT+5:30 [Modules] Failed installing discord_utils@0: Error: ENOENT: no such file or directory, open '/opt/discord/resources/bootstrap/discord_utils.zip'
4/11/2025, 7:44:26 PM GMT+5:30 [Modules] Installing discord_voice@0 from /opt/discord/resources/bootstrap/discord_voice.zip
4/11/2025, 7:44:26 PM GMT+5:30 [Modules] Failed installing discord_voice@0: Error: ENOENT: no such file or directory, open '/opt/discord/resources/bootstrap/discord_voice.zip'
4/11/2025, 7:44:26 PM GMT+5:30 [Modules] Installing discord_zstd@0 from /opt/discord/resources/bootstrap/discord_zstd.zip
4/11/2025, 7:44:26 PM GMT+5:30 [Modules] Failed installing discord_zstd@0: Error: ENOENT: no such file or directory, open '/opt/discord/resources/bootstrap/discord_zstd.zip'
4/11/2025, 7:44:26 PM GMT+5:30 [Modules] Finished module installations. [success: 0] [failure: 6]
4/11/2025, 7:44:26 PM GMT+5:30 [Modules] Checking for host updates.
4/11/2025, 7:44:27 PM GMT+5:30 [Modules] Host is up to date.
4/11/2025, 7:44:27 PM GMT+5:30 [Modules] Checking for module updates at https://discord.com/api/modules/stable/versions.json
4/11/2025, 7:44:27 PM GMT+5:30 [Modules] Module update available: discord_desktop_core@2 [installed: 0]
4/11/2025, 7:44:27 PM GMT+5:30 [Modules] Module update available: discord_erlpack@1 [installed: 0]
4/11/2025, 7:44:27 PM GMT+5:30 [Modules] Module update available: discord_spellcheck@1 [installed: 0]
4/11/2025, 7:44:27 PM GMT+5:30 [Modules] Module update available: discord_utils@2 [installed: 0]
4/11/2025, 7:44:27 PM GMT+5:30 [Modules] Module update available: discord_voice@2 [installed: 0]
4/11/2025, 7:44:27 PM GMT+5:30 [Modules] Module update available: discord_zstd@1 [installed: 0]
4/11/2025, 7:44:27 PM GMT+5:30 [Modules] Fetching discord_desktop_core@2 from https://discord.com/api/modules/stable/discord_desktop_core/2
4/11/2025, 7:44:27 PM GMT+5:30 [Modules] Streaming discord_desktop_core@2 to /home/SamDaaEpic/.config/discord/0.0.90/modules/pending/discord_desktop_core-2.zip
4/11/2025, 7:44:27 PM GMT+5:30 [Modules] Streaming discord_desktop_core@2 to /home/SamDaaEpic/.config/discord/0.0.90/modules/pending/discord_desktop_core-2.zip: 2%
4/11/2025, 7:44:28 PM GMT+5:30 [Modules] Streaming discord_desktop_core@2 to /home/SamDaaEpic/.config/discord/0.0.90/modules/pending/discord_desktop_core-2.zip: 3%
4/11/2025, 7:44:28 PM GMT+5:30 [Modules] Streaming discord_desktop_core@2 to /home/SamDaaEpic/.config/discord/0.0.90/modules/pending/discord_desktop_core-2.zip: 4%
4/11/2025, 7:44:28 PM GMT+5:30 [Modules] Streaming discord_desktop_core@2 to /home/SamDaaEpic/.config/discord/0.0.90/modules/pending/discord_desktop_core-2.zip: 5%
4/11/2025, 7:44:28 PM GMT+5:30 [Modules] Streaming discord_desktop_core@2 to /home/SamDaaEpic/.config/discord/0.0.90/modules/pending/discord_desktop_core-2.zip: 6%
4/11/2025, 7:44:28 PM GMT+5:30 [Modules] Streaming discord_desktop_core@2 to /home/SamDaaEpic/.config/discord/0.0.90/modules/pending/discord_desktop_core-2.zip: 7%
4/11/2025, 7:44:28 PM GMT+5:30 [Modules] Streaming discord_desktop_core@2 to /home/SamDaaEpic/.config/discord/0.0.90/modules/pending/discord_desktop_core-2.zip: 8%
4/11/2025, 7:44:28 PM GMT+5:30 [Modules] Streaming discord_desktop_core@2 to /home/SamDaaEpic/.config/discord/0.0.90/modules/pending/discord_desktop_core-2.zip: 9%
4/11/2025, 7:44:28 PM GMT+5:30 [Modules] Streaming discord_desktop_core@2 to /home/SamDaaEpic/.config/discord/0.0.90/modules/pending/discord_desktop_core-2.zip: 10%
4/11/2025, 7:44:28 PM GMT+5:30 [Modules] Streaming discord_desktop_core@2 to /home/SamDaaEpic/.config/discord/0.0.90/modules/pending/discord_desktop_core-2.zip: 11%
4/11/2025, 7:44:28 PM GMT+5:30 [Modules] Streaming discord_desktop_core@2 to /home/SamDaaEpic/.config/discord/0.0.90/modules/pending/discord_desktop_core-2.zip: 12%
4/11/2025, 7:44:28 PM GMT+5:30 [Modules] Streaming discord_desktop_core@2 to /home/SamDaaEpic/.config/discord/0.0.90/modules/pending/discord_desktop_core-2.zip: 13%
4/11/2025, 7:44:28 PM GMT+5:30 [Modules] Streaming discord_desktop_core@2 to /home/SamDaaEpic/.config/discord/0.0.90/modules/pending/discord_desktop_core-2.zip: 14%
4/11/2025, 7:44:28 PM GMT+5:30 [Modules] Streaming discord_desktop_core@2 to /home/SamDaaEpic/.config/discord/0.0.90/modules/pending/discord_desktop_core-2.zip: 15%
4/11/2025, 7:44:28 PM GMT+5:30 [Modules] Streaming discord_desktop_core@2 to /home/SamDaaEpic/.config/discord/0.0.90/modules/pending/discord_desktop_core-2.zip: 16%
4/11/2025, 7:44:28 PM GMT+5:30 [Modules] Streaming discord_desktop_core@2 to /home/SamDaaEpic/.config/discord/0.0.90/modules/pending/discord_desktop_core-2.zip: 17%
4/11/2025, 7:44:28 PM GMT+5:30 [Modules] Streaming discord_desktop_core@2 to /home/SamDaaEpic/.config/discord/0.0.90/modules/pending/discord_desktop_core-2.zip: 18%
4/11/2025, 7:44:28 PM GMT+5:30 [Modules] Streaming discord_desktop_core@2 to /home/SamDaaEpic/.config/discord/0.0.90/modules/pending/discord_desktop_core-2.zip: 19%
4/11/2025, 7:44:28 PM GMT+5:30 [Modules] Streaming discord_desktop_core@2 to /home/SamDaaEpic/.config/discord/0.0.90/modules/pending/discord_desktop_core-2.zip: 20%
4/11/2025, 7:44:28 PM GMT+5:30 [Modules] Streaming discord_desktop_core@2 to /home/SamDaaEpic/.config/discord/0.0.90/modules/pending/discord_desktop_core-2.zip: 21%
4/11/2025, 7:44:28 PM GMT+5:30 [Modules] Streaming discord_desktop_core@2 to /home/SamDaaEpic/.config/discord/0.0.90/modules/pending/discord_desktop_core-2.zip: 22%
4/11/2025, 7:44:28 PM GMT+5:30 [Modules] Streaming discord_desktop_core@2 to /home/SamDaaEpic/.config/discord/0.0.90/modules/pending/discord_desktop_core-2.zip: 23%
4/11/2025, 7:44:28 PM GMT+5:30 [Modules] Streaming discord_desktop_core@2 to /home/SamDaaEpic/.config/discord/0.0.90/modules/pending/discord_desktop_core-2.zip: 24%
4/11/2025, 7:44:28 PM GMT+5:30 [Modules] Streaming discord_desktop_core@2 to /home/SamDaaEpic/.config/discord/0.0.90/modules/pending/discord_desktop_core-2.zip: 26%
4/11/2025, 7:44:28 PM GMT+5:30 [Modules] Streaming discord_desktop_core@2 to /home/SamDaaEpic/.config/discord/0.0.90/modules/pending/discord_desktop_core-2.zip: 27%
4/11/2025, 7:44:28 PM GMT+5:30 [Modules] Streaming discord_desktop_core@2 to /home/SamDaaEpic/.config/discord/0.0.90/modules/pending/discord_desktop_core-2.zip: 28%
4/11/2025, 7:44:28 PM GMT+5:30 [Modules] Streaming discord_desktop_core@2 to /home/SamDaaEpic/.config/discord/0.0.90/modules/pending/discord_desktop_core-2.zip: 29%
4/11/2025, 7:44:28 PM GMT+5:30 [Modules] Streaming discord_desktop_core@2 to /home/SamDaaEpic/.config/discord/0.0.90/modules/pending/discord_desktop_core-2.zip: 30%
4/11/2025, 7:44:28 PM GMT+5:30 [Modules] Streaming discord_desktop_core@2 to /home/SamDaaEpic/.config/discord/0.0.90/modules/pending/discord_desktop_core-2.zip: 31%
4/11/2025, 7:44:28 PM GMT+5:30 [Modules] Streaming discord_desktop_core@2 to /home/SamDaaEpic/.config/discord/0.0.90/modules/pending/discord_desktop_core-2.zip: 32%
4/11/2025, 7:44:28 PM GMT+5:30 [Modules] Streaming discord_desktop_core@2 to /home/SamDaaEpic/.config/discord/0.0.90/modules/pending/discord_desktop_core-2.zip: 33%
4/11/2025, 7:44:28 PM GMT+5:30 [Modules] Streaming discord_desktop_core@2 to /home/SamDaaEpic/.config/discord/0.0.90/modules/pending/discord_desktop_core-2.zip: 34%
4/11/2025, 7:44:28 PM GMT+5:30 [Modules] Streaming discord_desktop_core@2 to /home/SamDaaEpic/.config/discord/0.0.90/modules/pending/discord_desktop_core-2.zip: 35%
4/11/2025, 7:44:28 PM GMT+5:30 [Modules] Streaming discord_desktop_core@2 to /home/SamDaaEpic/.config/discord/0.0.90/modules/pending/discord_desktop_core-2.zip: 36%
4/11/2025, 7:44:28 PM GMT+5:30 [Modules] Streaming discord_desktop_core@2 to /home/SamDaaEpic/.config/discord/0.0.90/modules/pending/discord_desktop_core-2.zip: 37%
4/11/2025, 7:44:28 PM GMT+5:30 [Modules] Streaming discord_desktop_core@2 to /home/SamDaaEpic/.config/discord/0.0.90/modules/pending/discord_desktop_core-2.zip: 38%
4/11/2025, 7:44:28 PM GMT+5:30 [Modules] Streaming discord_desktop_core@2 to /home/SamDaaEpic/.config/discord/0.0.90/modules/pending/discord_desktop_core-2.zip: 40%
4/11/2025, 7:44:28 PM GMT+5:30 [Modules] Streaming discord_desktop_core@2 to /home/SamDaaEpic/.config/discord/0.0.90/modules/pending/discord_desktop_core-2.zip: 41%
4/11/2025, 7:44:28 PM GMT+5:30 [Modules] Streaming discord_desktop_core@2 to /home/SamDaaEpic/.config/discord/0.0.90/modules/pending/discord_desktop_core-2.zip: 42%
4/11/2025, 7:44:28 PM GMT+5:30 [Modules] Streaming discord_desktop_core@2 to /home/SamDaaEpic/.config/discord/0.0.90/modules/pending/discord_desktop_core-2.zip: 43%
4/11/2025, 7:44:28 PM GMT+5:30 [Modules] Streaming discord_desktop_core@2 to /home/SamDaaEpic/.config/discord/0.0.90/modules/pending/discord_desktop_core-2.zip: 45%
4/11/2025, 7:44:28 PM GMT+5:30 [Modules] Streaming discord_desktop_core@2 to /home/SamDaaEpic/.config/discord/0.0.90/modules/pending/discord_desktop_core-2.zip: 46%
4/11/2025, 7:44:28 PM GMT+5:30 [Modules] Streaming discord_desktop_core@2 to /home/SamDaaEpic/.config/discord/0.0.90/modules/pending/discord_desktop_core-2.zip: 47%
4/11/2025, 7:44:28 PM GMT+5:30 [Modules] Streaming discord_desktop_core@2 to /home/SamDaaEpic/.config/discord/0.0.90/modules/pending/discord_desktop_core-2.zip: 48%
4/11/2025, 7:44:28 PM GMT+5:30 [Modules] Streaming discord_desktop_core@2 to /home/SamDaaEpic/.config/discord/0.0.90/modules/pending/discord_desktop_core-2.zip: 49%
4/11/2025, 7:44:28 PM GMT+5:30 [Modules] Streaming discord_desktop_core@2 to /home/SamDaaEpic/.config/discord/0.0.90/modules/pending/discord_desktop_core-2.zip: 50%
4/11/2025, 7:44:28 PM GMT+5:30 [Modules] Streaming discord_desktop_core@2 to /home/SamDaaEpic/.config/discord/0.0.90/modules/pending/discord_desktop_core-2.zip: 51%
4/11/2025, 7:44:28 PM GMT+5:30 [Modules] Streaming discord_desktop_core@2 to /home/SamDaaEpic/.config/discord/0.0.90/modules/pending/discord_desktop_core-2.zip: 53%
4/11/2025, 7:44:28 PM GMT+5:30 [Modules] Streaming discord_desktop_core@2 to /home/SamDaaEpic/.config/discord/0.0.90/modules/pending/discord_desktop_core-2.zip: 54%
4/11/2025, 7:44:28 PM GMT+5:30 [Modules] Streaming discord_desktop_core@2 to /home/SamDaaEpic/.config/discord/0.0.90/modules/pending/discord_desktop_core-2.zip: 55%
4/11/2025, 7:44:28 PM GMT+5:30 [Modules] Streaming discord_desktop_core@2 to /home/SamDaaEpic/.config/discord/0.0.90/modules/pending/discord_desktop_core-2.zip: 56%
4/11/2025, 7:44:28 PM GMT+5:30 [Modules] Streaming discord_desktop_core@2 to /home/SamDaaEpic/.config/discord/0.0.90/modules/pending/discord_desktop_core-2.zip: 57%
4/11/2025, 7:44:28 PM GMT+5:30 [Modules] Streaming discord_desktop_core@2 to /home/SamDaaEpic/.config/discord/0.0.90/modules/pending/discord_desktop_core-2.zip: 58%
4/11/2025, 7:44:28 PM GMT+5:30 [Modules] Streaming discord_desktop_core@2 to /home/SamDaaEpic/.config/discord/0.0.90/modules/pending/discord_desktop_core-2.zip: 59%
4/11/2025, 7:44:28 PM GMT+5:30 [Modules] Streaming discord_desktop_core@2 to /home/SamDaaEpic/.config/discord/0.0.90/modules/pending/discord_desktop_core-2.zip: 60%
4/11/2025, 7:44:28 PM GMT+5:30 [Modules] Streaming discord_desktop_core@2 to /home/SamDaaEpic/.config/discord/0.0.90/modules/pending/discord_desktop_core-2.zip: 62%
4/11/2025, 7:44:28 PM GMT+5:30 [Modules] Streaming discord_desktop_core@2 to /home/SamDaaEpic/.config/discord/0.0.90/modules/pending/discord_desktop_core-2.zip: 63%
4/11/2025, 7:44:28 PM GMT+5:30 [Modules] Streaming discord_desktop_core@2 to /home/SamDaaEpic/.config/discord/0.0.90/modules/pending/discord_desktop_core-2.zip: 64%
4/11/2025, 7:44:28 PM GMT+5:30 [Modules] Streaming discord_desktop_core@2 to /home/SamDaaEpic/.config/discord/0.0.90/modules/pending/discord_desktop_core-2.zip: 65%
4/11/2025, 7:44:28 PM GMT+5:30 [Modules] Streaming discord_desktop_core@2 to /home/SamDaaEpic/.config/discord/0.0.90/modules/pending/discord_desktop_core-2.zip: 66%
4/11/2025, 7:44:28 PM GMT+5:30 [Modules] Streaming discord_desktop_core@2 to /home/SamDaaEpic/.config/discord/0.0.90/modules/pending/discord_desktop_core-2.zip: 67%
4/11/2025, 7:44:28 PM GMT+5:30 [Modules] Streaming discord_desktop_core@2 to /home/SamDaaEpic/.config/discord/0.0.90/modules/pending/discord_desktop_core-2.zip: 68%
4/11/2025, 7:44:28 PM GMT+5:30 [Modules] Streaming discord_desktop_core@2 to /home/SamDaaEpic/.config/discord/0.0.90/modules/pending/discord_desktop_core-2.zip: 69%
4/11/2025, 7:44:28 PM GMT+5:30 [Modules] Streaming discord_desktop_core@2 to /home/SamDaaEpic/.config/discord/0.0.90/modules/pending/discord_desktop_core-2.zip: 70%
4/11/2025, 7:44:28 PM GMT+5:30 [Modules] Streaming discord_desktop_core@2 to /home/SamDaaEpic/.config/discord/0.0.90/modules/pending/discord_desktop_core-2.zip: 71%
4/11/2025, 7:44:28 PM GMT+5:30 [Modules] Streaming discord_desktop_core@2 to /home/SamDaaEpic/.config/discord/0.0.90/modules/pending/discord_desktop_core-2.zip: 72%
4/11/2025, 7:44:28 PM GMT+5:30 [Modules] Streaming discord_desktop_core@2 to /home/SamDaaEpic/.config/discord/0.0.90/modules/pending/discord_desktop_core-2.zip: 73%
4/11/2025, 7:44:28 PM GMT+5:30 [Modules] Streaming discord_desktop_core@2 to /home/SamDaaEpic/.config/discord/0.0.90/modules/pending/discord_desktop_core-2.zip: 74%
4/11/2025, 7:44:28 PM GMT+5:30 [Modules] Streaming discord_desktop_core@2 to /home/SamDaaEpic/.config/discord/0.0.90/modules/pending/discord_desktop_core-2.zip: 75%
4/11/2025, 7:44:28 PM GMT+5:30 [Modules] Streaming discord_desktop_core@2 to /home/SamDaaEpic/.config/discord/0.0.90/modules/pending/discord_desktop_core-2.zip: 76%
4/11/2025, 7:44:28 PM GMT+5:30 [Modules] Streaming discord_desktop_core@2 to /home/SamDaaEpic/.config/discord/0.0.90/modules/pending/discord_desktop_core-2.zip: 78%
4/11/2025, 7:44:28 PM GMT+5:30 [Modules] Streaming discord_desktop_core@2 to /home/SamDaaEpic/.config/discord/0.0.90/modules/pending/discord_desktop_core-2.zip: 79%
4/11/2025, 7:44:28 PM GMT+5:30 [Modules] Streaming discord_desktop_core@2 to /home/SamDaaEpic/.config/discord/0.0.90/modules/pending/discord_desktop_core-2.zip: 81%
4/11/2025, 7:44:28 PM GMT+5:30 [Modules] Streaming discord_desktop_core@2 to /home/SamDaaEpic/.config/discord/0.0.90/modules/pending/discord_desktop_core-2.zip: 82%
4/11/2025, 7:44:28 PM GMT+5:30 [Modules] Streaming discord_desktop_core@2 to /home/SamDaaEpic/.config/discord/0.0.90/modules/pending/discord_desktop_core-2.zip: 83%
4/11/2025, 7:44:28 PM GMT+5:30 [Modules] Streaming discord_desktop_core@2 to /home/SamDaaEpic/.config/discord/0.0.90/modules/pending/discord_desktop_core-2.zip: 84%
4/11/2025, 7:44:28 PM GMT+5:30 [Modules] Streaming discord_desktop_core@2 to /home/SamDaaEpic/.config/discord/0.0.90/modules/pending/discord_desktop_core-2.zip: 86%
4/11/2025, 7:44:28 PM GMT+5:30 [Modules] Streaming discord_desktop_core@2 to /home/SamDaaEpic/.config/discord/0.0.90/modules/pending/discord_desktop_core-2.zip: 87%
4/11/2025, 7:44:28 PM GMT+5:30 [Modules] Streaming discord_desktop_core@2 to /home/SamDaaEpic/.config/discord/0.0.90/modules/pending/discord_desktop_core-2.zip: 90%
4/11/2025, 7:44:28 PM GMT+5:30 [Modules] Streaming discord_desktop_core@2 to /home/SamDaaEpic/.config/discord/0.0.90/modules/pending/discord_desktop_core-2.zip: 91%
4/11/2025, 7:44:28 PM GMT+5:30 [Modules] Streaming discord_desktop_core@2 to /home/SamDaaEpic/.config/discord/0.0.90/modules/pending/discord_desktop_core-2.zip: 93%
4/11/2025, 7:44:28 PM GMT+5:30 [Modules] Streaming discord_desktop_core@2 to /home/SamDaaEpic/.config/discord/0.0.90/modules/pending/discord_desktop_core-2.zip: 97%
4/11/2025, 7:44:28 PM GMT+5:30 [Modules] Streaming discord_desktop_core@2 to /home/SamDaaEpic/.config/discord/0.0.90/modules/pending/discord_desktop_core-2.zip: 98%
4/11/2025, 7:44:28 PM GMT+5:30 [Modules] Streaming discord_desktop_core@2 to /home/SamDaaEpic/.config/discord/0.0.90/modules/pending/discord_desktop_core-2.zip: 100%
4/11/2025, 7:44:28 PM GMT+5:30 [Modules] Fetching discord_erlpack@1 from https://discord.com/api/modules/stable/discord_erlpack/1
4/11/2025, 7:44:28 PM GMT+5:30 [Modules] Streaming discord_erlpack@1 to /home/SamDaaEpic/.config/discord/0.0.90/modules/pending/discord_erlpack-1.zip
4/11/2025, 7:44:29 PM GMT+5:30 [Modules] Streaming discord_erlpack@1 to /home/SamDaaEpic/.config/discord/0.0.90/modules/pending/discord_erlpack-1.zip: 3%
4/11/2025, 7:44:29 PM GMT+5:30 [Modules] Streaming discord_erlpack@1 to /home/SamDaaEpic/.config/discord/0.0.90/modules/pending/discord_erlpack-1.zip: 4%
4/11/2025, 7:44:29 PM GMT+5:30 [Modules] Streaming discord_erlpack@1 to /home/SamDaaEpic/.config/discord/0.0.90/modules/pending/discord_erlpack-1.zip: 8%
4/11/2025, 7:44:29 PM GMT+5:30 [Modules] Streaming discord_erlpack@1 to /home/SamDaaEpic/.config/discord/0.0.90/modules/pending/discord_erlpack-1.zip: 9%
4/11/2025, 7:44:29 PM GMT+5:30 [Modules] Streaming discord_erlpack@1 to /home/SamDaaEpic/.config/discord/0.0.90/modules/pending/discord_erlpack-1.zip: 11%
4/11/2025, 7:44:29 PM GMT+5:30 [Modules] Streaming discord_erlpack@1 to /home/SamDaaEpic/.config/discord/0.0.90/modules/pending/discord_erlpack-1.zip: 12%
4/11/2025, 7:44:29 PM GMT+5:30 [Modules] Streaming discord_erlpack@1 to /home/SamDaaEpic/.config/discord/0.0.90/modules/pending/discord_erlpack-1.zip: 14%
4/11/2025, 7:44:29 PM GMT+5:30 [Modules] Streaming discord_erlpack@1 to /home/SamDaaEpic/.config/discord/0.0.90/modules/pending/discord_erlpack-1.zip: 16%
4/11/2025, 7:44:29 PM GMT+5:30 [Modules] Streaming discord_erlpack@1 to /home/SamDaaEpic/.config/discord/0.0.90/modules/pending/discord_erlpack-1.zip: 17%
4/11/2025, 7:44:29 PM GMT+5:30 [Modules] Streaming discord_erlpack@1 to /home/SamDaaEpic/.config/discord/0.0.90/modules/pending/discord_erlpack-1.zip: 19%
4/11/2025, 7:44:29 PM GMT+5:30 [Modules] Streaming discord_erlpack@1 to /home/SamDaaEpic/.config/discord/0.0.90/modules/pending/discord_erlpack-1.zip: 24%
4/11/2025, 7:44:29 PM GMT+5:30 [Modules] Streaming discord_erlpack@1 to /home/SamDaaEpic/.config/discord/0.0.90/modules/pending/discord_erlpack-1.zip: 25%
4/11/2025, 7:44:29 PM GMT+5:30 [Modules] Streaming discord_erlpack@1 to /home/SamDaaEpic/.config/discord/0.0.90/modules/pending/discord_erlpack-1.zip: 26%
4/11/2025, 7:44:29 PM GMT+5:30 [Modules] Streaming discord_erlpack@1 to /home/SamDaaEpic/.config/discord/0.0.90/modules/pending/discord_erlpack-1.zip: 28%
4/11/2025, 7:44:29 PM GMT+5:30 [Modules] Streaming discord_erlpack@1 to /home/SamDaaEpic/.config/discord/0.0.90/modules/pending/discord_erlpack-1.zip: 36%
4/11/2025, 7:44:29 PM GMT+5:30 [Modules] Streaming discord_erlpack@1 to /home/SamDaaEpic/.config/discord/0.0.90/modules/pending/discord_erlpack-1.zip: 39%
4/11/2025, 7:44:29 PM GMT+5:30 [Modules] Streaming discord_erlpack@1 to /home/SamDaaEpic/.config/discord/0.0.90/modules/pending/discord_erlpack-1.zip: 40%
4/11/2025, 7:44:29 PM GMT+5:30 [Modules] Streaming discord_erlpack@1 to /home/SamDaaEpic/.config/discord/0.0.90/modules/pending/discord_erlpack-1.zip: 41%
4/11/2025, 7:44:29 PM GMT+5:30 [Modules] Streaming discord_erlpack@1 to /home/SamDaaEpic/.config/discord/0.0.90/modules/pending/discord_erlpack-1.zip: 42%
4/11/2025, 7:44:29 PM GMT+5:30 [Modules] Streaming discord_erlpack@1 to /home/SamDaaEpic/.config/discord/0.0.90/modules/pending/discord_erlpack-1.zip: 43%
4/11/2025, 7:44:29 PM GMT+5:30 [Modules] Streaming discord_erlpack@1 to /home/SamDaaEpic/.config/discord/0.0.90/modules/pending/discord_erlpack-1.zip: 44%
4/11/2025, 7:44:29 PM GMT+5:30 [Modules] Streaming discord_erlpack@1 to /home/SamDaaEpic/.config/discord/0.0.90/modules/pending/discord_erlpack-1.zip: 45%
4/11/2025, 7:44:29 PM GMT+5:30 [Modules] Streaming discord_erlpack@1 to /home/SamDaaEpic/.config/discord/0.0.90/modules/pending/discord_erlpack-1.zip: 46%
4/11/2025, 7:44:29 PM GMT+5:30 [Modules] Streaming discord_erlpack@1 to /home/SamDaaEpic/.config/discord/0.0.90/modules/pending/discord_erlpack-1.zip: 47%
4/11/2025, 7:44:29 PM GMT+5:30 [Modules] Streaming discord_erlpack@1 to /home/SamDaaEpic/.config/discord/0.0.90/modules/pending/discord_erlpack-1.zip: 48%
4/11/2025, 7:44:29 PM GMT+5:30 [Modules] Streaming discord_erlpack@1 to /home/SamDaaEpic/.config/discord/0.0.90/modules/pending/discord_erlpack-1.zip: 49%
4/11/2025, 7:44:29 PM GMT+5:30 [Modules] Streaming discord_erlpack@1 to /home/SamDaaEpic/.config/discord/0.0.90/modules/pending/discord_erlpack-1.zip: 50%
4/11/2025, 7:44:29 PM GMT+5:30 [Modules] Streaming discord_erlpack@1 to /home/SamDaaEpic/.config/discord/0.0.90/modules/pending/discord_erlpack-1.zip: 51%
4/11/2025, 7:44:29 PM GMT+5:30 [Modules] Streaming discord_erlpack@1 to /home/SamDaaEpic/.config/discord/0.0.90/modules/pending/discord_erlpack-1.zip: 52%
4/11/2025, 7:44:29 PM GMT+5:30 [Modules] Streaming discord_erlpack@1 to /home/SamDaaEpic/.config/discord/0.0.90/modules/pending/discord_erlpack-1.zip: 53%
4/11/2025, 7:44:29 PM GMT+5:30 [Modules] Streaming discord_erlpack@1 to /home/SamDaaEpic/.config/discord/0.0.90/modules/pending/discord_erlpack-1.zip: 54%
4/11/2025, 7:44:29 PM GMT+5:30 [Modules] Streaming discord_erlpack@1 to /home/SamDaaEpic/.config/discord/0.0.90/modules/pending/discord_erlpack-1.zip: 55%
4/11/2025, 7:44:29 PM GMT+5:30 [Modules] Streaming discord_erlpack@1 to /home/SamDaaEpic/.config/discord/0.0.90/modules/pending/discord_erlpack-1.zip: 56%
4/11/2025, 7:44:29 PM GMT+5:30 [Modules] Streaming discord_erlpack@1 to /home/SamDaaEpic/.config/discord/0.0.90/modules/pending/discord_erlpack-1.zip: 57%
4/11/2025, 7:44:29 PM GMT+5:30 [Modules] Streaming discord_erlpack@1 to /home/SamDaaEpic/.config/discord/0.0.90/modules/pending/discord_erlpack-1.zip: 58%
4/11/2025, 7:44:29 PM GMT+5:30 [Modules] Streaming discord_erlpack@1 to /home/SamDaaEpic/.config/discord/0.0.90/modules/pending/discord_erlpack-1.zip: 59%
4/11/2025, 7:44:29 PM GMT+5:30 [Modules] Streaming discord_erlpack@1 to /home/SamDaaEpic/.config/discord/0.0.90/modules/pending/discord_erlpack-1.zip: 60%
4/11/2025, 7:44:29 PM GMT+5:30 [Modules] Streaming discord_erlpack@1 to /home/SamDaaEpic/.config/discord/0.0.90/modules/pending/discord_erlpack-1.zip: 61%
4/11/2025, 7:44:29 PM GMT+5:30 [Modules] Streaming discord_erlpack@1 to /home/SamDaaEpic/.config/discord/0.0.90/modules/pending/discord_erlpack-1.zip: 62%
4/11/2025, 7:44:29 PM GMT+5:30 [Modules] Streaming discord_erlpack@1 to /home/SamDaaEpic/.config/discord/0.0.90/modules/pending/discord_erlpack-1.zip: 63%
4/11/2025, 7:44:29 PM GMT+5:30 [Modules] Streaming discord_erlpack@1 to /home/SamDaaEpic/.config/discord/0.0.90/modules/pending/discord_erlpack-1.zip: 64%
4/11/2025, 7:44:29 PM GMT+5:30 [Modules] Streaming discord_erlpack@1 to /home/SamDaaEpic/.config/discord/0.0.90/modules/pending/discord_erlpack-1.zip: 65%
4/11/2025, 7:44:29 PM GMT+5:30 [Modules] Streaming discord_erlpack@1 to /home/SamDaaEpic/.config/discord/0.0.90/modules/pending/discord_erlpack-1.zip: 66%
4/11/2025, 7:44:29 PM GMT+5:30 [Modules] Streaming discord_erlpack@1 to /home/SamDaaEpic/.config/discord/0.0.90/modules/pending/discord_erlpack-1.zip: 67%
4/11/2025, 7:44:29 PM GMT+5:30 [Modules] Streaming discord_erlpack@1 to /home/SamDaaEpic/.config/discord/0.0.90/modules/pending/discord_erlpack-1.zip: 68%
4/11/2025, 7:44:29 PM GMT+5:30 [Modules] Streaming discord_erlpack@1 to /home/SamDaaEpic/.config/discord/0.0.90/modules/pending/discord_erlpack-1.zip: 69%
4/11/2025, 7:44:29 PM GMT+5:30 [Modules] Streaming discord_erlpack@1 to /home/SamDaaEpic/.config/discord/0.0.90/modules/pending/discord_erlpack-1.zip: 70%
4/11/2025, 7:44:29 PM GMT+5:30 [Modules] Streaming discord_erlpack@1 to /home/SamDaaEpic/.config/discord/0.0.90/modules/pending/discord_erlpack-1.zip: 71%
4/11/2025, 7:44:29 PM GMT+5:30 [Modules] Streaming discord_erlpack@1 to /home/SamDaaEpic/.config/discord/0.0.90/modules/pending/discord_erlpack-1.zip: 72%
4/11/2025, 7:44:29 PM GMT+5:30 [Modules] Streaming discord_erlpack@1 to /home/SamDaaEpic/.config/discord/0.0.90/modules/pending/discord_erlpack-1.zip: 73%
4/11/2025, 7:44:29 PM GMT+5:30 [Modules] Streaming discord_erlpack@1 to /home/SamDaaEpic/.config/discord/0.0.90/modules/pending/discord_erlpack-1.zip: 74%
4/11/2025, 7:44:29 PM GMT+5:30 [Modules] Streaming discord_erlpack@1 to /home/SamDaaEpic/.config/discord/0.0.90/modules/pending/discord_erlpack-1.zip: 75%
4/11/2025, 7:44:29 PM GMT+5:30 [Modules] Streaming discord_erlpack@1 to /home/SamDaaEpic/.config/discord/0.0.90/modules/pending/discord_erlpack-1.zip: 78%
4/11/2025, 7:44:29 PM GMT+5:30 [Modules] Streaming discord_erlpack@1 to /home/SamDaaEpic/.config/discord/0.0.90/modules/pending/discord_erlpack-1.zip: 79%
4/11/2025, 7:44:29 PM GMT+5:30 [Modules] Streaming discord_erlpack@1 to /home/SamDaaEpic/.config/discord/0.0.90/modules/pending/discord_erlpack-1.zip: 80%
4/11/2025, 7:44:29 PM GMT+5:30 [Modules] Streaming discord_erlpack@1 to /home/SamDaaEpic/.config/discord/0.0.90/modules/pending/discord_erlpack-1.zip: 81%
4/11/2025, 7:44:29 PM GMT+5:30 [Modules] Streaming discord_erlpack@1 to /home/SamDaaEpic/.config/discord/0.0.90/modules/pending/discord_erlpack-1.zip: 82%
4/11/2025, 7:44:29 PM GMT+5:30 [Modules] Streaming discord_erlpack@1 to /home/SamDaaEpic/.config/discord/0.0.90/modules/pending/discord_erlpack-1.zip: 83%
4/11/2025, 7:44:29 PM GMT+5:30 [Modules] Streaming discord_erlpack@1 to /home/SamDaaEpic/.config/discord/0.0.90/modules/pending/discord_erlpack-1.zip: 84%
4/11/2025, 7:44:29 PM GMT+5:30 [Modules] Streaming discord_erlpack@1 to /home/SamDaaEpic/.config/discord/0.0.90/modules/pending/discord_erlpack-1.zip: 85%
4/11/2025, 7:44:29 PM GMT+5:30 [Modules] Streaming discord_erlpack@1 to /home/SamDaaEpic/.config/discord/0.0.90/modules/pending/discord_erlpack-1.zip: 86%
4/11/2025, 7:44:29 PM GMT+5:30 [Modules] Streaming discord_erlpack@1 to /home/SamDaaEpic/.config/discord/0.0.90/modules/pending/discord_erlpack-1.zip: 87%
4/11/2025, 7:44:29 PM GMT+5:30 [Modules] Streaming discord_erlpack@1 to /home/SamDaaEpic/.config/discord/0.0.90/modules/pending/discord_erlpack-1.zip: 88%
4/11/2025, 7:44:29 PM GMT+5:30 [Modules] Streaming discord_erlpack@1 to /home/SamDaaEpic/.config/discord/0.0.90/modules/pending/discord_erlpack-1.zip: 89%
4/11/2025, 7:44:29 PM GMT+5:30 [Modules] Streaming discord_erlpack@1 to /home/SamDaaEpic/.config/discord/0.0.90/modules/pending/discord_erlpack-1.zip: 91%
4/11/2025, 7:44:29 PM GMT+5:30 [Modules] Streaming discord_erlpack@1 to /home/SamDaaEpic/.config/discord/0.0.90/modules/pending/discord_erlpack-1.zip: 93%
4/11/2025, 7:44:29 PM GMT+5:30 [Modules] Streaming discord_erlpack@1 to /home/SamDaaEpic/.config/discord/0.0.90/modules/pending/discord_erlpack-1.zip: 94%
4/11/2025, 7:44:29 PM GMT+5:30 [Modules] Streaming discord_erlpack@1 to /home/SamDaaEpic/.config/discord/0.0.90/modules/pending/discord_erlpack-1.zip: 95%
4/11/2025, 7:44:29 PM GMT+5:30 [Modules] Streaming discord_erlpack@1 to /home/SamDaaEpic/.config/discord/0.0.90/modules/pending/discord_erlpack-1.zip: 96%
4/11/2025, 7:44:29 PM GMT+5:30 [Modules] Streaming discord_erlpack@1 to /home/SamDaaEpic/.config/discord/0.0.90/modules/pending/discord_erlpack-1.zip: 97%
4/11/2025, 7:44:29 PM GMT+5:30 [Modules] Streaming discord_erlpack@1 to /home/SamDaaEpic/.config/discord/0.0.90/modules/pending/discord_erlpack-1.zip: 98%
4/11/2025, 7:44:29 PM GMT+5:30 [Modules] Streaming discord_erlpack@1 to /home/SamDaaEpic/.config/discord/0.0.90/modules/pending/discord_erlpack-1.zip: 100%
4/11/2025, 7:44:29 PM GMT+5:30 [Modules] Fetching discord_spellcheck@1 from https://discord.com/api/modules/stable/discord_spellcheck/1
4/11/2025, 7:44:29 PM GMT+5:30 [Modules] Streaming discord_spellcheck@1 to /home/SamDaaEpic/.config/discord/0.0.90/modules/pending/discord_spellcheck-1.zip
4/11/2025, 7:44:30 PM GMT+5:30 [Modules] Streaming discord_spellcheck@1 to /home/SamDaaEpic/.config/discord/0.0.90/modules/pending/discord_spellcheck-1.zip: 1%
4/11/2025, 7:44:30 PM GMT+5:30 [Modules] Streaming discord_spellcheck@1 to /home/SamDaaEpic/.config/discord/0.0.90/modules/pending/discord_spellcheck-1.zip: 2%
4/11/2025, 7:44:30 PM GMT+5:30 [Modules] Streaming discord_spellcheck@1 to /home/SamDaaEpic/.config/discord/0.0.90/modules/pending/discord_spellcheck-1.zip: 3%
4/11/2025, 7:44:30 PM GMT+5:30 [Modules] Streaming discord_spellcheck@1 to /home/SamDaaEpic/.config/discord/0.0.90/modules/pending/discord_spellcheck-1.zip: 4%
4/11/2025, 7:44:30 PM GMT+5:30 [Modules] Streaming discord_spellcheck@1 to /home/SamDaaEpic/.config/discord/0.0.90/modules/pending/discord_spellcheck-1.zip: 5%
4/11/2025, 7:44:30 PM GMT+5:30 [Modules] Streaming discord_spellcheck@1 to /home/SamDaaEpic/.config/discord/0.0.90/modules/pending/discord_spellcheck-1.zip: 6%
4/11/2025, 7:44:30 PM GMT+5:30 [Modules] Streaming discord_spellcheck@1 to /home/SamDaaEpic/.config/discord/0.0.90/modules/pending/discord_spellcheck-1.zip: 7%
4/11/2025, 7:44:30 PM GMT+5:30 [Modules] Streaming discord_spellcheck@1 to /home/SamDaaEpic/.config/discord/0.0.90/modules/pending/discord_spellcheck-1.zip: 8%
4/11/2025, 7:44:30 PM GMT+5:30 [Modules] Streaming discord_spellcheck@1 to /home/SamDaaEpic/.config/discord/0.0.90/modules/pending/discord_spellcheck-1.zip: 9%
4/11/2025, 7:44:30 PM GMT+5:30 [Modules] Streaming discord_spellcheck@1 to /home/SamDaaEpic/.config/discord/0.0.90/modules/pending/discord_spellcheck-1.zip: 10%
4/11/2025, 7:44:30 PM GMT+5:30 [Modules] Streaming discord_spellcheck@1 to /home/SamDaaEpic/.config/discord/0.0.90/modules/pending/discord_spellcheck-1.zip: 11%
4/11/2025, 7:44:30 PM GMT+5:30 [Modules] Streaming discord_spellcheck@1 to /home/SamDaaEpic/.config/discord/0.0.90/modules/pending/discord_spellcheck-1.zip: 12%
4/11/2025, 7:44:30 PM GMT+5:30 [Modules] Streaming discord_spellcheck@1 to /home/SamDaaEpic/.config/discord/0.0.90/modules/pending/discord_spellcheck-1.zip: 13%
4/11/2025, 7:44:30 PM GMT+5:30 [Modules] Streaming discord_spellcheck@1 to /home/SamDaaEpic/.config/discord/0.0.90/modules/pending/discord_spellcheck-1.zip: 14%
4/11/2025, 7:44:30 PM GMT+5:30 [Modules] Streaming discord_spellcheck@1 to /home/SamDaaEpic/.config/discord/0.0.90/modules/pending/discord_spellcheck-1.zip: 15%
4/11/2025, 7:44:30 PM GMT+5:30 [Modules] Streaming discord_spellcheck@1 to /home/SamDaaEpic/.config/discord/0.0.90/modules/pending/discord_spellcheck-1.zip: 16%
4/11/2025, 7:44:30 PM GMT+5:30 [Modules] Streaming discord_spellcheck@1 to /home/SamDaaEpic/.config/discord/0.0.90/modules/pending/discord_spellcheck-1.zip: 17%
4/11/2025, 7:44:30 PM GMT+5:30 [Modules] Streaming discord_spellcheck@1 to /home/SamDaaEpic/.config/discord/0.0.90/modules/pending/discord_spellcheck-1.zip: 18%
4/11/2025, 7:44:30 PM GMT+5:30 [Modules] Streaming discord_spellcheck@1 to /home/SamDaaEpic/.config/discord/0.0.90/modules/pending/discord_spellcheck-1.zip: 19%
4/11/2025, 7:44:30 PM GMT+5:30 [Modules] Streaming discord_spellcheck@1 to /home/SamDaaEpic/.config/discord/0.0.90/modules/pending/discord_spellcheck-1.zip: 20%
4/11/2025, 7:44:30 PM GMT+5:30 [Modules] Streaming discord_spellcheck@1 to /home/SamDaaEpic/.config/discord/0.0.90/modules/pending/discord_spellcheck-1.zip: 21%
4/11/2025, 7:44:30 PM GMT+5:30 [Modules] Streaming discord_spellcheck@1 to /home/SamDaaEpic/.config/discord/0.0.90/modules/pending/discord_spellcheck-1.zip: 22%
4/11/2025, 7:44:30 PM GMT+5:30 [Modules] Streaming discord_spellcheck@1 to /home/SamDaaEpic/.config/discord/0.0.90/modules/pending/discord_spellcheck-1.zip: 23%
4/11/2025, 7:44:30 PM GMT+5:30 [Modules] Streaming discord_spellcheck@1 to /home/SamDaaEpic/.config/discord/0.0.90/modules/pending/discord_spellcheck-1.zip: 24%
4/11/2025, 7:44:30 PM GMT+5:30 [Modules] Streaming discord_spellcheck@1 to /home/SamDaaEpic/.config/discord/0.0.90/modules/pending/discord_spellcheck-1.zip: 25%
4/11/2025, 7:44:30 PM GMT+5:30 [Modules] Streaming discord_spellcheck@1 to /home/SamDaaEpic/.config/discord/0.0.90/modules/pending/discord_spellcheck-1.zip: 26%
4/11/2025, 7:44:30 PM GMT+5:30 [Modules] Streaming discord_spellcheck@1 to /home/SamDaaEpic/.config/discord/0.0.90/modules/pending/discord_spellcheck-1.zip: 27%
4/11/2025, 7:44:30 PM GMT+5:30 [Modules] Streaming discord_spellcheck@1 to /home/SamDaaEpic/.config/discord/0.0.90/modules/pending/discord_spellcheck-1.zip: 28%
4/11/2025, 7:44:30 PM GMT+5:30 [Modules] Streaming discord_spellcheck@1 to /home/SamDaaEpic/.config/discord/0.0.90/modules/pending/discord_spellcheck-1.zip: 29%
4/11/2025, 7:44:30 PM GMT+5:30 [Modules] Streaming discord_spellcheck@1 to /home/SamDaaEpic/.config/discord/0.0.90/modules/pending/discord_spellcheck-1.zip: 30%
4/11/2025, 7:44:30 PM GMT+5:30 [Modules] Streaming discord_spellcheck@1 to /home/SamDaaEpic/.config/discord/0.0.90/modules/pending/discord_spellcheck-1.zip: 31%
4/11/2025, 7:44:30 PM GMT+5:30 [Modules] Streaming discord_spellcheck@1 to /home/SamDaaEpic/.config/discord/0.0.90/modules/pending/discord_spellcheck-1.zip: 32%
4/11/2025, 7:44:30 PM GMT+5:30 [Modules] Streaming discord_spellcheck@1 to /home/SamDaaEpic/.config/discord/0.0.90/modules/pending/discord_spellcheck-1.zip: 33%
4/11/2025, 7:44:30 PM GMT+5:30 [Modules] Streaming discord_spellcheck@1 to /home/SamDaaEpic/.config/discord/0.0.90/modules/pending/discord_spellcheck-1.zip: 34%
4/11/2025, 7:44:30 PM GMT+5:30 [Modules] Streaming discord_spellcheck@1 to /home/SamDaaEpic/.config/discord/0.0.90/modules/pending/discord_spellcheck-1.zip: 35%
4/11/2025, 7:44:30 PM GMT+5:30 [Modules] Streaming discord_spellcheck@1 to /home/SamDaaEpic/.config/discord/0.0.90/modules/pending/discord_spellcheck-1.zip: 36%
4/11/2025, 7:44:30 PM GMT+5:30 [Modules] Streaming discord_spellcheck@1 to /home/SamDaaEpic/.config/discord/0.0.90/modules/pending/discord_spellcheck-1.zip: 37%
4/11/2025, 7:44:30 PM GMT+5:30 [Modules] Streaming discord_spellcheck@1 to /home/SamDaaEpic/.config/discord/0.0.90/modules/pending/discord_spellcheck-1.zip: 38%
4/11/2025, 7:44:30 PM GMT+5:30 [Modules] Streaming discord_spellcheck@1 to /home/SamDaaEpic/.config/discord/0.0.90/modules/pending/discord_spellcheck-1.zip: 39%
4/11/2025, 7:44:30 PM GMT+5:30 [Modules] Streaming discord_spellcheck@1 to /home/SamDaaEpic/.config/discord/0.0.90/modules/pending/discord_spellcheck-1.zip: 40%
4/11/2025, 7:44:30 PM GMT+5:30 [Modules] Streaming discord_spellcheck@1 to /home/SamDaaEpic/.config/discord/0.0.90/modules/pending/discord_spellcheck-1.zip: 41%
4/11/2025, 7:44:30 PM GMT+5:30 [Modules] Streaming discord_spellcheck@1 to /home/SamDaaEpic/.config/discord/0.0.90/modules/pending/discord_spellcheck-1.zip: 42%
4/11/2025, 7:44:30 PM GMT+5:30 [Modules] Streaming discord_spellcheck@1 to /home/SamDaaEpic/.config/discord/0.0.90/modules/pending/discord_spellcheck-1.zip: 43%
4/11/2025, 7:44:30 PM GMT+5:30 [Modules] Streaming discord_spellcheck@1 to /home/SamDaaEpic/.config/discord/0.0.90/modules/pending/discord_spellcheck-1.zip: 44%
4/11/2025, 7:44:30 PM GMT+5:30 [Modules] Streaming discord_spellcheck@1 to /home/SamDaaEpic/.config/discord/0.0.90/modules/pending/discord_spellcheck-1.zip: 45%
4/11/2025, 7:44:30 PM GMT+5:30 [Modules] Streaming discord_spellcheck@1 to /home/SamDaaEpic/.config/discord/0.0.90/modules/pending/discord_spellcheck-1.zip: 46%
4/11/2025, 7:44:30 PM GMT+5:30 [Modules] Streaming discord_spellcheck@1 to /home/SamDaaEpic/.config/discord/0.0.90/modules/pending/discord_spellcheck-1.zip: 47%
4/11/2025, 7:44:30 PM GMT+5:30 [Modules] Streaming discord_spellcheck@1 to /home/SamDaaEpic/.config/discord/0.0.90/modules/pending/discord_spellcheck-1.zip: 48%
4/11/2025, 7:44:30 PM GMT+5:30 [Modules] Streaming discord_spellcheck@1 to /home/SamDaaEpic/.config/discord/0.0.90/modules/pending/discord_spellcheck-1.zip: 49%
4/11/2025, 7:44:30 PM GMT+5:30 [Modules] Streaming discord_spellcheck@1 to /home/SamDaaEpic/.config/discord/0.0.90/modules/pending/discord_spellcheck-1.zip: 50%
4/11/2025, 7:44:30 PM GMT+5:30 [Modules] Streaming discord_spellcheck@1 to /home/SamDaaEpic/.config/discord/0.0.90/modules/pending/discord_spellcheck-1.zip: 51%
4/11/2025, 7:44:30 PM GMT+5:30 [Modules] Streaming discord_spellcheck@1 to /home/SamDaaEpic/.config/discord/0.0.90/modules/pending/discord_spellcheck-1.zip: 52%
4/11/2025, 7:44:30 PM GMT+5:30 [Modules] Streaming discord_spellcheck@1 to /home/SamDaaEpic/.config/discord/0.0.90/modules/pending/discord_spellcheck-1.zip: 53%
4/11/2025, 7:44:30 PM GMT+5:30 [Modules] Streaming discord_spellcheck@1 to /home/SamDaaEpic/.config/discord/0.0.90/modules/pending/discord_spellcheck-1.zip: 54%
4/11/2025, 7:44:30 PM GMT+5:30 [Modules] Streaming discord_spellcheck@1 to /home/SamDaaEpic/.config/discord/0.0.90/modules/pending/discord_spellcheck-1.zip: 55%
4/11/2025, 7:44:30 PM GMT+5:30 [Modules] Streaming discord_spellcheck@1 to /home/SamDaaEpic/.config/discord/0.0.90/modules/pending/discord_spellcheck-1.zip: 56%
4/11/2025, 7:44:30 PM GMT+5:30 [Modules] Streaming discord_spellcheck@1 to /home/SamDaaEpic/.config/discord/0.0.90/modules/pending/discord_spellcheck-1.zip: 57%
4/11/2025, 7:44:30 PM GMT+5:30 [Modules] Streaming discord_spellcheck@1 to /home/SamDaaEpic/.config/discord/0.0.90/modules/pending/discord_spellcheck-1.zip: 58%
4/11/2025, 7:44:30 PM GMT+5:30 [Modules] Streaming discord_spellcheck@1 to /home/SamDaaEpic/.config/discord/0.0.90/modules/pending/discord_spellcheck-1.zip: 59%
4/11/2025, 7:44:30 PM GMT+5:30 [Modules] Streaming discord_spellcheck@1 to /home/SamDaaEpic/.config/discord/0.0.90/modules/pending/discord_spellcheck-1.zip: 60%
4/11/2025, 7:44:30 PM GMT+5:30 [Modules] Streaming discord_spellcheck@1 to /home/SamDaaEpic/.config/discord/0.0.90/modules/pending/discord_spellcheck-1.zip: 61%
4/11/2025, 7:44:30 PM GMT+5:30 [Modules] Streaming discord_spellcheck@1 to /home/SamDaaEpic/.config/discord/0.0.90/modules/pending/discord_spellcheck-1.zip: 62%
4/11/2025, 7:44:30 PM GMT+5:30 [Modules] Streaming discord_spellcheck@1 to /home/SamDaaEpic/.config/discord/0.0.90/modules/pending/discord_spellcheck-1.zip: 63%
4/11/2025, 7:44:30 PM GMT+5:30 [Modules] Streaming discord_spellcheck@1 to /home/SamDaaEpic/.config/discord/0.0.90/modules/pending/discord_spellcheck-1.zip: 64%
4/11/2025, 7:44:30 PM GMT+5:30 [Modules] Streaming discord_spellcheck@1 to /home/SamDaaEpic/.config/discord/0.0.90/modules/pending/discord_spellcheck-1.zip: 65%
4/11/2025, 7:44:30 PM GMT+5:30 [Modules] Streaming discord_spellcheck@1 to /home/SamDaaEpic/.config/discord/0.0.90/modules/pending/discord_spellcheck-1.zip: 66%
4/11/2025, 7:44:30 PM GMT+5:30 [Modules] Streaming discord_spellcheck@1 to /home/SamDaaEpic/.config/discord/0.0.90/modules/pending/discord_spellcheck-1.zip: 67%
4/11/2025, 7:44:30 PM GMT+5:30 [Modules] Streaming discord_spellcheck@1 to /home/SamDaaEpic/.config/discord/0.0.90/modules/pending/discord_spellcheck-1.zip: 68%
4/11/2025, 7:44:30 PM GMT+5:30 [Modules] Streaming discord_spellcheck@1 to /home/SamDaaEpic/.config/discord/0.0.90/modules/pending/discord_spellcheck-1.zip: 69%
4/11/2025, 7:44:30 PM GMT+5:30 [Modules] Streaming discord_spellcheck@1 to /home/SamDaaEpic/.config/discord/0.0.90/modules/pending/discord_spellcheck-1.zip: 70%
4/11/2025, 7:44:30 PM GMT+5:30 [Modules] Streaming discord_spellcheck@1 to /home/SamDaaEpic/.config/discord/0.0.90/modules/pending/discord_spellcheck-1.zip: 71%
4/11/2025, 7:44:30 PM GMT+5:30 [Modules] Streaming discord_spellcheck@1 to /home/SamDaaEpic/.config/discord/0.0.90/modules/pending/discord_spellcheck-1.zip: 72%
4/11/2025, 7:44:30 PM GMT+5:30 [Modules] Streaming discord_spellcheck@1 to /home/SamDaaEpic/.config/discord/0.0.90/modules/pending/discord_spellcheck-1.zip: 73%
4/11/2025, 7:44:30 PM GMT+5:30 [Modules] Streaming discord_spellcheck@1 to /home/SamDaaEpic/.config/discord/0.0.90/modules/pending/discord_spellcheck-1.zip: 74%
4/11/2025, 7:44:30 PM GMT+5:30 [Modules] Streaming discord_spellcheck@1 to /home/SamDaaEpic/.config/discord/0.0.90/modules/pending/discord_spellcheck-1.zip: 75%
4/11/2025, 7:44:30 PM GMT+5:30 [Modules] Streaming discord_spellcheck@1 to /home/SamDaaEpic/.config/discord/0.0.90/modules/pending/discord_spellcheck-1.zip: 76%
4/11/2025, 7:44:30 PM GMT+5:30 [Modules] Streaming discord_spellcheck@1 to /home/SamDaaEpic/.config/discord/0.0.90/modules/pending/discord_spellcheck-1.zip: 77%
4/11/2025, 7:44:30 PM GMT+5:30 [Modules] Streaming discord_spellcheck@1 to /home/SamDaaEpic/.config/discord/0.0.90/modules/pending/discord_spellcheck-1.zip: 78%
4/11/2025, 7:44:30 PM GMT+5:30 [Modules] Streaming discord_spellcheck@1 to /home/SamDaaEpic/.config/discord/0.0.90/modules/pending/discord_spellcheck-1.zip: 79%
4/11/2025, 7:44:30 PM GMT+5:30 [Modules] Streaming discord_spellcheck@1 to /home/SamDaaEpic/.config/discord/0.0.90/modules/pending/discord_spellcheck-1.zip: 80%
4/11/2025, 7:44:30 PM GMT+5:30 [Modules] Streaming discord_spellcheck@1 to /home/SamDaaEpic/.config/discord/0.0.90/modules/pending/discord_spellcheck-1.zip: 81%
4/11/2025, 7:44:30 PM GMT+5:30 [Modules] Streaming discord_spellcheck@1 to /home/SamDaaEpic/.config/discord/0.0.90/modules/pending/discord_spellcheck-1.zip: 82%
4/11/2025, 7:44:30 PM GMT+5:30 [Modules] Streaming discord_spellcheck@1 to /home/SamDaaEpic/.config/discord/0.0.90/modules/pending/discord_spellcheck-1.zip: 83%
4/11/2025, 7:44:30 PM GMT+5:30 [Modules] Streaming discord_spellcheck@1 to /home/SamDaaEpic/.config/discord/0.0.90/modules/pending/discord_spellcheck-1.zip: 84%
4/11/2025, 7:44:30 PM GMT+5:30 [Modules] Streaming discord_spellcheck@1 to /home/SamDaaEpic/.config/discord/0.0.90/modules/pending/discord_spellcheck-1.zip: 85%
4/11/2025, 7:44:31 PM GMT+5:30 [Modules] Streaming discord_spellcheck@1 to /home/SamDaaEpic/.config/discord/0.0.90/modules/pending/discord_spellcheck-1.zip: 86%
4/11/2025, 7:44:31 PM GMT+5:30 [Modules] Streaming discord_spellcheck@1 to /home/SamDaaEpic/.config/discord/0.0.90/modules/pending/discord_spellcheck-1.zip: 87%
4/11/2025, 7:44:31 PM GMT+5:30 [Modules] Streaming discord_spellcheck@1 to /home/SamDaaEpic/.config/discord/0.0.90/modules/pending/discord_spellcheck-1.zip: 88%
4/11/2025, 7:44:31 PM GMT+5:30 [Modules] Streaming discord_spellcheck@1 to /home/SamDaaEpic/.config/discord/0.0.90/modules/pending/discord_spellcheck-1.zip: 89%
4/11/2025, 7:44:31 PM GMT+5:30 [Modules] Streaming discord_spellcheck@1 to /home/SamDaaEpic/.config/discord/0.0.90/modules/pending/discord_spellcheck-1.zip: 90%
4/11/2025, 7:44:31 PM GMT+5:30 [Modules] Streaming discord_spellcheck@1 to /home/SamDaaEpic/.config/discord/0.0.90/modules/pending/discord_spellcheck-1.zip: 91%
4/11/2025, 7:44:31 PM GMT+5:30 [Modules] Streaming discord_spellcheck@1 to /home/SamDaaEpic/.config/discord/0.0.90/modules/pending/discord_spellcheck-1.zip: 92%
4/11/2025, 7:44:31 PM GMT+5:30 [Modules] Streaming discord_spellcheck@1 to /home/SamDaaEpic/.config/discord/0.0.90/modules/pending/discord_spellcheck-1.zip: 93%
4/11/2025, 7:44:31 PM GMT+5:30 [Modules] Streaming discord_spellcheck@1 to /home/SamDaaEpic/.config/discord/0.0.90/modules/pending/discord_spellcheck-1.zip: 94%
4/11/2025, 7:44:31 PM GMT+5:30 [Modules] Streaming discord_spellcheck@1 to /home/SamDaaEpic/.config/discord/0.0.90/modules/pending/discord_spellcheck-1.zip: 95%
4/11/2025, 7:44:31 PM GMT+5:30 [Modules] Streaming discord_spellcheck@1 to /home/SamDaaEpic/.config/discord/0.0.90/modules/pending/discord_spellcheck-1.zip: 96%
4/11/2025, 7:44:31 PM GMT+5:30 [Modules] Streaming discord_spellcheck@1 to /home/SamDaaEpic/.config/discord/0.0.90/modules/pending/discord_spellcheck-1.zip: 97%
4/11/2025, 7:44:31 PM GMT+5:30 [Modules] Streaming discord_spellcheck@1 to /home/SamDaaEpic/.config/discord/0.0.90/modules/pending/discord_spellcheck-1.zip: 98%
4/11/2025, 7:44:31 PM GMT+5:30 [Modules] Streaming discord_spellcheck@1 to /home/SamDaaEpic/.config/discord/0.0.90/modules/pending/discord_spellcheck-1.zip: 99%
4/11/2025, 7:44:31 PM GMT+5:30 [Modules] Streaming discord_spellcheck@1 to /home/SamDaaEpic/.config/discord/0.0.90/modules/pending/discord_spellcheck-1.zip: 100%
4/11/2025, 7:44:31 PM GMT+5:30 [Modules] Fetching discord_utils@2 from https://discord.com/api/modules/stable/discord_utils/2
4/11/2025, 7:44:31 PM GMT+5:30 [Modules] Streaming discord_utils@2 to /home/SamDaaEpic/.config/discord/0.0.90/modules/pending/discord_utils-2.zip
4/11/2025, 7:44:31 PM GMT+5:30 [Modules] Streaming discord_utils@2 to /home/SamDaaEpic/.config/discord/0.0.90/modules/pending/discord_utils-2.zip: 1%
4/11/2025, 7:44:31 PM GMT+5:30 [Modules] Streaming discord_utils@2 to /home/SamDaaEpic/.config/discord/0.0.90/modules/pending/discord_utils-2.zip: 2%
4/11/2025, 7:44:31 PM GMT+5:30 [Modules] Streaming discord_utils@2 to /home/SamDaaEpic/.config/discord/0.0.90/modules/pending/discord_utils-2.zip: 3%
4/11/2025, 7:44:31 PM GMT+5:30 [Modules] Streaming discord_utils@2 to /home/SamDaaEpic/.config/discord/0.0.90/modules/pending/discord_utils-2.zip: 4%
4/11/2025, 7:44:31 PM GMT+5:30 [Modules] Streaming discord_utils@2 to /home/SamDaaEpic/.config/discord/0.0.90/modules/pending/discord_utils-2.zip: 5%
4/11/2025, 7:44:31 PM GMT+5:30 [Modules] Streaming discord_utils@2 to /home/SamDaaEpic/.config/discord/0.0.90/modules/pending/discord_utils-2.zip: 6%
4/11/2025, 7:44:31 PM GMT+5:30 [Modules] Streaming discord_utils@2 to /home/SamDaaEpic/.config/discord/0.0.90/modules/pending/discord_utils-2.zip: 8%
4/11/2025, 7:44:31 PM GMT+5:30 [Modules] Streaming discord_utils@2 to /home/SamDaaEpic/.config/discord/0.0.90/modules/pending/discord_utils-2.zip: 9%
4/11/2025, 7:44:31 PM GMT+5:30 [Modules] Streaming discord_utils@2 to /home/SamDaaEpic/.config/discord/0.0.90/modules/pending/discord_utils-2.zip: 11%
4/11/2025, 7:44:31 PM GMT+5:30 [Modules] Streaming discord_utils@2 to /home/SamDaaEpic/.config/discord/0.0.90/modules/pending/discord_utils-2.zip: 13%
4/11/2025, 7:44:31 PM GMT+5:30 [Modules] Streaming discord_utils@2 to /home/SamDaaEpic/.config/discord/0.0.90/modules/pending/discord_utils-2.zip: 14%
4/11/2025, 7:44:31 PM GMT+5:30 [Modules] Streaming discord_utils@2 to /home/SamDaaEpic/.config/discord/0.0.90/modules/pending/discord_utils-2.zip: 15%
4/11/2025, 7:44:31 PM GMT+5:30 [Modules] Streaming discord_utils@2 to /home/SamDaaEpic/.config/discord/0.0.90/modules/pending/discord_utils-2.zip: 16%
4/11/2025, 7:44:31 PM GMT+5:30 [Modules] Streaming discord_utils@2 to /home/SamDaaEpic/.config/discord/0.0.90/modules/pending/discord_utils-2.zip: 17%
4/11/2025, 7:44:31 PM GMT+5:30 [Modules] Streaming discord_utils@2 to /home/SamDaaEpic/.config/discord/0.0.90/modules/pending/discord_utils-2.zip: 18%
4/11/2025, 7:44:31 PM GMT+5:30 [Modules] Streaming discord_utils@2 to /home/SamDaaEpic/.config/discord/0.0.90/modules/pending/discord_utils-2.zip: 19%
4/11/2025, 7:44:31 PM GMT+5:30 [Modules] Streaming discord_utils@2 to /home/SamDaaEpic/.config/discord/0.0.90/modules/pending/discord_utils-2.zip: 20%
4/11/2025, 7:44:31 PM GMT+5:30 [Modules] Streaming discord_utils@2 to /home/SamDaaEpic/.config/discord/0.0.90/modules/pending/discord_utils-2.zip: 21%
4/11/2025, 7:44:31 PM GMT+5:30 [Modules] Streaming discord_utils@2 to /home/SamDaaEpic/.config/discord/0.0.90/modules/pending/discord_utils-2.zip: 22%
4/11/2025, 7:44:31 PM GMT+5:30 [Modules] Streaming discord_utils@2 to /home/SamDaaEpic/.config/discord/0.0.90/modules/pending/discord_utils-2.zip: 23%
4/11/2025, 7:44:31 PM GMT+5:30 [Modules] Streaming discord_utils@2 to /home/SamDaaEpic/.config/discord/0.0.90/modules/pending/discord_utils-2.zip: 24%
4/11/2025, 7:44:31 PM GMT+5:30 [Modules] Streaming discord_utils@2 to /home/SamDaaEpic/.config/discord/0.0.90/modules/pending/discord_utils-2.zip: 25%
4/11/2025, 7:44:31 PM GMT+5:30 [Modules] Streaming discord_utils@2 to /home/SamDaaEpic/.config/discord/0.0.90/modules/pending/discord_utils-2.zip: 26%
4/11/2025, 7:44:31 PM GMT+5:30 [Modules] Streaming discord_utils@2 to /home/SamDaaEpic/.config/discord/0.0.90/modules/pending/discord_utils-2.zip: 28%
4/11/2025, 7:44:31 PM GMT+5:30 [Modules] Streaming discord_utils@2 to /home/SamDaaEpic/.config/discord/0.0.90/modules/pending/discord_utils-2.zip: 29%
4/11/2025, 7:44:31 PM GMT+5:30 [Modules] Streaming discord_utils@2 to /home/SamDaaEpic/.config/discord/0.0.90/modules/pending/discord_utils-2.zip: 30%
4/11/2025, 7:44:31 PM GMT+5:30 [Modules] Streaming discord_utils@2 to /home/SamDaaEpic/.config/discord/0.0.90/modules/pending/discord_utils-2.zip: 31%
4/11/2025, 7:44:31 PM GMT+5:30 [Modules] Streaming discord_utils@2 to /home/SamDaaEpic/.config/discord/0.0.90/modules/pending/discord_utils-2.zip: 32%
4/11/2025, 7:44:31 PM GMT+5:30 [Modules] Streaming discord_utils@2 to /home/SamDaaEpic/.config/discord/0.0.90/modules/pending/discord_utils-2.zip: 33%
4/11/2025, 7:44:31 PM GMT+5:30 [Modules] Streaming discord_utils@2 to /home/SamDaaEpic/.config/discord/0.0.90/modules/pending/discord_utils-2.zip: 34%
4/11/2025, 7:44:31 PM GMT+5:30 [Modules] Streaming discord_utils@2 to /home/SamDaaEpic/.config/discord/0.0.90/modules/pending/discord_utils-2.zip: 35%
4/11/2025, 7:44:31 PM GMT+5:30 [Modules] Streaming discord_utils@2 to /home/SamDaaEpic/.config/discord/0.0.90/modules/pending/discord_utils-2.zip: 36%
4/11/2025, 7:44:31 PM GMT+5:30 [Modules] Streaming discord_utils@2 to /home/SamDaaEpic/.config/discord/0.0.90/modules/pending/discord_utils-2.zip: 37%
4/11/2025, 7:44:31 PM GMT+5:30 [Modules] Streaming discord_utils@2 to /home/SamDaaEpic/.config/discord/0.0.90/modules/pending/discord_utils-2.zip: 38%
4/11/2025, 7:44:31 PM GMT+5:30 [Modules] Streaming discord_utils@2 to /home/SamDaaEpic/.config/discord/0.0.90/modules/pending/discord_utils-2.zip: 39%
4/11/2025, 7:44:31 PM GMT+5:30 [Modules] Streaming discord_utils@2 to /home/SamDaaEpic/.config/discord/0.0.90/modules/pending/discord_utils-2.zip: 40%
4/11/2025, 7:44:31 PM GMT+5:30 [Modules] Streaming discord_utils@2 to /home/SamDaaEpic/.config/discord/0.0.90/modules/pending/discord_utils-2.zip: 41%
4/11/2025, 7:44:31 PM GMT+5:30 [Modules] Streaming discord_utils@2 to /home/SamDaaEpic/.config/discord/0.0.90/modules/pending/discord_utils-2.zip: 42%
4/11/2025, 7:44:31 PM GMT+5:30 [Modules] Streaming discord_utils@2 to /home/SamDaaEpic/.config/discord/0.0.90/modules/pending/discord_utils-2.zip: 43%
4/11/2025, 7:44:31 PM GMT+5:30 [Modules] Streaming discord_utils@2 to /home/SamDaaEpic/.config/discord/0.0.90/modules/pending/discord_utils-2.zip: 44%
4/11/2025, 7:44:31 PM GMT+5:30 [Modules] Streaming discord_utils@2 to /home/SamDaaEpic/.config/discord/0.0.90/modules/pending/discord_utils-2.zip: 45%
4/11/2025, 7:44:31 PM GMT+5:30 [Modules] Streaming discord_utils@2 to /home/SamDaaEpic/.config/discord/0.0.90/modules/pending/discord_utils-2.zip: 46%
4/11/2025, 7:44:31 PM GMT+5:30 [Modules] Streaming discord_utils@2 to /home/SamDaaEpic/.config/discord/0.0.90/modules/pending/discord_utils-2.zip: 48%
4/11/2025, 7:44:31 PM GMT+5:30 [Modules] Streaming discord_utils@2 to /home/SamDaaEpic/.config/discord/0.0.90/modules/pending/discord_utils-2.zip: 49%
4/11/2025, 7:44:31 PM GMT+5:30 [Modules] Streaming discord_utils@2 to /home/SamDaaEpic/.config/discord/0.0.90/modules/pending/discord_utils-2.zip: 50%
4/11/2025, 7:44:31 PM GMT+5:30 [Modules] Streaming discord_utils@2 to /home/SamDaaEpic/.config/discord/0.0.90/modules/pending/discord_utils-2.zip: 51%
4/11/2025, 7:44:31 PM GMT+5:30 [Modules] Streaming discord_utils@2 to /home/SamDaaEpic/.config/discord/0.0.90/modules/pending/discord_utils-2.zip: 52%
4/11/2025, 7:44:31 PM GMT+5:30 [Modules] Streaming discord_utils@2 to /home/SamDaaEpic/.config/discord/0.0.90/modules/pending/discord_utils-2.zip: 53%
4/11/2025, 7:44:31 PM GMT+5:30 [Modules] Streaming discord_utils@2 to /home/SamDaaEpic/.config/discord/0.0.90/modules/pending/discord_utils-2.zip: 54%
4/11/2025, 7:44:31 PM GMT+5:30 [Modules] Streaming discord_utils@2 to /home/SamDaaEpic/.config/discord/0.0.90/modules/pending/discord_utils-2.zip: 56%
4/11/2025, 7:44:31 PM GMT+5:30 [Modules] Streaming discord_utils@2 to /home/SamDaaEpic/.config/discord/0.0.90/modules/pending/discord_utils-2.zip: 58%
4/11/2025, 7:44:31 PM GMT+5:30 [Modules] Streaming discord_utils@2 to /home/SamDaaEpic/.config/discord/0.0.90/modules/pending/discord_utils-2.zip: 59%
4/11/2025, 7:44:31 PM GMT+5:30 [Modules] Streaming discord_utils@2 to /home/SamDaaEpic/.config/discord/0.0.90/modules/pending/discord_utils-2.zip: 60%
4/11/2025, 7:44:31 PM GMT+5:30 [Modules] Streaming discord_utils@2 to /home/SamDaaEpic/.config/discord/0.0.90/modules/pending/discord_utils-2.zip: 61%
4/11/2025, 7:44:31 PM GMT+5:30 [Modules] Streaming discord_utils@2 to /home/SamDaaEpic/.config/discord/0.0.90/modules/pending/discord_utils-2.zip: 62%
4/11/2025, 7:44:31 PM GMT+5:30 [Modules] Streaming discord_utils@2 to /home/SamDaaEpic/.config/discord/0.0.90/modules/pending/discord_utils-2.zip: 63%
4/11/2025, 7:44:31 PM GMT+5:30 [Modules] Streaming discord_utils@2 to /home/SamDaaEpic/.config/discord/0.0.90/modules/pending/discord_utils-2.zip: 64%
4/11/2025, 7:44:31 PM GMT+5:30 [Modules] Streaming discord_utils@2 to /home/SamDaaEpic/.config/discord/0.0.90/modules/pending/discord_utils-2.zip: 65%
4/11/2025, 7:44:31 PM GMT+5:30 [Modules] Streaming discord_utils@2 to /home/SamDaaEpic/.config/discord/0.0.90/modules/pending/discord_utils-2.zip: 66%
4/11/2025, 7:44:31 PM GMT+5:30 [Modules] Streaming discord_utils@2 to /home/SamDaaEpic/.config/discord/0.0.90/modules/pending/discord_utils-2.zip: 67%
4/11/2025, 7:44:31 PM GMT+5:30 [Modules] Streaming discord_utils@2 to /home/SamDaaEpic/.config/discord/0.0.90/modules/pending/discord_utils-2.zip: 68%
4/11/2025, 7:44:31 PM GMT+5:30 [Modules] Streaming discord_utils@2 to /home/SamDaaEpic/.config/discord/0.0.90/modules/pending/discord_utils-2.zip: 69%
4/11/2025, 7:44:31 PM GMT+5:30 [Modules] Streaming discord_utils@2 to /home/SamDaaEpic/.config/discord/0.0.90/modules/pending/discord_utils-2.zip: 70%
4/11/2025, 7:44:31 PM GMT+5:30 [Modules] Streaming discord_utils@2 to /home/SamDaaEpic/.config/discord/0.0.90/modules/pending/discord_utils-2.zip: 71%
4/11/2025, 7:44:31 PM GMT+5:30 [Modules] Streaming discord_utils@2 to /home/SamDaaEpic/.config/discord/0.0.90/modules/pending/discord_utils-2.zip: 72%
4/11/2025, 7:44:31 PM GMT+5:30 [Modules] Streaming discord_utils@2 to /home/SamDaaEpic/.config/discord/0.0.90/modules/pending/discord_utils-2.zip: 73%
4/11/2025, 7:44:31 PM GMT+5:30 [Modules] Streaming discord_utils@2 to /home/SamDaaEpic/.config/discord/0.0.90/modules/pending/discord_utils-2.zip: 74%
4/11/2025, 7:44:31 PM GMT+5:30 [Modules] Streaming discord_utils@2 to /home/SamDaaEpic/.config/discord/0.0.90/modules/pending/discord_utils-2.zip: 75%
4/11/2025, 7:44:31 PM GMT+5:30 [Modules] Streaming discord_utils@2 to /home/SamDaaEpic/.config/discord/0.0.90/modules/pending/discord_utils-2.zip: 76%
4/11/2025, 7:44:31 PM GMT+5:30 [Modules] Streaming discord_utils@2 to /home/SamDaaEpic/.config/discord/0.0.90/modules/pending/discord_utils-2.zip: 77%
4/11/2025, 7:44:31 PM GMT+5:30 [Modules] Streaming discord_utils@2 to /home/SamDaaEpic/.config/discord/0.0.90/modules/pending/discord_utils-2.zip: 78%
4/11/2025, 7:44:31 PM GMT+5:30 [Modules] Streaming discord_utils@2 to /home/SamDaaEpic/.config/discord/0.0.90/modules/pending/discord_utils-2.zip: 79%
4/11/2025, 7:44:31 PM GMT+5:30 [Modules] Streaming discord_utils@2 to /home/SamDaaEpic/.config/discord/0.0.90/modules/pending/discord_utils-2.zip: 80%
4/11/2025, 7:44:31 PM GMT+5:30 [Modules] Streaming discord_utils@2 to /home/SamDaaEpic/.config/discord/0.0.90/modules/pending/discord_utils-2.zip: 81%
4/11/2025, 7:44:31 PM GMT+5:30 [Modules] Streaming discord_utils@2 to /home/SamDaaEpic/.config/discord/0.0.90/modules/pending/discord_utils-2.zip: 82%
4/11/2025, 7:44:31 PM GMT+5:30 [Modules] Streaming discord_utils@2 to /home/SamDaaEpic/.config/discord/0.0.90/modules/pending/discord_utils-2.zip: 83%
4/11/2025, 7:44:31 PM GMT+5:30 [Modules] Streaming discord_utils@2 to /home/SamDaaEpic/.config/discord/0.0.90/modules/pending/discord_utils-2.zip: 84%
4/11/2025, 7:44:31 PM GMT+5:30 [Modules] Streaming discord_utils@2 to /home/SamDaaEpic/.config/discord/0.0.90/modules/pending/discord_utils-2.zip: 85%
4/11/2025, 7:44:31 PM GMT+5:30 [Modules] Streaming discord_utils@2 to /home/SamDaaEpic/.config/discord/0.0.90/modules/pending/discord_utils-2.zip: 86%
4/11/2025, 7:44:31 PM GMT+5:30 [Modules] Streaming discord_utils@2 to /home/SamDaaEpic/.config/discord/0.0.90/modules/pending/discord_utils-2.zip: 87%
4/11/2025, 7:44:31 PM GMT+5:30 [Modules] Streaming discord_utils@2 to /home/SamDaaEpic/.config/discord/0.0.90/modules/pending/discord_utils-2.zip: 88%
4/11/2025, 7:44:31 PM GMT+5:30 [Modules] Streaming discord_utils@2 to /home/SamDaaEpic/.config/discord/0.0.90/modules/pending/discord_utils-2.zip: 90%
4/11/2025, 7:44:31 PM GMT+5:30 [Modules] Streaming discord_utils@2 to /home/SamDaaEpic/.config/discord/0.0.90/modules/pending/discord_utils-2.zip: 91%
4/11/2025, 7:44:31 PM GMT+5:30 [Modules] Streaming discord_utils@2 to /home/SamDaaEpic/.config/discord/0.0.90/modules/pending/discord_utils-2.zip: 92%
4/11/2025, 7:44:31 PM GMT+5:30 [Modules] Streaming discord_utils@2 to /home/SamDaaEpic/.config/discord/0.0.90/modules/pending/discord_utils-2.zip: 93%
4/11/2025, 7:44:31 PM GMT+5:30 [Modules] Streaming discord_utils@2 to /home/SamDaaEpic/.config/discord/0.0.90/modules/pending/discord_utils-2.zip: 94%
4/11/2025, 7:44:31 PM GMT+5:30 [Modules] Streaming discord_utils@2 to /home/SamDaaEpic/.config/discord/0.0.90/modules/pending/discord_utils-2.zip: 95%
4/11/2025, 7:44:31 PM GMT+5:30 [Modules] Streaming discord_utils@2 to /home/SamDaaEpic/.config/discord/0.0.90/modules/pending/discord_utils-2.zip: 96%
4/11/2025, 7:44:32 PM GMT+5:30 [Modules] Streaming discord_utils@2 to /home/SamDaaEpic/.config/discord/0.0.90/modules/pending/discord_utils-2.zip: 97%
4/11/2025, 7:44:32 PM GMT+5:30 [Modules] Streaming discord_utils@2 to /home/SamDaaEpic/.config/discord/0.0.90/modules/pending/discord_utils-2.zip: 98%
4/11/2025, 7:44:32 PM GMT+5:30 [Modules] Streaming discord_utils@2 to /home/SamDaaEpic/.config/discord/0.0.90/modules/pending/discord_utils-2.zip: 99%
4/11/2025, 7:44:32 PM GMT+5:30 [Modules] Streaming discord_utils@2 to /home/SamDaaEpic/.config/discord/0.0.90/modules/pending/discord_utils-2.zip: 100%
4/11/2025, 7:44:32 PM GMT+5:30 [Modules] Fetching discord_voice@2 from https://discord.com/api/modules/stable/discord_voice/2
4/11/2025, 7:44:32 PM GMT+5:30 [Modules] Streaming discord_voice@2 to /home/SamDaaEpic/.config/discord/0.0.90/modules/pending/discord_voice-2.zip
4/11/2025, 7:44:32 PM GMT+5:30 [Modules] Streaming discord_voice@2 to /home/SamDaaEpic/.config/discord/0.0.90/modules/pending/discord_voice-2.zip: 1%
4/11/2025, 7:44:32 PM GMT+5:30 [Modules] Streaming discord_voice@2 to /home/SamDaaEpic/.config/discord/0.0.90/modules/pending/discord_voice-2.zip: 2%
4/11/2025, 7:44:32 PM GMT+5:30 [Modules] Streaming discord_voice@2 to /home/SamDaaEpic/.config/discord/0.0.90/modules/pending/discord_voice-2.zip: 3%
4/11/2025, 7:44:32 PM GMT+5:30 [Modules] Streaming discord_voice@2 to /home/SamDaaEpic/.config/discord/0.0.90/modules/pending/discord_voice-2.zip: 4%
4/11/2025, 7:44:32 PM GMT+5:30 [Modules] Streaming discord_voice@2 to /home/SamDaaEpic/.config/discord/0.0.90/modules/pending/discord_voice-2.zip: 5%
4/11/2025, 7:44:32 PM GMT+5:30 [Modules] Streaming discord_voice@2 to /home/SamDaaEpic/.config/discord/0.0.90/modules/pending/discord_voice-2.zip: 6%
4/11/2025, 7:44:32 PM GMT+5:30 [Modules] Streaming discord_voice@2 to /home/SamDaaEpic/.config/discord/0.0.90/modules/pending/discord_voice-2.zip: 7%
4/11/2025, 7:44:32 PM GMT+5:30 [Modules] Streaming discord_voice@2 to /home/SamDaaEpic/.config/discord/0.0.90/modules/pending/discord_voice-2.zip: 8%
4/11/2025, 7:44:32 PM GMT+5:30 [Modules] Streaming discord_voice@2 to /home/SamDaaEpic/.config/discord/0.0.90/modules/pending/discord_voice-2.zip: 9%
4/11/2025, 7:44:32 PM GMT+5:30 [Modules] Streaming discord_voice@2 to /home/SamDaaEpic/.config/discord/0.0.90/modules/pending/discord_voice-2.zip: 10%
4/11/2025, 7:44:32 PM GMT+5:30 [Modules] Streaming discord_voice@2 to /home/SamDaaEpic/.config/discord/0.0.90/modules/pending/discord_voice-2.zip: 11%
4/11/2025, 7:44:32 PM GMT+5:30 [Modules] Streaming discord_voice@2 to /home/SamDaaEpic/.config/discord/0.0.90/modules/pending/discord_voice-2.zip: 12%
4/11/2025, 7:44:32 PM GMT+5:30 [Modules] Streaming discord_voice@2 to /home/SamDaaEpic/.config/discord/0.0.90/modules/pending/discord_voice-2.zip: 13%
4/11/2025, 7:44:32 PM GMT+5:30 [Modules] Streaming discord_voice@2 to /home/SamDaaEpic/.config/discord/0.0.90/modules/pending/discord_voice-2.zip: 14%
4/11/2025, 7:44:32 PM GMT+5:30 [Modules] Streaming discord_voice@2 to /home/SamDaaEpic/.config/discord/0.0.90/modules/pending/discord_voice-2.zip: 15%
4/11/2025, 7:44:32 PM GMT+5:30 [Modules] Streaming discord_voice@2 to /home/SamDaaEpic/.config/discord/0.0.90/modules/pending/discord_voice-2.zip: 16%
4/11/2025, 7:44:32 PM GMT+5:30 [Modules] Streaming discord_voice@2 to /home/SamDaaEpic/.config/discord/0.0.90/modules/pending/discord_voice-2.zip: 17%
4/11/2025, 7:44:32 PM GMT+5:30 [Modules] Streaming discord_voice@2 to /home/SamDaaEpic/.config/discord/0.0.90/modules/pending/discord_voice-2.zip: 18%
4/11/2025, 7:44:32 PM GMT+5:30 [Modules] Streaming discord_voice@2 to /home/SamDaaEpic/.config/discord/0.0.90/modules/pending/discord_voice-2.zip: 19%
4/11/2025, 7:44:32 PM GMT+5:30 [Modules] Streaming discord_voice@2 to /home/SamDaaEpic/.config/discord/0.0.90/modules/pending/discord_voice-2.zip: 20%
4/11/2025, 7:44:32 PM GMT+5:30 [Modules] Streaming discord_voice@2 to /home/SamDaaEpic/.config/discord/0.0.90/modules/pending/discord_voice-2.zip: 21%
4/11/2025, 7:44:32 PM GMT+5:30 [Modules] Streaming discord_voice@2 to /home/SamDaaEpic/.config/discord/0.0.90/modules/pending/discord_voice-2.zip: 22%
4/11/2025, 7:44:32 PM GMT+5:30 [Modules] Streaming discord_voice@2 to /home/SamDaaEpic/.config/discord/0.0.90/modules/pending/discord_voice-2.zip: 23%
4/11/2025, 7:44:32 PM GMT+5:30 [Modules] Streaming discord_voice@2 to /home/SamDaaEpic/.config/discord/0.0.90/modules/pending/discord_voice-2.zip: 24%
4/11/2025, 7:44:32 PM GMT+5:30 [Modules] Streaming discord_voice@2 to /home/SamDaaEpic/.config/discord/0.0.90/modules/pending/discord_voice-2.zip: 25%
4/11/2025, 7:44:33 PM GMT+5:30 [Modules] Streaming discord_voice@2 to /home/SamDaaEpic/.config/discord/0.0.90/modules/pending/discord_voice-2.zip: 26%
4/11/2025, 7:44:33 PM GMT+5:30 [Modules] Streaming discord_voice@2 to /home/SamDaaEpic/.config/discord/0.0.90/modules/pending/discord_voice-2.zip: 27%
4/11/2025, 7:44:33 PM GMT+5:30 [Modules] Streaming discord_voice@2 to /home/SamDaaEpic/.config/discord/0.0.90/modules/pending/discord_voice-2.zip: 28%
4/11/2025, 7:44:33 PM GMT+5:30 [Modules] Streaming discord_voice@2 to /home/SamDaaEpic/.config/discord/0.0.90/modules/pending/discord_voice-2.zip: 29%
4/11/2025, 7:44:33 PM GMT+5:30 [Modules] Streaming discord_voice@2 to /home/SamDaaEpic/.config/discord/0.0.90/modules/pending/discord_voice-2.zip: 30%
4/11/2025, 7:44:33 PM GMT+5:30 [Modules] Streaming discord_voice@2 to /home/SamDaaEpic/.config/discord/0.0.90/modules/pending/discord_voice-2.zip: 31%
4/11/2025, 7:44:33 PM GMT+5:30 [Modules] Streaming discord_voice@2 to /home/SamDaaEpic/.config/discord/0.0.90/modules/pending/discord_voice-2.zip: 32%
4/11/2025, 7:44:33 PM GMT+5:30 [Modules] Streaming discord_voice@2 to /home/SamDaaEpic/.config/discord/0.0.90/modules/pending/discord_voice-2.zip: 33%
4/11/2025, 7:44:33 PM GMT+5:30 [Modules] Streaming discord_voice@2 to /home/SamDaaEpic/.config/discord/0.0.90/modules/pending/discord_voice-2.zip: 34%
4/11/2025, 7:44:33 PM GMT+5:30 [Modules] Streaming discord_voice@2 to /home/SamDaaEpic/.config/discord/0.0.90/modules/pending/discord_voice-2.zip: 35%
4/11/2025, 7:44:33 PM GMT+5:30 [Modules] Streaming discord_voice@2 to /home/SamDaaEpic/.config/discord/0.0.90/modules/pending/discord_voice-2.zip: 36%
4/11/2025, 7:44:33 PM GMT+5:30 [Modules] Streaming discord_voice@2 to /home/SamDaaEpic/.config/discord/0.0.90/modules/pending/discord_voice-2.zip: 37%
4/11/2025, 7:44:33 PM GMT+5:30 [Modules] Streaming discord_voice@2 to /home/SamDaaEpic/.config/discord/0.0.90/modules/pending/discord_voice-2.zip: 38%
4/11/2025, 7:44:33 PM GMT+5:30 [Modules] Streaming discord_voice@2 to /home/SamDaaEpic/.config/discord/0.0.90/modules/pending/discord_voice-2.zip: 39%
4/11/2025, 7:44:33 PM GMT+5:30 [Modules] Streaming discord_voice@2 to /home/SamDaaEpic/.config/discord/0.0.90/modules/pending/discord_voice-2.zip: 40%
4/11/2025, 7:44:33 PM GMT+5:30 [Modules] Streaming discord_voice@2 to /home/SamDaaEpic/.config/discord/0.0.90/modules/pending/discord_voice-2.zip: 41%
4/11/2025, 7:44:33 PM GMT+5:30 [Modules] Streaming discord_voice@2 to /home/SamDaaEpic/.config/discord/0.0.90/modules/pending/discord_voice-2.zip: 42%
4/11/2025, 7:44:33 PM GMT+5:30 [Modules] Streaming discord_voice@2 to /home/SamDaaEpic/.config/discord/0.0.90/modules/pending/discord_voice-2.zip: 43%
4/11/2025, 7:44:33 PM GMT+5:30 [Modules] Streaming discord_voice@2 to /home/SamDaaEpic/.config/discord/0.0.90/modules/pending/discord_voice-2.zip: 44%
4/11/2025, 7:44:33 PM GMT+5:30 [Modules] Streaming discord_voice@2 to /home/SamDaaEpic/.config/discord/0.0.90/modules/pending/discord_voice-2.zip: 45%
4/11/2025, 7:44:33 PM GMT+5:30 [Modules] Streaming discord_voice@2 to /home/SamDaaEpic/.config/discord/0.0.90/modules/pending/discord_voice-2.zip: 46%
4/11/2025, 7:44:33 PM GMT+5:30 [Modules] Streaming discord_voice@2 to /home/SamDaaEpic/.config/discord/0.0.90/modules/pending/discord_voice-2.zip: 47%
4/11/2025, 7:44:33 PM GMT+5:30 [Modules] Streaming discord_voice@2 to /home/SamDaaEpic/.config/discord/0.0.90/modules/pending/discord_voice-2.zip: 48%
4/11/2025, 7:44:33 PM GMT+5:30 [Modules] Streaming discord_voice@2 to /home/SamDaaEpic/.config/discord/0.0.90/modules/pending/discord_voice-2.zip: 49%
4/11/2025, 7:44:33 PM GMT+5:30 [Modules] Streaming discord_voice@2 to /home/SamDaaEpic/.config/discord/0.0.90/modules/pending/discord_voice-2.zip: 50%
4/11/2025, 7:44:33 PM GMT+5:30 [Modules] Streaming discord_voice@2 to /home/SamDaaEpic/.config/discord/0.0.90/modules/pending/discord_voice-2.zip: 51%
4/11/2025, 7:44:33 PM GMT+5:30 [Modules] Streaming discord_voice@2 to /home/SamDaaEpic/.config/discord/0.0.90/modules/pending/discord_voice-2.zip: 52%
4/11/2025, 7:44:33 PM GMT+5:30 [Modules] Streaming discord_voice@2 to /home/SamDaaEpic/.config/discord/0.0.90/modules/pending/discord_voice-2.zip: 53%
4/11/2025, 7:44:33 PM GMT+5:30 [Modules] Streaming discord_voice@2 to /home/SamDaaEpic/.config/discord/0.0.90/modules/pending/discord_voice-2.zip: 54%
4/11/2025, 7:44:33 PM GMT+5:30 [Modules] Streaming discord_voice@2 to /home/SamDaaEpic/.config/discord/0.0.90/modules/pending/discord_voice-2.zip: 55%
4/11/2025, 7:44:33 PM GMT+5:30 [Modules] Streaming discord_voice@2 to /home/SamDaaEpic/.config/discord/0.0.90/modules/pending/discord_voice-2.zip: 56%
4/11/2025, 7:44:33 PM GMT+5:30 [Modules] Streaming discord_voice@2 to /home/SamDaaEpic/.config/discord/0.0.90/modules/pending/discord_voice-2.zip: 57%
4/11/2025, 7:44:33 PM GMT+5:30 [Modules] Streaming discord_voice@2 to /home/SamDaaEpic/.config/discord/0.0.90/modules/pending/discord_voice-2.zip: 58%
4/11/2025, 7:44:33 PM GMT+5:30 [Modules] Streaming discord_voice@2 to /home/SamDaaEpic/.config/discord/0.0.90/modules/pending/discord_voice-2.zip: 59%
4/11/2025, 7:44:33 PM GMT+5:30 [Modules] Streaming discord_voice@2 to /home/SamDaaEpic/.config/discord/0.0.90/modules/pending/discord_voice-2.zip: 60%
4/11/2025, 7:44:33 PM GMT+5:30 [Modules] Streaming discord_voice@2 to /home/SamDaaEpic/.config/discord/0.0.90/modules/pending/discord_voice-2.zip: 61%
4/11/2025, 7:44:33 PM GMT+5:30 [Modules] Streaming discord_voice@2 to /home/SamDaaEpic/.config/discord/0.0.90/modules/pending/discord_voice-2.zip: 62%
4/11/2025, 7:44:34 PM GMT+5:30 [Modules] Streaming discord_voice@2 to /home/SamDaaEpic/.config/discord/0.0.90/modules/pending/discord_voice-2.zip: 63%
4/11/2025, 7:44:34 PM GMT+5:30 [Modules] Streaming discord_voice@2 to /home/SamDaaEpic/.config/discord/0.0.90/modules/pending/discord_voice-2.zip: 64%
4/11/2025, 7:44:34 PM GMT+5:30 [Modules] Streaming discord_voice@2 to /home/SamDaaEpic/.config/discord/0.0.90/modules/pending/discord_voice-2.zip: 65%
4/11/2025, 7:44:34 PM GMT+5:30 [Modules] Streaming discord_voice@2 to /home/SamDaaEpic/.config/discord/0.0.90/modules/pending/discord_voice-2.zip: 66%
4/11/2025, 7:44:34 PM GMT+5:30 [Modules] Streaming discord_voice@2 to /home/SamDaaEpic/.config/discord/0.0.90/modules/pending/discord_voice-2.zip: 67%
4/11/2025, 7:44:34 PM GMT+5:30 [Modules] Streaming discord_voice@2 to /home/SamDaaEpic/.config/discord/0.0.90/modules/pending/discord_voice-2.zip: 68%
4/11/2025, 7:44:34 PM GMT+5:30 [Modules] Streaming discord_voice@2 to /home/SamDaaEpic/.config/discord/0.0.90/modules/pending/discord_voice-2.zip: 69%
4/11/2025, 7:44:34 PM GMT+5:30 [Modules] Streaming discord_voice@2 to /home/SamDaaEpic/.config/discord/0.0.90/modules/pending/discord_voice-2.zip: 70%
4/11/2025, 7:44:34 PM GMT+5:30 [Modules] Streaming discord_voice@2 to /home/SamDaaEpic/.config/discord/0.0.90/modules/pending/discord_voice-2.zip: 71%
4/11/2025, 7:44:34 PM GMT+5:30 [Modules] Streaming discord_voice@2 to /home/SamDaaEpic/.config/discord/0.0.90/modules/pending/discord_voice-2.zip: 72%
4/11/2025, 7:44:34 PM GMT+5:30 [Modules] Streaming discord_voice@2 to /home/SamDaaEpic/.config/discord/0.0.90/modules/pending/discord_voice-2.zip: 73%
4/11/2025, 7:44:34 PM GMT+5:30 [Modules] Streaming discord_voice@2 to /home/SamDaaEpic/.config/discord/0.0.90/modules/pending/discord_voice-2.zip: 74%
4/11/2025, 7:44:34 PM GMT+5:30 [Modules] Streaming discord_voice@2 to /home/SamDaaEpic/.config/discord/0.0.90/modules/pending/discord_voice-2.zip: 75%
4/11/2025, 7:44:34 PM GMT+5:30 [Modules] Streaming discord_voice@2 to /home/SamDaaEpic/.config/discord/0.0.90/modules/pending/discord_voice-2.zip: 76%
4/11/2025, 7:44:34 PM GMT+5:30 [Modules] Streaming discord_voice@2 to /home/SamDaaEpic/.config/discord/0.0.90/modules/pending/discord_voice-2.zip: 77%
4/11/2025, 7:44:34 PM GMT+5:30 [Modules] Streaming discord_voice@2 to /home/SamDaaEpic/.config/discord/0.0.90/modules/pending/discord_voice-2.zip: 78%
4/11/2025, 7:44:34 PM GMT+5:30 [Modules] Streaming discord_voice@2 to /home/SamDaaEpic/.config/discord/0.0.90/modules/pending/discord_voice-2.zip: 79%
4/11/2025, 7:44:34 PM GMT+5:30 [Modules] Streaming discord_voice@2 to /home/SamDaaEpic/.config/discord/0.0.90/modules/pending/discord_voice-2.zip: 80%
4/11/2025, 7:44:34 PM GMT+5:30 [Modules] Streaming discord_voice@2 to /home/SamDaaEpic/.config/discord/0.0.90/modules/pending/discord_voice-2.zip: 81%
4/11/2025, 7:44:34 PM GMT+5:30 [Modules] Streaming discord_voice@2 to /home/SamDaaEpic/.config/discord/0.0.90/modules/pending/discord_voice-2.zip: 82%
4/11/2025, 7:44:34 PM GMT+5:30 [Modules] Streaming discord_voice@2 to /home/SamDaaEpic/.config/discord/0.0.90/modules/pending/discord_voice-2.zip: 83%
4/11/2025, 7:44:34 PM GMT+5:30 [Modules] Streaming discord_voice@2 to /home/SamDaaEpic/.config/discord/0.0.90/modules/pending/discord_voice-2.zip: 84%
4/11/2025, 7:44:34 PM GMT+5:30 [Modules] Streaming discord_voice@2 to /home/SamDaaEpic/.config/discord/0.0.90/modules/pending/discord_voice-2.zip: 85%
4/11/2025, 7:44:34 PM GMT+5:30 [Modules] Streaming discord_voice@2 to /home/SamDaaEpic/.config/discord/0.0.90/modules/pending/discord_voice-2.zip: 86%
4/11/2025, 7:44:34 PM GMT+5:30 [Modules] Streaming discord_voice@2 to /home/SamDaaEpic/.config/discord/0.0.90/modules/pending/discord_voice-2.zip: 87%
4/11/2025, 7:44:34 PM GMT+5:30 [Modules] Streaming discord_voice@2 to /home/SamDaaEpic/.config/discord/0.0.90/modules/pending/discord_voice-2.zip: 88%
4/11/2025, 7:44:34 PM GMT+5:30 [Modules] Streaming discord_voice@2 to /home/SamDaaEpic/.config/discord/0.0.90/modules/pending/discord_voice-2.zip: 89%
4/11/2025, 7:44:34 PM GMT+5:30 [Modules] Streaming discord_voice@2 to /home/SamDaaEpic/.config/discord/0.0.90/modules/pending/discord_voice-2.zip: 90%
4/11/2025, 7:44:34 PM GMT+5:30 [Modules] Streaming discord_voice@2 to /home/SamDaaEpic/.config/discord/0.0.90/modules/pending/discord_voice-2.zip: 91%
4/11/2025, 7:44:34 PM GMT+5:30 [Modules] Streaming discord_voice@2 to /home/SamDaaEpic/.config/discord/0.0.90/modules/pending/discord_voice-2.zip: 92%
4/11/2025, 7:44:34 PM GMT+5:30 [Modules] Streaming discord_voice@2 to /home/SamDaaEpic/.config/discord/0.0.90/modules/pending/discord_voice-2.zip: 93%
4/11/2025, 7:44:34 PM GMT+5:30 [Modules] Streaming discord_voice@2 to /home/SamDaaEpic/.config/discord/0.0.90/modules/pending/discord_voice-2.zip: 94%
4/11/2025, 7:44:34 PM GMT+5:30 [Modules] Streaming discord_voice@2 to /home/SamDaaEpic/.config/discord/0.0.90/modules/pending/discord_voice-2.zip: 95%
4/11/2025, 7:44:34 PM GMT+5:30 [Modules] Streaming discord_voice@2 to /home/SamDaaEpic/.config/discord/0.0.90/modules/pending/discord_voice-2.zip: 96%
4/11/2025, 7:44:34 PM GMT+5:30 [Modules] Streaming discord_voice@2 to /home/SamDaaEpic/.config/discord/0.0.90/modules/pending/discord_voice-2.zip: 97%
4/11/2025, 7:44:34 PM GMT+5:30 [Modules] Streaming discord_voice@2 to /home/SamDaaEpic/.config/discord/0.0.90/modules/pending/discord_voice-2.zip: 98%
4/11/2025, 7:44:34 PM GMT+5:30 [Modules] Streaming discord_voice@2 to /home/SamDaaEpic/.config/discord/0.0.90/modules/pending/discord_voice-2.zip: 99%
4/11/2025, 7:44:34 PM GMT+5:30 [Modules] Streaming discord_voice@2 to /home/SamDaaEpic/.config/discord/0.0.90/modules/pending/discord_voice-2.zip: 100%
4/11/2025, 7:44:34 PM GMT+5:30 [Modules] Fetching discord_zstd@1 from https://discord.com/api/modules/stable/discord_zstd/1
4/11/2025, 7:44:34 PM GMT+5:30 [Modules] Streaming discord_zstd@1 to /home/SamDaaEpic/.config/discord/0.0.90/modules/pending/discord_zstd-1.zip
4/11/2025, 7:44:37 PM GMT+5:30 [Modules] Streaming discord_zstd@1 to /home/SamDaaEpic/.config/discord/0.0.90/modules/pending/discord_zstd-1.zip: 8%
4/11/2025, 7:44:37 PM GMT+5:30 [Modules] Streaming discord_zstd@1 to /home/SamDaaEpic/.config/discord/0.0.90/modules/pending/discord_zstd-1.zip: 21%
4/11/2025, 7:44:37 PM GMT+5:30 [Modules] Streaming discord_zstd@1 to /home/SamDaaEpic/.config/discord/0.0.90/modules/pending/discord_zstd-1.zip: 38%
4/11/2025, 7:44:37 PM GMT+5:30 [Modules] Streaming discord_zstd@1 to /home/SamDaaEpic/.config/discord/0.0.90/modules/pending/discord_zstd-1.zip: 46%
4/11/2025, 7:44:37 PM GMT+5:30 [Modules] Streaming discord_zstd@1 to /home/SamDaaEpic/.config/discord/0.0.90/modules/pending/discord_zstd-1.zip: 51%
4/11/2025, 7:44:37 PM GMT+5:30 [Modules] Streaming discord_zstd@1 to /home/SamDaaEpic/.config/discord/0.0.90/modules/pending/discord_zstd-1.zip: 55%
4/11/2025, 7:44:37 PM GMT+5:30 [Modules] Streaming discord_zstd@1 to /home/SamDaaEpic/.config/discord/0.0.90/modules/pending/discord_zstd-1.zip: 59%
4/11/2025, 7:44:37 PM GMT+5:30 [Modules] Streaming discord_zstd@1 to /home/SamDaaEpic/.config/discord/0.0.90/modules/pending/discord_zstd-1.zip: 63%
4/11/2025, 7:44:37 PM GMT+5:30 [Modules] Streaming discord_zstd@1 to /home/SamDaaEpic/.config/discord/0.0.90/modules/pending/discord_zstd-1.zip: 68%
4/11/2025, 7:44:37 PM GMT+5:30 [Modules] Streaming discord_zstd@1 to /home/SamDaaEpic/.config/discord/0.0.90/modules/pending/discord_zstd-1.zip: 72%
4/11/2025, 7:44:37 PM GMT+5:30 [Modules] Streaming discord_zstd@1 to /home/SamDaaEpic/.config/discord/0.0.90/modules/pending/discord_zstd-1.zip: 76%
4/11/2025, 7:44:37 PM GMT+5:30 [Modules] Streaming discord_zstd@1 to /home/SamDaaEpic/.config/discord/0.0.90/modules/pending/discord_zstd-1.zip: 80%
4/11/2025, 7:44:37 PM GMT+5:30 [Modules] Streaming discord_zstd@1 to /home/SamDaaEpic/.config/discord/0.0.90/modules/pending/discord_zstd-1.zip: 89%
4/11/2025, 7:44:37 PM GMT+5:30 [Modules] Streaming discord_zstd@1 to /home/SamDaaEpic/.config/discord/0.0.90/modules/pending/discord_zstd-1.zip: 93%
4/11/2025, 7:44:37 PM GMT+5:30 [Modules] Streaming discord_zstd@1 to /home/SamDaaEpic/.config/discord/0.0.90/modules/pending/discord_zstd-1.zip: 100%
4/11/2025, 7:44:37 PM GMT+5:30 [Modules] Finished module downloads. [success: 6] [failure: 0]
4/11/2025, 7:44:37 PM GMT+5:30 [Modules] Installing updates...
4/11/2025, 7:44:37 PM GMT+5:30 [Modules] Installing discord_desktop_core@2 from /home/SamDaaEpic/.config/discord/0.0.90/modules/pending/discord_desktop_core-2.zip
4/11/2025, 7:44:37 PM GMT+5:30 [Modules] Installing discord_erlpack@1 from /home/SamDaaEpic/.config/discord/0.0.90/modules/pending/discord_erlpack-1.zip
4/11/2025, 7:44:37 PM GMT+5:30 [Modules] Installing discord_spellcheck@1 from /home/SamDaaEpic/.config/discord/0.0.90/modules/pending/discord_spellcheck-1.zip
4/11/2025, 7:44:38 PM GMT+5:30 [Modules] Installing discord_utils@2 from /home/SamDaaEpic/.config/discord/0.0.90/modules/pending/discord_utils-2.zip
4/11/2025, 7:44:38 PM GMT+5:30 [Modules] Installing discord_voice@2 from /home/SamDaaEpic/.config/discord/0.0.90/modules/pending/discord_voice-2.zip
4/11/2025, 7:44:39 PM GMT+5:30 [Modules] Installing discord_zstd@1 from /home/SamDaaEpic/.config/discord/0.0.90/modules/pending/discord_zstd-1.zip
4/11/2025, 7:44:39 PM GMT+5:30 [Modules] Finished module installations. [success: 6] [failure: 0]
4/11/2025, 7:44:39 PM GMT+5:30 [Modules] Checking for host updates.
4/11/2025, 7:44:39 PM GMT+5:30 [Modules] Host is up to date.
4/11/2025, 7:44:39 PM GMT+5:30 [Modules] Checking for module updates at https://discord.com/api/modules/stable/versions.json
4/11/2025, 7:44:39 PM GMT+5:30 [Modules] No module updates available.
4/11/2025, 7:44:41 PM GMT+5:30 [Modules] Starting to install discord_krisp...
4/11/2025, 7:44:41 PM GMT+5:30 [Modules] Fetching discord_krisp@1 from https://discord.com/api/modules/stable/discord_krisp/1
4/11/2025, 7:44:41 PM GMT+5:30 [Modules] Streaming discord_krisp@1 to /home/SamDaaEpic/.config/discord/0.0.90/modules/pending/discord_krisp-1.zip
4/11/2025, 7:44:41 PM GMT+5:30 [Modules] Starting to install discord_game_utils...
4/11/2025, 7:44:41 PM GMT+5:30 [Modules] Streaming discord_krisp@1 to /home/SamDaaEpic/.config/discord/0.0.90/modules/pending/discord_krisp-1.zip: 1%
4/11/2025, 7:44:41 PM GMT+5:30 [Modules] Streaming discord_krisp@1 to /home/SamDaaEpic/.config/discord/0.0.90/modules/pending/discord_krisp-1.zip: 2%
4/11/2025, 7:44:42 PM GMT+5:30 [Modules] Streaming discord_krisp@1 to /home/SamDaaEpic/.config/discord/0.0.90/modules/pending/discord_krisp-1.zip: 3%
4/11/2025, 7:44:42 PM GMT+5:30 [Modules] Streaming discord_krisp@1 to /home/SamDaaEpic/.config/discord/0.0.90/modules/pending/discord_krisp-1.zip: 4%
4/11/2025, 7:44:42 PM GMT+5:30 [Modules] Streaming discord_krisp@1 to /home/SamDaaEpic/.config/discord/0.0.90/modules/pending/discord_krisp-1.zip: 5%
4/11/2025, 7:44:42 PM GMT+5:30 [Modules] Streaming discord_krisp@1 to /home/SamDaaEpic/.config/discord/0.0.90/modules/pending/discord_krisp-1.zip: 6%
4/11/2025, 7:44:42 PM GMT+5:30 [Modules] Streaming discord_krisp@1 to /home/SamDaaEpic/.config/discord/0.0.90/modules/pending/discord_krisp-1.zip: 7%
4/11/2025, 7:44:42 PM GMT+5:30 [Modules] Streaming discord_krisp@1 to /home/SamDaaEpic/.config/discord/0.0.90/modules/pending/discord_krisp-1.zip: 8%
4/11/2025, 7:44:42 PM GMT+5:30 [Modules] Streaming discord_krisp@1 to /home/SamDaaEpic/.config/discord/0.0.90/modules/pending/discord_krisp-1.zip: 9%
4/11/2025, 7:44:42 PM GMT+5:30 [Modules] Streaming discord_krisp@1 to /home/SamDaaEpic/.config/discord/0.0.90/modules/pending/discord_krisp-1.zip: 10%
4/11/2025, 7:44:42 PM GMT+5:30 [Modules] Streaming discord_krisp@1 to /home/SamDaaEpic/.config/discord/0.0.90/modules/pending/discord_krisp-1.zip: 11%
4/11/2025, 7:44:42 PM GMT+5:30 [Modules] Streaming discord_krisp@1 to /home/SamDaaEpic/.config/discord/0.0.90/modules/pending/discord_krisp-1.zip: 12%
4/11/2025, 7:44:42 PM GMT+5:30 [Modules] Checking for host updates.
4/11/2025, 7:44:42 PM GMT+5:30 [Modules] Streaming discord_krisp@1 to /home/SamDaaEpic/.config/discord/0.0.90/modules/pending/discord_krisp-1.zip: 13%
4/11/2025, 7:44:42 PM GMT+5:30 [Modules] Streaming discord_krisp@1 to /home/SamDaaEpic/.config/discord/0.0.90/modules/pending/discord_krisp-1.zip: 14%
4/11/2025, 7:44:42 PM GMT+5:30 [Modules] Starting to install discord_rpc...
4/11/2025, 7:44:42 PM GMT+5:30 [Modules] Streaming discord_krisp@1 to /home/SamDaaEpic/.config/discord/0.0.90/modules/pending/discord_krisp-1.zip: 15%
4/11/2025, 7:44:42 PM GMT+5:30 [Modules] Streaming discord_krisp@1 to /home/SamDaaEpic/.config/discord/0.0.90/modules/pending/discord_krisp-1.zip: 16%
4/11/2025, 7:44:42 PM GMT+5:30 [Modules] Streaming discord_krisp@1 to /home/SamDaaEpic/.config/discord/0.0.90/modules/pending/discord_krisp-1.zip: 17%
4/11/2025, 7:44:42 PM GMT+5:30 [Modules] Streaming discord_krisp@1 to /home/SamDaaEpic/.config/discord/0.0.90/modules/pending/discord_krisp-1.zip: 18%
4/11/2025, 7:44:42 PM GMT+5:30 [Modules] Streaming discord_krisp@1 to /home/SamDaaEpic/.config/discord/0.0.90/modules/pending/discord_krisp-1.zip: 19%
4/11/2025, 7:44:42 PM GMT+5:30 [Modules] Streaming discord_krisp@1 to /home/SamDaaEpic/.config/discord/0.0.90/modules/pending/discord_krisp-1.zip: 20%
4/11/2025, 7:44:42 PM GMT+5:30 [Modules] Streaming discord_krisp@1 to /home/SamDaaEpic/.config/discord/0.0.90/modules/pending/discord_krisp-1.zip: 21%
4/11/2025, 7:44:42 PM GMT+5:30 [Modules] Host is up to date.
4/11/2025, 7:44:42 PM GMT+5:30 [Modules] Checking for module updates at https://discord.com/api/modules/stable/versions.json
4/11/2025, 7:44:42 PM GMT+5:30 [Modules] Streaming discord_krisp@1 to /home/SamDaaEpic/.config/discord/0.0.90/modules/pending/discord_krisp-1.zip: 22%
4/11/2025, 7:44:42 PM GMT+5:30 [Modules] No module updates available.
4/11/2025, 7:44:42 PM GMT+5:30 [Modules] Streaming discord_krisp@1 to /home/SamDaaEpic/.config/discord/0.0.90/modules/pending/discord_krisp-1.zip: 23%
4/11/2025, 7:44:42 PM GMT+5:30 [Modules] Streaming discord_krisp@1 to /home/SamDaaEpic/.config/discord/0.0.90/modules/pending/discord_krisp-1.zip: 24%
4/11/2025, 7:44:42 PM GMT+5:30 [Modules] Streaming discord_krisp@1 to /home/SamDaaEpic/.config/discord/0.0.90/modules/pending/discord_krisp-1.zip: 25%
4/11/2025, 7:44:42 PM GMT+5:30 [Modules] Streaming discord_krisp@1 to /home/SamDaaEpic/.config/discord/0.0.90/modules/pending/discord_krisp-1.zip: 26%
4/11/2025, 7:44:42 PM GMT+5:30 [Modules] Streaming discord_krisp@1 to /home/SamDaaEpic/.config/discord/0.0.90/modules/pending/discord_krisp-1.zip: 27%
4/11/2025, 7:44:42 PM GMT+5:30 [Modules] Streaming discord_krisp@1 to /home/SamDaaEpic/.config/discord/0.0.90/modules/pending/discord_krisp-1.zip: 28%
4/11/2025, 7:44:42 PM GMT+5:30 [Modules] Streaming discord_krisp@1 to /home/SamDaaEpic/.config/discord/0.0.90/modules/pending/discord_krisp-1.zip: 29%
4/11/2025, 7:44:42 PM GMT+5:30 [Modules] Streaming discord_krisp@1 to /home/SamDaaEpic/.config/discord/0.0.90/modules/pending/discord_krisp-1.zip: 30%
4/11/2025, 7:44:42 PM GMT+5:30 [Modules] Streaming discord_krisp@1 to /home/SamDaaEpic/.config/discord/0.0.90/modules/pending/discord_krisp-1.zip: 31%
4/11/2025, 7:44:42 PM GMT+5:30 [Modules] Streaming discord_krisp@1 to /home/SamDaaEpic/.config/discord/0.0.90/modules/pending/discord_krisp-1.zip: 32%
4/11/2025, 7:44:42 PM GMT+5:30 [Modules] Streaming discord_krisp@1 to /home/SamDaaEpic/.config/discord/0.0.90/modules/pending/discord_krisp-1.zip: 33%
4/11/2025, 7:44:42 PM GMT+5:30 [Modules] Streaming discord_krisp@1 to /home/SamDaaEpic/.config/discord/0.0.90/modules/pending/discord_krisp-1.zip: 34%
4/11/2025, 7:44:43 PM GMT+5:30 [Modules] Streaming discord_krisp@1 to /home/SamDaaEpic/.config/discord/0.0.90/modules/pending/discord_krisp-1.zip: 35%
4/11/2025, 7:44:43 PM GMT+5:30 [Modules] Streaming discord_krisp@1 to /home/SamDaaEpic/.config/discord/0.0.90/modules/pending/discord_krisp-1.zip: 36%
4/11/2025, 7:44:43 PM GMT+5:30 [Modules] Streaming discord_krisp@1 to /home/SamDaaEpic/.config/discord/0.0.90/modules/pending/discord_krisp-1.zip: 37%
4/11/2025, 7:44:43 PM GMT+5:30 [Modules] Streaming discord_krisp@1 to /home/SamDaaEpic/.config/discord/0.0.90/modules/pending/discord_krisp-1.zip: 38%
4/11/2025, 7:44:43 PM GMT+5:30 [Modules] Streaming discord_krisp@1 to /home/SamDaaEpic/.config/discord/0.0.90/modules/pending/discord_krisp-1.zip: 39%
4/11/2025, 7:44:43 PM GMT+5:30 [Modules] Streaming discord_krisp@1 to /home/SamDaaEpic/.config/discord/0.0.90/modules/pending/discord_krisp-1.zip: 40%
4/11/2025, 7:44:43 PM GMT+5:30 [Modules] Streaming discord_krisp@1 to /home/SamDaaEpic/.config/discord/0.0.90/modules/pending/discord_krisp-1.zip: 41%
4/11/2025, 7:44:43 PM GMT+5:30 [Modules] Streaming discord_krisp@1 to /home/SamDaaEpic/.config/discord/0.0.90/modules/pending/discord_krisp-1.zip: 42%
4/11/2025, 7:44:43 PM GMT+5:30 [Modules] Streaming discord_krisp@1 to /home/SamDaaEpic/.config/discord/0.0.90/modules/pending/discord_krisp-1.zip: 43%
4/11/2025, 7:44:43 PM GMT+5:30 [Modules] Streaming discord_krisp@1 to /home/SamDaaEpic/.config/discord/0.0.90/modules/pending/discord_krisp-1.zip: 44%
4/11/2025, 7:44:43 PM GMT+5:30 [Modules] Streaming discord_krisp@1 to /home/SamDaaEpic/.config/discord/0.0.90/modules/pending/discord_krisp-1.zip: 45%
4/11/2025, 7:44:43 PM GMT+5:30 [Modules] Streaming discord_krisp@1 to /home/SamDaaEpic/.config/discord/0.0.90/modules/pending/discord_krisp-1.zip: 46%
4/11/2025, 7:44:43 PM GMT+5:30 [Modules] Streaming discord_krisp@1 to /home/SamDaaEpic/.config/discord/0.0.90/modules/pending/discord_krisp-1.zip: 47%
4/11/2025, 7:44:43 PM GMT+5:30 [Modules] Streaming discord_krisp@1 to /home/SamDaaEpic/.config/discord/0.0.90/modules/pending/discord_krisp-1.zip: 48%
4/11/2025, 7:44:43 PM GMT+5:30 [Modules] Streaming discord_krisp@1 to /home/SamDaaEpic/.config/discord/0.0.90/modules/pending/discord_krisp-1.zip: 49%
4/11/2025, 7:44:43 PM GMT+5:30 [Modules] Streaming discord_krisp@1 to /home/SamDaaEpic/.config/discord/0.0.90/modules/pending/discord_krisp-1.zip: 50%
4/11/2025, 7:44:43 PM GMT+5:30 [Modules] Streaming discord_krisp@1 to /home/SamDaaEpic/.config/discord/0.0.90/modules/pending/discord_krisp-1.zip: 51%
4/11/2025, 7:44:43 PM GMT+5:30 [Modules] Streaming discord_krisp@1 to /home/SamDaaEpic/.config/discord/0.0.90/modules/pending/discord_krisp-1.zip: 52%
4/11/2025, 7:44:43 PM GMT+5:30 [Modules] Streaming discord_krisp@1 to /home/SamDaaEpic/.config/discord/0.0.90/modules/pending/discord_krisp-1.zip: 53%
4/11/2025, 7:44:43 PM GMT+5:30 [Modules] Streaming discord_krisp@1 to /home/SamDaaEpic/.config/discord/0.0.90/modules/pending/discord_krisp-1.zip: 54%
4/11/2025, 7:44:43 PM GMT+5:30 [Modules] Streaming discord_krisp@1 to /home/SamDaaEpic/.config/discord/0.0.90/modules/pending/discord_krisp-1.zip: 55%
4/11/2025, 7:44:43 PM GMT+5:30 [Modules] Streaming discord_krisp@1 to /home/SamDaaEpic/.config/discord/0.0.90/modules/pending/discord_krisp-1.zip: 56%
4/11/2025, 7:44:43 PM GMT+5:30 [Modules] Streaming discord_krisp@1 to /home/SamDaaEpic/.config/discord/0.0.90/modules/pending/discord_krisp-1.zip: 57%
4/11/2025, 7:44:43 PM GMT+5:30 [Modules] Streaming discord_krisp@1 to /home/SamDaaEpic/.config/discord/0.0.90/modules/pending/discord_krisp-1.zip: 58%
4/11/2025, 7:44:43 PM GMT+5:30 [Modules] Streaming discord_krisp@1 to /home/SamDaaEpic/.config/discord/0.0.90/modules/pending/discord_krisp-1.zip: 59%
4/11/2025, 7:44:43 PM GMT+5:30 [Modules] Streaming discord_krisp@1 to /home/SamDaaEpic/.config/discord/0.0.90/modules/pending/discord_krisp-1.zip: 60%
4/11/2025, 7:44:43 PM GMT+5:30 [Modules] Streaming discord_krisp@1 to /home/SamDaaEpic/.config/discord/0.0.90/modules/pending/discord_krisp-1.zip: 61%
4/11/2025, 7:44:43 PM GMT+5:30 [Modules] Streaming discord_krisp@1 to /home/SamDaaEpic/.config/discord/0.0.90/modules/pending/discord_krisp-1.zip: 62%
4/11/2025, 7:44:43 PM GMT+5:30 [Modules] Streaming discord_krisp@1 to /home/SamDaaEpic/.config/discord/0.0.90/modules/pending/discord_krisp-1.zip: 63%
4/11/2025, 7:44:43 PM GMT+5:30 [Modules] Streaming discord_krisp@1 to /home/SamDaaEpic/.config/discord/0.0.90/modules/pending/discord_krisp-1.zip: 64%
4/11/2025, 7:44:43 PM GMT+5:30 [Modules] Streaming discord_krisp@1 to /home/SamDaaEpic/.config/discord/0.0.90/modules/pending/discord_krisp-1.zip: 65%
4/11/2025, 7:44:43 PM GMT+5:30 [Modules] Streaming discord_krisp@1 to /home/SamDaaEpic/.config/discord/0.0.90/modules/pending/discord_krisp-1.zip: 66%
4/11/2025, 7:44:43 PM GMT+5:30 [Modules] Streaming discord_krisp@1 to /home/SamDaaEpic/.config/discord/0.0.90/modules/pending/discord_krisp-1.zip: 67%
4/11/2025, 7:44:43 PM GMT+5:30 [Modules] Streaming discord_krisp@1 to /home/SamDaaEpic/.config/discord/0.0.90/modules/pending/discord_krisp-1.zip: 68%
4/11/2025, 7:44:43 PM GMT+5:30 [Modules] Streaming discord_krisp@1 to /home/SamDaaEpic/.config/discord/0.0.90/modules/pending/discord_krisp-1.zip: 69%
4/11/2025, 7:44:43 PM GMT+5:30 [Modules] Streaming discord_krisp@1 to /home/SamDaaEpic/.config/discord/0.0.90/modules/pending/discord_krisp-1.zip: 70%
4/11/2025, 7:44:43 PM GMT+5:30 [Modules] Streaming discord_krisp@1 to /home/SamDaaEpic/.config/discord/0.0.90/modules/pending/discord_krisp-1.zip: 71%
4/11/2025, 7:44:43 PM GMT+5:30 [Modules] Streaming discord_krisp@1 to /home/SamDaaEpic/.config/discord/0.0.90/modules/pending/discord_krisp-1.zip: 72%
4/11/2025, 7:44:43 PM GMT+5:30 [Modules] Streaming discord_krisp@1 to /home/SamDaaEpic/.config/discord/0.0.90/modules/pending/discord_krisp-1.zip: 73%
4/11/2025, 7:44:43 PM GMT+5:30 [Modules] Streaming discord_krisp@1 to /home/SamDaaEpic/.config/discord/0.0.90/modules/pending/discord_krisp-1.zip: 74%
4/11/2025, 7:44:43 PM GMT+5:30 [Modules] Streaming discord_krisp@1 to /home/SamDaaEpic/.config/discord/0.0.90/modules/pending/discord_krisp-1.zip: 75%
4/11/2025, 7:44:43 PM GMT+5:30 [Modules] Streaming discord_krisp@1 to /home/SamDaaEpic/.config/discord/0.0.90/modules/pending/discord_krisp-1.zip: 76%
4/11/2025, 7:44:43 PM GMT+5:30 [Modules] Streaming discord_krisp@1 to /home/SamDaaEpic/.config/discord/0.0.90/modules/pending/discord_krisp-1.zip: 77%
4/11/2025, 7:44:43 PM GMT+5:30 [Modules] Streaming discord_krisp@1 to /home/SamDaaEpic/.config/discord/0.0.90/modules/pending/discord_krisp-1.zip: 78%
4/11/2025, 7:44:44 PM GMT+5:30 [Modules] Streaming discord_krisp@1 to /home/SamDaaEpic/.config/discord/0.0.90/modules/pending/discord_krisp-1.zip: 79%
4/11/2025, 7:44:44 PM GMT+5:30 [Modules] Streaming discord_krisp@1 to /home/SamDaaEpic/.config/discord/0.0.90/modules/pending/discord_krisp-1.zip: 80%
4/11/2025, 7:44:44 PM GMT+5:30 [Modules] Streaming discord_krisp@1 to /home/SamDaaEpic/.config/discord/0.0.90/modules/pending/discord_krisp-1.zip: 81%
4/11/2025, 7:44:44 PM GMT+5:30 [Modules] Streaming discord_krisp@1 to /home/SamDaaEpic/.config/discord/0.0.90/modules/pending/discord_krisp-1.zip: 82%
4/11/2025, 7:44:44 PM GMT+5:30 [Modules] Streaming discord_krisp@1 to /home/SamDaaEpic/.config/discord/0.0.90/modules/pending/discord_krisp-1.zip: 83%
4/11/2025, 7:44:44 PM GMT+5:30 [Modules] Streaming discord_krisp@1 to /home/SamDaaEpic/.config/discord/0.0.90/modules/pending/discord_krisp-1.zip: 84%
4/11/2025, 7:44:44 PM GMT+5:30 [Modules] Streaming discord_krisp@1 to /home/SamDaaEpic/.config/discord/0.0.90/modules/pending/discord_krisp-1.zip: 85%
4/11/2025, 7:44:44 PM GMT+5:30 [Modules] Streaming discord_krisp@1 to /home/SamDaaEpic/.config/discord/0.0.90/modules/pending/discord_krisp-1.zip: 86%
4/11/2025, 7:44:44 PM GMT+5:30 [Modules] Streaming discord_krisp@1 to /home/SamDaaEpic/.config/discord/0.0.90/modules/pending/discord_krisp-1.zip: 87%
4/11/2025, 7:44:44 PM GMT+5:30 [Modules] Streaming discord_krisp@1 to /home/SamDaaEpic/.config/discord/0.0.90/modules/pending/discord_krisp-1.zip: 88%
4/11/2025, 7:44:44 PM GMT+5:30 [Modules] Streaming discord_krisp@1 to /home/SamDaaEpic/.config/discord/0.0.90/modules/pending/discord_krisp-1.zip: 89%
4/11/2025, 7:44:44 PM GMT+5:30 [Modules] Streaming discord_krisp@1 to /home/SamDaaEpic/.config/discord/0.0.90/modules/pending/discord_krisp-1.zip: 90%
4/11/2025, 7:44:44 PM GMT+5:30 [Modules] Streaming discord_krisp@1 to /home/SamDaaEpic/.config/discord/0.0.90/modules/pending/discord_krisp-1.zip: 91%
4/11/2025, 7:44:44 PM GMT+5:30 [Modules] Streaming discord_krisp@1 to /home/SamDaaEpic/.config/discord/0.0.90/modules/pending/discord_krisp-1.zip: 92%
4/11/2025, 7:44:44 PM GMT+5:30 [Modules] Streaming discord_krisp@1 to /home/SamDaaEpic/.config/discord/0.0.90/modules/pending/discord_krisp-1.zip: 93%
4/11/2025, 7:44:44 PM GMT+5:30 [Modules] Streaming discord_krisp@1 to /home/SamDaaEpic/.config/discord/0.0.90/modules/pending/discord_krisp-1.zip: 94%
4/11/2025, 7:44:44 PM GMT+5:30 [Modules] Streaming discord_krisp@1 to /home/SamDaaEpic/.config/discord/0.0.90/modules/pending/discord_krisp-1.zip: 95%
4/11/2025, 7:44:44 PM GMT+5:30 [Modules] Streaming discord_krisp@1 to /home/SamDaaEpic/.config/discord/0.0.90/modules/pending/discord_krisp-1.zip: 96%
4/11/2025, 7:44:44 PM GMT+5:30 [Modules] Streaming discord_krisp@1 to /home/SamDaaEpic/.config/discord/0.0.90/modules/pending/discord_krisp-1.zip: 97%
4/11/2025, 7:44:44 PM GMT+5:30 [Modules] Streaming discord_krisp@1 to /home/SamDaaEpic/.config/discord/0.0.90/modules/pending/discord_krisp-1.zip: 98%
4/11/2025, 7:44:44 PM GMT+5:30 [Modules] Streaming discord_krisp@1 to /home/SamDaaEpic/.config/discord/0.0.90/modules/pending/discord_krisp-1.zip: 99%
4/11/2025, 7:44:44 PM GMT+5:30 [Modules] Streaming discord_krisp@1 to /home/SamDaaEpic/.config/discord/0.0.90/modules/pending/discord_krisp-1.zip: 100%
4/11/2025, 7:44:44 PM GMT+5:30 [Modules] Fetching discord_game_utils@1 from https://discord.com/api/modules/stable/discord_game_utils/1
4/11/2025, 7:44:44 PM GMT+5:30 [Modules] Streaming discord_game_utils@1 to /home/SamDaaEpic/.config/discord/0.0.90/modules/pending/discord_game_utils-1.zip
4/11/2025, 7:44:44 PM GMT+5:30 [Modules] Installing discord_krisp@1 from /home/SamDaaEpic/.config/discord/0.0.90/modules/pending/discord_krisp-1.zip
4/11/2025, 7:44:44 PM GMT+5:30 [Modules] Finished module installations. [success: 1] [failure: 0]
4/11/2025, 7:44:44 PM GMT+5:30 [Modules] Streaming discord_game_utils@1 to /home/SamDaaEpic/.config/discord/0.0.90/modules/pending/discord_game_utils-1.zip: 1%
4/11/2025, 7:44:44 PM GMT+5:30 [Modules] Streaming discord_game_utils@1 to /home/SamDaaEpic/.config/discord/0.0.90/modules/pending/discord_game_utils-1.zip: 2%
4/11/2025, 7:44:44 PM GMT+5:30 [Modules] Streaming discord_game_utils@1 to /home/SamDaaEpic/.config/discord/0.0.90/modules/pending/discord_game_utils-1.zip: 3%
4/11/2025, 7:44:44 PM GMT+5:30 [Modules] Streaming discord_game_utils@1 to /home/SamDaaEpic/.config/discord/0.0.90/modules/pending/discord_game_utils-1.zip: 4%
4/11/2025, 7:44:44 PM GMT+5:30 [Modules] Streaming discord_game_utils@1 to /home/SamDaaEpic/.config/discord/0.0.90/modules/pending/discord_game_utils-1.zip: 5%
4/11/2025, 7:44:44 PM GMT+5:30 [Modules] Streaming discord_game_utils@1 to /home/SamDaaEpic/.config/discord/0.0.90/modules/pending/discord_game_utils-1.zip: 6%
4/11/2025, 7:44:44 PM GMT+5:30 [Modules] Streaming discord_game_utils@1 to /home/SamDaaEpic/.config/discord/0.0.90/modules/pending/discord_game_utils-1.zip: 8%
4/11/2025, 7:44:44 PM GMT+5:30 [Modules] Streaming discord_game_utils@1 to /home/SamDaaEpic/.config/discord/0.0.90/modules/pending/discord_game_utils-1.zip: 9%
4/11/2025, 7:44:44 PM GMT+5:30 [Modules] Streaming discord_game_utils@1 to /home/SamDaaEpic/.config/discord/0.0.90/modules/pending/discord_game_utils-1.zip: 10%
4/11/2025, 7:44:44 PM GMT+5:30 [Modules] Streaming discord_game_utils@1 to /home/SamDaaEpic/.config/discord/0.0.90/modules/pending/discord_game_utils-1.zip: 11%
4/11/2025, 7:44:44 PM GMT+5:30 [Modules] Streaming discord_game_utils@1 to /home/SamDaaEpic/.config/discord/0.0.90/modules/pending/discord_game_utils-1.zip: 12%
4/11/2025, 7:44:44 PM GMT+5:30 [Modules] Streaming discord_game_utils@1 to /home/SamDaaEpic/.config/discord/0.0.90/modules/pending/discord_game_utils-1.zip: 13%
4/11/2025, 7:44:44 PM GMT+5:30 [Modules] Streaming discord_game_utils@1 to /home/SamDaaEpic/.config/discord/0.0.90/modules/pending/discord_game_utils-1.zip: 14%
4/11/2025, 7:44:44 PM GMT+5:30 [Modules] Streaming discord_game_utils@1 to /home/SamDaaEpic/.config/discord/0.0.90/modules/pending/discord_game_utils-1.zip: 15%
4/11/2025, 7:44:44 PM GMT+5:30 [Modules] Streaming discord_game_utils@1 to /home/SamDaaEpic/.config/discord/0.0.90/modules/pending/discord_game_utils-1.zip: 16%
4/11/2025, 7:44:44 PM GMT+5:30 [Modules] Streaming discord_game_utils@1 to /home/SamDaaEpic/.config/discord/0.0.90/modules/pending/discord_game_utils-1.zip: 18%
4/11/2025, 7:44:44 PM GMT+5:30 [Modules] Streaming discord_game_utils@1 to /home/SamDaaEpic/.config/discord/0.0.90/modules/pending/discord_game_utils-1.zip: 19%
4/11/2025, 7:44:44 PM GMT+5:30 [Modules] Streaming discord_game_utils@1 to /home/SamDaaEpic/.config/discord/0.0.90/modules/pending/discord_game_utils-1.zip: 20%
4/11/2025, 7:44:44 PM GMT+5:30 [Modules] Streaming discord_game_utils@1 to /home/SamDaaEpic/.config/discord/0.0.90/modules/pending/discord_game_utils-1.zip: 21%
4/11/2025, 7:44:44 PM GMT+5:30 [Modules] Streaming discord_game_utils@1 to /home/SamDaaEpic/.config/discord/0.0.90/modules/pending/discord_game_utils-1.zip: 22%
4/11/2025, 7:44:44 PM GMT+5:30 [Modules] Streaming discord_game_utils@1 to /home/SamDaaEpic/.config/discord/0.0.90/modules/pending/discord_game_utils-1.zip: 23%
4/11/2025, 7:44:44 PM GMT+5:30 [Modules] Streaming discord_game_utils@1 to /home/SamDaaEpic/.config/discord/0.0.90/modules/pending/discord_game_utils-1.zip: 24%
4/11/2025, 7:44:45 PM GMT+5:30 [Modules] Streaming discord_game_utils@1 to /home/SamDaaEpic/.config/discord/0.0.90/modules/pending/discord_game_utils-1.zip: 25%
4/11/2025, 7:44:45 PM GMT+5:30 [Modules] Streaming discord_game_utils@1 to /home/SamDaaEpic/.config/discord/0.0.90/modules/pending/discord_game_utils-1.zip: 26%
4/11/2025, 7:44:45 PM GMT+5:30 [Modules] Streaming discord_game_utils@1 to /home/SamDaaEpic/.config/discord/0.0.90/modules/pending/discord_game_utils-1.zip: 27%
4/11/2025, 7:44:45 PM GMT+5:30 [Modules] Streaming discord_game_utils@1 to /home/SamDaaEpic/.config/discord/0.0.90/modules/pending/discord_game_utils-1.zip: 28%
4/11/2025, 7:44:45 PM GMT+5:30 [Modules] Streaming discord_game_utils@1 to /home/SamDaaEpic/.config/discord/0.0.90/modules/pending/discord_game_utils-1.zip: 29%
4/11/2025, 7:44:45 PM GMT+5:30 [Modules] Streaming discord_game_utils@1 to /home/SamDaaEpic/.config/discord/0.0.90/modules/pending/discord_game_utils-1.zip: 30%
4/11/2025, 7:44:45 PM GMT+5:30 [Modules] Streaming discord_game_utils@1 to /home/SamDaaEpic/.config/discord/0.0.90/modules/pending/discord_game_utils-1.zip: 31%
4/11/2025, 7:44:45 PM GMT+5:30 [Modules] Streaming discord_game_utils@1 to /home/SamDaaEpic/.config/discord/0.0.90/modules/pending/discord_game_utils-1.zip: 32%
4/11/2025, 7:44:45 PM GMT+5:30 [Modules] Streaming discord_game_utils@1 to /home/SamDaaEpic/.config/discord/0.0.90/modules/pending/discord_game_utils-1.zip: 33%
4/11/2025, 7:44:45 PM GMT+5:30 [Modules] Streaming discord_game_utils@1 to /home/SamDaaEpic/.config/discord/0.0.90/modules/pending/discord_game_utils-1.zip: 34%
4/11/2025, 7:44:45 PM GMT+5:30 [Modules] Streaming discord_game_utils@1 to /home/SamDaaEpic/.config/discord/0.0.90/modules/pending/discord_game_utils-1.zip: 35%
4/11/2025, 7:44:45 PM GMT+5:30 [Modules] Streaming discord_game_utils@1 to /home/SamDaaEpic/.config/discord/0.0.90/modules/pending/discord_game_utils-1.zip: 36%
4/11/2025, 7:44:45 PM GMT+5:30 [Modules] Streaming discord_game_utils@1 to /home/SamDaaEpic/.config/discord/0.0.90/modules/pending/discord_game_utils-1.zip: 37%
4/11/2025, 7:44:45 PM GMT+5:30 [Modules] Streaming discord_game_utils@1 to /home/SamDaaEpic/.config/discord/0.0.90/modules/pending/discord_game_utils-1.zip: 38%
4/11/2025, 7:44:45 PM GMT+5:30 [Modules] Streaming discord_game_utils@1 to /home/SamDaaEpic/.config/discord/0.0.90/modules/pending/discord_game_utils-1.zip: 39%
4/11/2025, 7:44:45 PM GMT+5:30 [Modules] Streaming discord_game_utils@1 to /home/SamDaaEpic/.config/discord/0.0.90/modules/pending/discord_game_utils-1.zip: 40%
4/11/2025, 7:44:45 PM GMT+5:30 [Modules] Streaming discord_game_utils@1 to /home/SamDaaEpic/.config/discord/0.0.90/modules/pending/discord_game_utils-1.zip: 41%
4/11/2025, 7:44:45 PM GMT+5:30 [Modules] Streaming discord_game_utils@1 to /home/SamDaaEpic/.config/discord/0.0.90/modules/pending/discord_game_utils-1.zip: 42%
4/11/2025, 7:44:45 PM GMT+5:30 [Modules] Streaming discord_game_utils@1 to /home/SamDaaEpic/.config/discord/0.0.90/modules/pending/discord_game_utils-1.zip: 43%
4/11/2025, 7:44:45 PM GMT+5:30 [Modules] Streaming discord_game_utils@1 to /home/SamDaaEpic/.config/discord/0.0.90/modules/pending/discord_game_utils-1.zip: 45%
4/11/2025, 7:44:45 PM GMT+5:30 [Modules] Streaming discord_game_utils@1 to /home/SamDaaEpic/.config/discord/0.0.90/modules/pending/discord_game_utils-1.zip: 46%
4/11/2025, 7:44:45 PM GMT+5:30 [Modules] Streaming discord_game_utils@1 to /home/SamDaaEpic/.config/discord/0.0.90/modules/pending/discord_game_utils-1.zip: 47%
4/11/2025, 7:44:45 PM GMT+5:30 [Modules] Streaming discord_game_utils@1 to /home/SamDaaEpic/.config/discord/0.0.90/modules/pending/discord_game_utils-1.zip: 48%
4/11/2025, 7:44:45 PM GMT+5:30 [Modules] Streaming discord_game_utils@1 to /home/SamDaaEpic/.config/discord/0.0.90/modules/pending/discord_game_utils-1.zip: 49%
4/11/2025, 7:44:45 PM GMT+5:30 [Modules] Streaming discord_game_utils@1 to /home/SamDaaEpic/.config/discord/0.0.90/modules/pending/discord_game_utils-1.zip: 50%
4/11/2025, 7:44:45 PM GMT+5:30 [Modules] Streaming discord_game_utils@1 to /home/SamDaaEpic/.config/discord/0.0.90/modules/pending/discord_game_utils-1.zip: 51%
4/11/2025, 7:44:45 PM GMT+5:30 [Modules] Streaming discord_game_utils@1 to /home/SamDaaEpic/.config/discord/0.0.90/modules/pending/discord_game_utils-1.zip: 52%
4/11/2025, 7:44:45 PM GMT+5:30 [Modules] Streaming discord_game_utils@1 to /home/SamDaaEpic/.config/discord/0.0.90/modules/pending/discord_game_utils-1.zip: 53%
4/11/2025, 7:44:45 PM GMT+5:30 [Modules] Streaming discord_game_utils@1 to /home/SamDaaEpic/.config/discord/0.0.90/modules/pending/discord_game_utils-1.zip: 54%
4/11/2025, 7:44:45 PM GMT+5:30 [Modules] Streaming discord_game_utils@1 to /home/SamDaaEpic/.config/discord/0.0.90/modules/pending/discord_game_utils-1.zip: 55%
4/11/2025, 7:44:45 PM GMT+5:30 [Modules] Streaming discord_game_utils@1 to /home/SamDaaEpic/.config/discord/0.0.90/modules/pending/discord_game_utils-1.zip: 56%
4/11/2025, 7:44:45 PM GMT+5:30 [Modules] Streaming discord_game_utils@1 to /home/SamDaaEpic/.config/discord/0.0.90/modules/pending/discord_game_utils-1.zip: 57%
4/11/2025, 7:44:45 PM GMT+5:30 [Modules] Streaming discord_game_utils@1 to /home/SamDaaEpic/.config/discord/0.0.90/modules/pending/discord_game_utils-1.zip: 58%
4/11/2025, 7:44:45 PM GMT+5:30 [Modules] Streaming discord_game_utils@1 to /home/SamDaaEpic/.config/discord/0.0.90/modules/pending/discord_game_utils-1.zip: 59%
4/11/2025, 7:44:45 PM GMT+5:30 [Modules] Streaming discord_game_utils@1 to /home/SamDaaEpic/.config/discord/0.0.90/modules/pending/discord_game_utils-1.zip: 60%
4/11/2025, 7:44:45 PM GMT+5:30 [Modules] Streaming discord_game_utils@1 to /home/SamDaaEpic/.config/discord/0.0.90/modules/pending/discord_game_utils-1.zip: 61%
4/11/2025, 7:44:45 PM GMT+5:30 [Modules] Streaming discord_game_utils@1 to /home/SamDaaEpic/.config/discord/0.0.90/modules/pending/discord_game_utils-1.zip: 62%
4/11/2025, 7:44:45 PM GMT+5:30 [Modules] Streaming discord_game_utils@1 to /home/SamDaaEpic/.config/discord/0.0.90/modules/pending/discord_game_utils-1.zip: 63%
4/11/2025, 7:44:45 PM GMT+5:30 [Modules] Streaming discord_game_utils@1 to /home/SamDaaEpic/.config/discord/0.0.90/modules/pending/discord_game_utils-1.zip: 64%
4/11/2025, 7:44:45 PM GMT+5:30 [Modules] Streaming discord_game_utils@1 to /home/SamDaaEpic/.config/discord/0.0.90/modules/pending/discord_game_utils-1.zip: 65%
4/11/2025, 7:44:45 PM GMT+5:30 [Modules] Streaming discord_game_utils@1 to /home/SamDaaEpic/.config/discord/0.0.90/modules/pending/discord_game_utils-1.zip: 66%
4/11/2025, 7:44:45 PM GMT+5:30 [Modules] Streaming discord_game_utils@1 to /home/SamDaaEpic/.config/discord/0.0.90/modules/pending/discord_game_utils-1.zip: 67%
4/11/2025, 7:44:45 PM GMT+5:30 [Modules] Streaming discord_game_utils@1 to /home/SamDaaEpic/.config/discord/0.0.90/modules/pending/discord_game_utils-1.zip: 68%
4/11/2025, 7:44:45 PM GMT+5:30 [Modules] Streaming discord_game_utils@1 to /home/SamDaaEpic/.config/discord/0.0.90/modules/pending/discord_game_utils-1.zip: 69%
4/11/2025, 7:44:45 PM GMT+5:30 [Modules] Streaming discord_game_utils@1 to /home/SamDaaEpic/.config/discord/0.0.90/modules/pending/discord_game_utils-1.zip: 70%
4/11/2025, 7:44:45 PM GMT+5:30 [Modules] Streaming discord_game_utils@1 to /home/SamDaaEpic/.config/discord/0.0.90/modules/pending/discord_game_utils-1.zip: 71%
4/11/2025, 7:44:45 PM GMT+5:30 [Modules] Streaming discord_game_utils@1 to /home/SamDaaEpic/.config/discord/0.0.90/modules/pending/discord_game_utils-1.zip: 72%
4/11/2025, 7:44:45 PM GMT+5:30 [Modules] Streaming discord_game_utils@1 to /home/SamDaaEpic/.config/discord/0.0.90/modules/pending/discord_game_utils-1.zip: 73%
4/11/2025, 7:44:45 PM GMT+5:30 [Modules] Streaming discord_game_utils@1 to /home/SamDaaEpic/.config/discord/0.0.90/modules/pending/discord_game_utils-1.zip: 74%
4/11/2025, 7:44:45 PM GMT+5:30 [Modules] Streaming discord_game_utils@1 to /home/SamDaaEpic/.config/discord/0.0.90/modules/pending/discord_game_utils-1.zip: 75%
4/11/2025, 7:44:45 PM GMT+5:30 [Modules] Streaming discord_game_utils@1 to /home/SamDaaEpic/.config/discord/0.0.90/modules/pending/discord_game_utils-1.zip: 76%
4/11/2025, 7:44:45 PM GMT+5:30 [Modules] Streaming discord_game_utils@1 to /home/SamDaaEpic/.config/discord/0.0.90/modules/pending/discord_game_utils-1.zip: 77%
4/11/2025, 7:44:45 PM GMT+5:30 [Modules] Streaming discord_game_utils@1 to /home/SamDaaEpic/.config/discord/0.0.90/modules/pending/discord_game_utils-1.zip: 78%
4/11/2025, 7:44:45 PM GMT+5:30 [Modules] Streaming discord_game_utils@1 to /home/SamDaaEpic/.config/discord/0.0.90/modules/pending/discord_game_utils-1.zip: 79%
4/11/2025, 7:44:45 PM GMT+5:30 [Modules] Streaming discord_game_utils@1 to /home/SamDaaEpic/.config/discord/0.0.90/modules/pending/discord_game_utils-1.zip: 80%
4/11/2025, 7:44:45 PM GMT+5:30 [Modules] Streaming discord_game_utils@1 to /home/SamDaaEpic/.config/discord/0.0.90/modules/pending/discord_game_utils-1.zip: 81%
4/11/2025, 7:44:45 PM GMT+5:30 [Modules] Streaming discord_game_utils@1 to /home/SamDaaEpic/.config/discord/0.0.90/modules/pending/discord_game_utils-1.zip: 82%
4/11/2025, 7:44:45 PM GMT+5:30 [Modules] Streaming discord_game_utils@1 to /home/SamDaaEpic/.config/discord/0.0.90/modules/pending/discord_game_utils-1.zip: 83%
4/11/2025, 7:44:45 PM GMT+5:30 [Modules] Streaming discord_game_utils@1 to /home/SamDaaEpic/.config/discord/0.0.90/modules/pending/discord_game_utils-1.zip: 85%
4/11/2025, 7:44:45 PM GMT+5:30 [Modules] Streaming discord_game_utils@1 to /home/SamDaaEpic/.config/discord/0.0.90/modules/pending/discord_game_utils-1.zip: 86%
4/11/2025, 7:44:45 PM GMT+5:30 [Modules] Streaming discord_game_utils@1 to /home/SamDaaEpic/.config/discord/0.0.90/modules/pending/discord_game_utils-1.zip: 88%
4/11/2025, 7:44:45 PM GMT+5:30 [Modules] Streaming discord_game_utils@1 to /home/SamDaaEpic/.config/discord/0.0.90/modules/pending/discord_game_utils-1.zip: 89%
4/11/2025, 7:44:45 PM GMT+5:30 [Modules] Streaming discord_game_utils@1 to /home/SamDaaEpic/.config/discord/0.0.90/modules/pending/discord_game_utils-1.zip: 90%
4/11/2025, 7:44:45 PM GMT+5:30 [Modules] Streaming discord_game_utils@1 to /home/SamDaaEpic/.config/discord/0.0.90/modules/pending/discord_game_utils-1.zip: 91%
4/11/2025, 7:44:45 PM GMT+5:30 [Modules] Streaming discord_game_utils@1 to /home/SamDaaEpic/.config/discord/0.0.90/modules/pending/discord_game_utils-1.zip: 93%
4/11/2025, 7:44:45 PM GMT+5:30 [Modules] Streaming discord_game_utils@1 to /home/SamDaaEpic/.config/discord/0.0.90/modules/pending/discord_game_utils-1.zip: 95%
4/11/2025, 7:44:45 PM GMT+5:30 [Modules] Streaming discord_game_utils@1 to /home/SamDaaEpic/.config/discord/0.0.90/modules/pending/discord_game_utils-1.zip: 96%
4/11/2025, 7:44:45 PM GMT+5:30 [Modules] Streaming discord_game_utils@1 to /home/SamDaaEpic/.config/discord/0.0.90/modules/pending/discord_game_utils-1.zip: 97%
4/11/2025, 7:44:45 PM GMT+5:30 [Modules] Streaming discord_game_utils@1 to /home/SamDaaEpic/.config/discord/0.0.90/modules/pending/discord_game_utils-1.zip: 100%
4/11/2025, 7:44:45 PM GMT+5:30 [Modules] Fetching discord_rpc@1 from https://discord.com/api/modules/stable/discord_rpc/1
4/11/2025, 7:44:45 PM GMT+5:30 [Modules] Streaming discord_rpc@1 to /home/SamDaaEpic/.config/discord/0.0.90/modules/pending/discord_rpc-1.zip
4/11/2025, 7:44:45 PM GMT+5:30 [Modules] Installing discord_game_utils@1 from /home/SamDaaEpic/.config/discord/0.0.90/modules/pending/discord_game_utils-1.zip
4/11/2025, 7:44:45 PM GMT+5:30 [Modules] Finished module installations. [success: 1] [failure: 0]
4/11/2025, 7:44:45 PM GMT+5:30 [Modules] Streaming discord_rpc@1 to /home/SamDaaEpic/.config/discord/0.0.90/modules/pending/discord_rpc-1.zip: 100%
4/11/2025, 7:44:45 PM GMT+5:30 [Modules] Finished module downloads. [success: 3] [failure: 0]
4/11/2025, 7:44:45 PM GMT+5:30 [Modules] Installing discord_rpc@1 from /home/SamDaaEpic/.config/discord/0.0.90/modules/pending/discord_rpc-1.zip
4/11/2025, 7:44:45 PM GMT+5:30 [Modules] Finished module installations. [success: 1] [failure: 0]
4/11/2025, 10:06:30 PM GMT+5:30 [Modules] Modules initializing
4/11/2025, 10:06:30 PM GMT+5:30 [Modules] Distribution: remote
4/11/2025, 10:06:30 PM GMT+5:30 [Modules] Host updates: enabled
4/11/2025, 10:06:30 PM GMT+5:30 [Modules] Module updates: enabled
4/11/2025, 10:06:30 PM GMT+5:30 [Modules] Module install path: /home/SamDaaEpic/.config/discord/0.0.90/modules
4/11/2025, 10:06:30 PM GMT+5:30 [Modules] Module installed file path: /home/SamDaaEpic/.config/discord/0.0.90/modules/installed.json
4/11/2025, 10:06:30 PM GMT+5:30 [Modules] Module download path: /home/SamDaaEpic/.config/discord/0.0.90/modules/pending
4/11/2025, 10:06:30 PM GMT+5:30 [Modules] No updates to install
4/11/2025, 10:06:30 PM GMT+5:30 [Modules] Checking for host updates.
4/11/2025, 10:06:31 PM GMT+5:30 [Modules] Host is up to date.
4/11/2025, 10:06:31 PM GMT+5:30 [Modules] Checking for module updates at https://discord.com/api/modules/stable/versions.json
4/11/2025, 10:06:31 PM GMT+5:30 [Modules] No module updates available.
4/11/2025, 10:06:34 PM GMT+5:30 [Modules] Checking for host updates.
4/11/2025, 10:06:34 PM GMT+5:30 [Modules] Host is up to date.
4/11/2025, 10:06:34 PM GMT+5:30 [Modules] Checking for module updates at https://discord.com/api/modules/stable/versions.json
4/11/2025, 10:06:34 PM GMT+5:30 [Modules] No module updates available.
4/11/2025, 10:06:35 PM GMT+5:30 [Modules] Checking for host updates.
4/11/2025, 10:06:35 PM GMT+5:30 [Modules] Host is up to date.
4/11/2025, 10:06:35 PM GMT+5:30 [Modules] Checking for module updates at https://discord.com/api/modules/stable/versions.json
4/11/2025, 10:06:35 PM GMT+5:30 [Modules] No module updates available.
4/11/2025, 10:21:23 PM GMT+5:30 [Modules] Modules initializing
4/11/2025, 10:21:23 PM GMT+5:30 [Modules] Distribution: remote
4/11/2025, 10:21:23 PM GMT+5:30 [Modules] Host updates: enabled
4/11/2025, 10:21:23 PM GMT+5:30 [Modules] Module updates: enabled
4/11/2025, 10:21:23 PM GMT+5:30 [Modules] Module install path: /home/SamDaaEpic/.config/discord/0.0.90/modules
4/11/2025, 10:21:23 PM GMT+5:30 [Modules] Module installed file path: /home/SamDaaEpic/.config/discord/0.0.90/modules/installed.json
4/11/2025, 10:21:23 PM GMT+5:30 [Modules] Module download path: /home/SamDaaEpic/.config/discord/0.0.90/modules/pending
4/11/2025, 10:21:23 PM GMT+5:30 [Modules] No updates to install
4/11/2025, 10:21:23 PM GMT+5:30 [Modules] Checking for host updates.
4/11/2025, 10:21:24 PM GMT+5:30 [Modules] Host is up to date.
4/11/2025, 10:21:24 PM GMT+5:30 [Modules] Checking for module updates at https://discord.com/api/modules/stable/versions.json
4/11/2025, 10:21:24 PM GMT+5:30 [Modules] No module updates available.
4/11/2025, 10:21:26 PM GMT+5:30 [Modules] Checking for host updates.
4/11/2025, 10:21:26 PM GMT+5:30 [Modules] Host is up to date.
4/11/2025, 10:21:26 PM GMT+5:30 [Modules] Checking for module updates at https://discord.com/api/modules/stable/versions.json
4/11/2025, 10:21:26 PM GMT+5:30 [Modules] No module updates available.
4/12/2025, 9:10:25 AM GMT+5:30 [Modules] Modules initializing
4/12/2025, 9:10:25 AM GMT+5:30 [Modules] Distribution: remote
4/12/2025, 9:10:25 AM GMT+5:30 [Modules] Host updates: enabled
4/12/2025, 9:10:25 AM GMT+5:30 [Modules] Module updates: enabled
4/12/2025, 9:10:25 AM GMT+5:30 [Modules] Module install path: /home/SamDaaEpic/.config/discord/0.0.90/modules
4/12/2025, 9:10:25 AM GMT+5:30 [Modules] Module installed file path: /home/SamDaaEpic/.config/discord/0.0.90/modules/installed.json
4/12/2025, 9:10:25 AM GMT+5:30 [Modules] Module download path: /home/SamDaaEpic/.config/discord/0.0.90/modules/pending
4/12/2025, 9:10:25 AM GMT+5:30 [Modules] No updates to install
4/12/2025, 9:10:25 AM GMT+5:30 [Modules] Checking for host updates.
4/12/2025, 9:10:25 AM GMT+5:30 [Modules] Host update failed: Error: getaddrinfo EAI_AGAIN discord.com
4/12/2025, 9:10:28 AM GMT+5:30 [Modules] Modules initializing
4/12/2025, 9:10:28 AM GMT+5:30 [Modules] Distribution: remote
4/12/2025, 9:10:28 AM GMT+5:30 [Modules] Host updates: enabled
4/12/2025, 9:10:28 AM GMT+5:30 [Modules] Module updates: enabled
4/12/2025, 9:10:28 AM GMT+5:30 [Modules] Module install path: /home/SamDaaEpic/.config/discord/0.0.90/modules
4/12/2025, 9:10:28 AM GMT+5:30 [Modules] Module installed file path: /home/SamDaaEpic/.config/discord/0.0.90/modules/installed.json
4/12/2025, 9:10:28 AM GMT+5:30 [Modules] Module download path: /home/SamDaaEpic/.config/discord/0.0.90/modules/pending
4/12/2025, 9:10:28 AM GMT+5:30 [Modules] No updates to install
4/12/2025, 9:10:28 AM GMT+5:30 [Modules] Checking for host updates.
4/12/2025, 9:10:28 AM GMT+5:30 [Modules] Host is up to date.
4/12/2025, 9:10:28 AM GMT+5:30 [Modules] Checking for module updates at https://discord.com/api/modules/stable/versions.json
4/12/2025, 9:10:28 AM GMT+5:30 [Modules] No module updates available.
4/12/2025, 9:10:31 AM GMT+5:30 [Modules] Checking for host updates.
4/12/2025, 9:10:31 AM GMT+5:30 [Modules] Host is up to date.
4/12/2025, 9:10:31 AM GMT+5:30 [Modules] Checking for module updates at https://discord.com/api/modules/stable/versions.json
4/12/2025, 9:10:31 AM GMT+5:30 [Modules] No module updates available.
4/12/2025, 9:58:39 AM GMT+5:30 [Modules] Modules initializing
4/12/2025, 9:58:39 AM GMT+5:30 [Modules] Distribution: remote
4/12/2025, 9:58:39 AM GMT+5:30 [Modules] Host updates: enabled
4/12/2025, 9:58:39 AM GMT+5:30 [Modules] Module updates: enabled
4/12/2025, 9:58:39 AM GMT+5:30 [Modules] Module install path: /home/SamDaaEpic/.config/discord/0.0.90/modules
4/12/2025, 9:58:39 AM GMT+5:30 [Modules] Module installed file path: /home/SamDaaEpic/.config/discord/0.0.90/modules/installed.json
4/12/2025, 9:58:39 AM GMT+5:30 [Modules] Module download path: /home/SamDaaEpic/.config/discord/0.0.90/modules/pending
4/12/2025, 9:58:39 AM GMT+5:30 [Modules] No updates to install
4/12/2025, 9:58:39 AM GMT+5:30 [Modules] Checking for host updates.
4/12/2025, 9:58:39 AM GMT+5:30 [Modules] Host is up to date.
4/12/2025, 9:58:39 AM GMT+5:30 [Modules] Checking for module updates at https://discord.com/api/modules/stable/versions.json
4/12/2025, 9:58:39 AM GMT+5:30 [Modules] No module updates available.
4/12/2025, 9:58:41 AM GMT+5:30 [Modules] Checking for host updates.
4/12/2025, 9:58:42 AM GMT+5:30 [Modules] Host is up to date.
4/12/2025, 9:58:42 AM GMT+5:30 [Modules] Checking for module updates at https://discord.com/api/modules/stable/versions.json
4/12/2025, 9:58:42 AM GMT+5:30 [Modules] No module updates available.
4/12/2025, 11:01:53 AM GMT+5:30 [Modules] Modules initializing
4/12/2025, 11:01:53 AM GMT+5:30 [Modules] Distribution: remote
4/12/2025, 11:01:53 AM GMT+5:30 [Modules] Host updates: enabled
4/12/2025, 11:01:53 AM GMT+5:30 [Modules] Module updates: enabled
4/12/2025, 11:01:53 AM GMT+5:30 [Modules] Module install path: /home/SamDaaEpic/.config/discord/0.0.90/modules
4/12/2025, 11:01:53 AM GMT+5:30 [Modules] Module installed file path: /home/SamDaaEpic/.config/discord/0.0.90/modules/installed.json
4/12/2025, 11:01:53 AM GMT+5:30 [Modules] Module download path: /home/SamDaaEpic/.config/discord/0.0.90/modules/pending
4/12/2025, 11:01:53 AM GMT+5:30 [Modules] No updates to install
4/12/2025, 11:01:53 AM GMT+5:30 [Modules] Checking for host updates.
4/12/2025, 11:01:54 AM GMT+5:30 [Modules] Host is up to date.
4/12/2025, 11:01:54 AM GMT+5:30 [Modules] Checking for module updates at https://discord.com/api/modules/stable/versions.json
4/12/2025, 11:01:54 AM GMT+5:30 [Modules] No module updates available.
4/12/2025, 11:01:56 AM GMT+5:30 [Modules] Checking for host updates.
4/12/2025, 11:01:56 AM GMT+5:30 [Modules] Host is up to date.
4/12/2025, 11:01:56 AM GMT+5:30 [Modules] Checking for module updates at https://discord.com/api/modules/stable/versions.json
4/12/2025, 11:01:56 AM GMT+5:30 [Modules] No module updates available.
4/12/2025, 11:35:38 AM GMT+5:30 [Modules] Modules initializing
4/12/2025, 11:35:38 AM GMT+5:30 [Modules] Distribution: remote
4/12/2025, 11:35:38 AM GMT+5:30 [Modules] Host updates: enabled
4/12/2025, 11:35:38 AM GMT+5:30 [Modules] Module updates: enabled
4/12/2025, 11:35:38 AM GMT+5:30 [Modules] Module install path: /home/SamDaaEpic/.config/discord/0.0.90/modules
4/12/2025, 11:35:38 AM GMT+5:30 [Modules] Module installed file path: /home/SamDaaEpic/.config/discord/0.0.90/modules/installed.json
4/12/2025, 11:35:38 AM GMT+5:30 [Modules] Module download path: /home/SamDaaEpic/.config/discord/0.0.90/modules/pending
4/12/2025, 11:35:38 AM GMT+5:30 [Modules] No updates to install
4/12/2025, 11:35:38 AM GMT+5:30 [Modules] Checking for host updates.
4/12/2025, 11:35:38 AM GMT+5:30 [Modules] Host is up to date.
4/12/2025, 11:35:38 AM GMT+5:30 [Modules] Checking for module updates at https://discord.com/api/modules/stable/versions.json
4/12/2025, 11:35:38 AM GMT+5:30 [Modules] No module updates available.
4/12/2025, 11:35:40 AM GMT+5:30 [Modules] Checking for host updates.
4/12/2025, 11:35:41 AM GMT+5:30 [Modules] Host is up to date.
4/12/2025, 11:35:41 AM GMT+5:30 [Modules] Checking for module updates at https://discord.com/api/modules/stable/versions.json
4/12/2025, 11:35:41 AM GMT+5:30 [Modules] No module updates available.
4/12/2025, 11:36:13 AM GMT+5:30 [Modules] Modules initializing
4/12/2025, 11:36:13 AM GMT+5:30 [Modules] Distribution: remote
4/12/2025, 11:36:13 AM GMT+5:30 [Modules] Host updates: enabled
4/12/2025, 11:36:13 AM GMT+5:30 [Modules] Module updates: enabled
4/12/2025, 11:36:13 AM GMT+5:30 [Modules] Module install path: /home/SamDaaEpic/.config/discord/0.0.90/modules
4/12/2025, 11:36:13 AM GMT+5:30 [Modules] Module installed file path: /home/SamDaaEpic/.config/discord/0.0.90/modules/installed.json
4/12/2025, 11:36:13 AM GMT+5:30 [Modules] Module download path: /home/SamDaaEpic/.config/discord/0.0.90/modules/pending
4/12/2025, 11:36:13 AM GMT+5:30 [Modules] No updates to install
4/12/2025, 11:36:13 AM GMT+5:30 [Modules] Checking for host updates.
4/12/2025, 11:36:14 AM GMT+5:30 [Modules] Host is up to date.
4/12/2025, 11:36:14 AM GMT+5:30 [Modules] Checking for module updates at https://discord.com/api/modules/stable/versions.json
4/12/2025, 11:36:14 AM GMT+5:30 [Modules] No module updates available.
4/12/2025, 11:36:15 AM GMT+5:30 [Modules] Checking for host updates.
4/12/2025, 11:36:16 AM GMT+5:30 [Modules] Host is up to date.
4/12/2025, 11:36:16 AM GMT+5:30 [Modules] Checking for module updates at https://discord.com/api/modules/stable/versions.json
4/12/2025, 11:36:16 AM GMT+5:30 [Modules] No module updates available.
4/12/2025, 11:40:56 AM GMT+5:30 [Modules] Modules initializing
4/12/2025, 11:40:56 AM GMT+5:30 [Modules] Distribution: remote
4/12/2025, 11:40:56 AM GMT+5:30 [Modules] Host updates: enabled
4/12/2025, 11:40:56 AM GMT+5:30 [Modules] Module updates: enabled
4/12/2025, 11:40:56 AM GMT+5:30 [Modules] Module install path: /home/SamDaaEpic/.config/discord/0.0.90/modules
4/12/2025, 11:40:56 AM GMT+5:30 [Modules] Module installed file path: /home/SamDaaEpic/.config/discord/0.0.90/modules/installed.json
4/12/2025, 11:40:56 AM GMT+5:30 [Modules] Module download path: /home/SamDaaEpic/.config/discord/0.0.90/modules/pending
4/12/2025, 11:40:56 AM GMT+5:30 [Modules] No updates to install
4/12/2025, 11:40:56 AM GMT+5:30 [Modules] Checking for host updates.
4/12/2025, 11:40:56 AM GMT+5:30 [Modules] Host is up to date.
4/12/2025, 11:40:56 AM GMT+5:30 [Modules] Checking for module updates at https://discord.com/api/modules/stable/versions.json
4/12/2025, 11:40:56 AM GMT+5:30 [Modules] No module updates available.
4/12/2025, 11:40:58 AM GMT+5:30 [Modules] Checking for host updates.
4/12/2025, 11:40:59 AM GMT+5:30 [Modules] Host is up to date.
4/12/2025, 11:40:59 AM GMT+5:30 [Modules] Checking for module updates at https://discord.com/api/modules/stable/versions.json
4/12/2025, 11:40:59 AM GMT+5:30 [Modules] No module updates available.
4/12/2025, 2:04:04 PM GMT+5:30 [Modules] Modules initializing
4/12/2025, 2:04:04 PM GMT+5:30 [Modules] Distribution: remote
4/12/2025, 2:04:04 PM GMT+5:30 [Modules] Host updates: enabled
4/12/2025, 2:04:04 PM GMT+5:30 [Modules] Module updates: enabled
4/12/2025, 2:04:04 PM GMT+5:30 [Modules] Module install path: /home/SamDaaEpic/.config/discord/0.0.90/modules
4/12/2025, 2:04:04 PM GMT+5:30 [Modules] Module installed file path: /home/SamDaaEpic/.config/discord/0.0.90/modules/installed.json
4/12/2025, 2:04:04 PM GMT+5:30 [Modules] Module download path: /home/SamDaaEpic/.config/discord/0.0.90/modules/pending
4/12/2025, 2:04:04 PM GMT+5:30 [Modules] No updates to install
4/12/2025, 2:04:04 PM GMT+5:30 [Modules] Checking for host updates.
4/12/2025, 2:04:04 PM GMT+5:30 [Modules] Host is up to date.
4/12/2025, 2:04:04 PM GMT+5:30 [Modules] Checking for module updates at https://discord.com/api/modules/stable/versions.json
4/12/2025, 2:04:04 PM GMT+5:30 [Modules] No module updates available.
4/12/2025, 2:04:06 PM GMT+5:30 [Modules] Checking for host updates.
4/12/2025, 2:04:07 PM GMT+5:30 [Modules] Host is up to date.
4/12/2025, 2:04:07 PM GMT+5:30 [Modules] Checking for module updates at https://discord.com/api/modules/stable/versions.json
4/12/2025, 2:04:07 PM GMT+5:30 [Modules] No module updates available.
4/12/2025, 3:21:05 PM GMT+5:30 [Modules] Modules initializing
4/12/2025, 3:21:05 PM GMT+5:30 [Modules] Distribution: remote
4/12/2025, 3:21:05 PM GMT+5:30 [Modules] Host updates: enabled
4/12/2025, 3:21:05 PM GMT+5:30 [Modules] Module updates: enabled
4/12/2025, 3:21:05 PM GMT+5:30 [Modules] Module install path: /home/SamDaaEpic/.config/discord/0.0.90/modules
4/12/2025, 3:21:05 PM GMT+5:30 [Modules] Module installed file path: /home/SamDaaEpic/.config/discord/0.0.90/modules/installed.json
4/12/2025, 3:21:05 PM GMT+5:30 [Modules] Module download path: /home/SamDaaEpic/.config/discord/0.0.90/modules/pending
4/12/2025, 3:21:05 PM GMT+5:30 [Modules] No updates to install
4/12/2025, 3:21:05 PM GMT+5:30 [Modules] Checking for host updates.
4/12/2025, 3:21:06 PM GMT+5:30 [Modules] Host is up to date.
4/12/2025, 3:21:06 PM GMT+5:30 [Modules] Checking for module updates at https://discord.com/api/modules/stable/versions.json
4/12/2025, 3:21:06 PM GMT+5:30 [Modules] No module updates available.
4/12/2025, 3:21:08 PM GMT+5:30 [Modules] Checking for host updates.
4/12/2025, 3:21:08 PM GMT+5:30 [Modules] Host is up to date.
4/12/2025, 3:21:08 PM GMT+5:30 [Modules] Checking for module updates at https://discord.com/api/modules/stable/versions.json
4/12/2025, 3:21:08 PM GMT+5:30 [Modules] No module updates available.
4/12/2025, 3:48:52 PM GMT+5:30 [Modules] Modules initializing
4/12/2025, 3:48:52 PM GMT+5:30 [Modules] Distribution: remote
4/12/2025, 3:48:52 PM GMT+5:30 [Modules] Host updates: enabled
4/12/2025, 3:48:52 PM GMT+5:30 [Modules] Module updates: enabled
4/12/2025, 3:48:52 PM GMT+5:30 [Modules] Module install path: /home/SamDaaEpic/.config/discord/0.0.90/modules
4/12/2025, 3:48:52 PM GMT+5:30 [Modules] Module installed file path: /home/SamDaaEpic/.config/discord/0.0.90/modules/installed.json
4/12/2025, 3:48:52 PM GMT+5:30 [Modules] Module download path: /home/SamDaaEpic/.config/discord/0.0.90/modules/pending
4/12/2025, 3:48:52 PM GMT+5:30 [Modules] No updates to install
4/12/2025, 3:48:52 PM GMT+5:30 [Modules] Checking for host updates.
4/12/2025, 3:48:52 PM GMT+5:30 [Modules] Host is up to date.
4/12/2025, 3:48:52 PM GMT+5:30 [Modules] Checking for module updates at https://discord.com/api/modules/stable/versions.json
4/12/2025, 3:48:52 PM GMT+5:30 [Modules] No module updates available.
4/12/2025, 3:48:54 PM GMT+5:30 [Modules] Checking for host updates.
4/12/2025, 3:48:55 PM GMT+5:30 [Modules] Host is up to date.
4/12/2025, 3:48:55 PM GMT+5:30 [Modules] Checking for module updates at https://discord.com/api/modules/stable/versions.json
4/12/2025, 3:48:55 PM GMT+5:30 [Modules] No module updates available.
4/12/2025, 4:01:55 PM GMT+5:30 [Modules] Modules initializing
4/12/2025, 4:01:55 PM GMT+5:30 [Modules] Distribution: remote
4/12/2025, 4:01:55 PM GMT+5:30 [Modules] Host updates: enabled
4/12/2025, 4:01:55 PM GMT+5:30 [Modules] Module updates: enabled
4/12/2025, 4:01:55 PM GMT+5:30 [Modules] Module install path: /home/SamDaaEpic/.config/discord/0.0.90/modules
4/12/2025, 4:01:55 PM GMT+5:30 [Modules] Module installed file path: /home/SamDaaEpic/.config/discord/0.0.90/modules/installed.json
4/12/2025, 4:01:55 PM GMT+5:30 [Modules] Module download path: /home/SamDaaEpic/.config/discord/0.0.90/modules/pending
4/12/2025, 4:01:55 PM GMT+5:30 [Modules] No updates to install
4/12/2025, 4:01:55 PM GMT+5:30 [Modules] Checking for host updates.
4/12/2025, 4:01:55 PM GMT+5:30 [Modules] Host is up to date.
4/12/2025, 4:01:55 PM GMT+5:30 [Modules] Checking for module updates at https://discord.com/api/modules/stable/versions.json
4/12/2025, 4:01:55 PM GMT+5:30 [Modules] No module updates available.
4/12/2025, 4:01:57 PM GMT+5:30 [Modules] Checking for host updates.
4/12/2025, 4:01:58 PM GMT+5:30 [Modules] Host is up to date.
4/12/2025, 4:01:58 PM GMT+5:30 [Modules] Checking for module updates at https://discord.com/api/modules/stable/versions.json
4/12/2025, 4:01:58 PM GMT+5:30 [Modules] No module updates available.
4/12/2025, 5:01:57 PM GMT+5:30 [Modules] Checking for host updates.
4/12/2025, 5:01:58 PM GMT+5:30 [Modules] Host is up to date.
4/12/2025, 5:01:58 PM GMT+5:30 [Modules] Checking for module updates at https://discord.com/api/modules/stable/versions.json
4/12/2025, 5:01:58 PM GMT+5:30 [Modules] No module updates available.
4/12/2025, 6:15:04 PM GMT+5:30 [Modules] Modules initializing
4/12/2025, 6:15:04 PM GMT+5:30 [Modules] Distribution: remote
4/12/2025, 6:15:04 PM GMT+5:30 [Modules] Host updates: enabled
4/12/2025, 6:15:04 PM GMT+5:30 [Modules] Module updates: enabled
4/12/2025, 6:15:04 PM GMT+5:30 [Modules] Module install path: /home/SamDaaEpic/.config/discord/0.0.90/modules
4/12/2025, 6:15:04 PM GMT+5:30 [Modules] Module installed file path: /home/SamDaaEpic/.config/discord/0.0.90/modules/installed.json
4/12/2025, 6:15:04 PM GMT+5:30 [Modules] Module download path: /home/SamDaaEpic/.config/discord/0.0.90/modules/pending
4/12/2025, 6:15:04 PM GMT+5:30 [Modules] No updates to install
4/12/2025, 6:15:04 PM GMT+5:30 [Modules] Checking for host updates.
4/12/2025, 6:15:04 PM GMT+5:30 [Modules] Host is up to date.
4/12/2025, 6:15:04 PM GMT+5:30 [Modules] Checking for module updates at https://discord.com/api/modules/stable/versions.json
4/12/2025, 6:15:04 PM GMT+5:30 [Modules] No module updates available.
4/12/2025, 6:15:06 PM GMT+5:30 [Modules] Checking for host updates.
4/12/2025, 6:15:07 PM GMT+5:30 [Modules] Host is up to date.
4/12/2025, 6:15:07 PM GMT+5:30 [Modules] Checking for module updates at https://discord.com/api/modules/stable/versions.json
4/12/2025, 6:15:07 PM GMT+5:30 [Modules] No module updates available.
4/12/2025, 6:22:37 PM GMT+5:30 [Modules] Modules initializing
4/12/2025, 6:22:37 PM GMT+5:30 [Modules] Distribution: remote
4/12/2025, 6:22:37 PM GMT+5:30 [Modules] Host updates: enabled
4/12/2025, 6:22:37 PM GMT+5:30 [Modules] Module updates: enabled
4/12/2025, 6:22:37 PM GMT+5:30 [Modules] Module install path: /home/SamDaaEpic/.config/discord/0.0.90/modules
4/12/2025, 6:22:37 PM GMT+5:30 [Modules] Module installed file path: /home/SamDaaEpic/.config/discord/0.0.90/modules/installed.json
4/12/2025, 6:22:37 PM GMT+5:30 [Modules] Module download path: /home/SamDaaEpic/.config/discord/0.0.90/modules/pending
4/12/2025, 6:22:38 PM GMT+5:30 [Modules] No updates to install
4/12/2025, 6:22:38 PM GMT+5:30 [Modules] Checking for host updates.
4/12/2025, 6:22:38 PM GMT+5:30 [Modules] Host is up to date.
4/12/2025, 6:22:38 PM GMT+5:30 [Modules] Checking for module updates at https://discord.com/api/modules/stable/versions.json
4/12/2025, 6:22:38 PM GMT+5:30 [Modules] No module updates available.
4/12/2025, 6:22:40 PM GMT+5:30 [Modules] Checking for host updates.
4/12/2025, 6:22:41 PM GMT+5:30 [Modules] Host is up to date.
4/12/2025, 6:22:41 PM GMT+5:30 [Modules] Checking for module updates at https://discord.com/api/modules/stable/versions.json
4/12/2025, 6:22:41 PM GMT+5:30 [Modules] No module updates available.
4/12/2025, 6:46:12 PM GMT+5:30 [Modules] Modules initializing
4/12/2025, 6:46:12 PM GMT+5:30 [Modules] Distribution: remote
4/12/2025, 6:46:12 PM GMT+5:30 [Modules] Host updates: enabled
4/12/2025, 6:46:12 PM GMT+5:30 [Modules] Module updates: enabled
4/12/2025, 6:46:12 PM GMT+5:30 [Modules] Module install path: /home/SamDaaEpic/.config/discord/0.0.90/modules
4/12/2025, 6:46:12 PM GMT+5:30 [Modules] Module installed file path: /home/SamDaaEpic/.config/discord/0.0.90/modules/installed.json
4/12/2025, 6:46:12 PM GMT+5:30 [Modules] Module download path: /home/SamDaaEpic/.config/discord/0.0.90/modules/pending
4/12/2025, 6:46:12 PM GMT+5:30 [Modules] No updates to install
4/12/2025, 6:46:12 PM GMT+5:30 [Modules] Checking for host updates.
4/12/2025, 6:46:13 PM GMT+5:30 [Modules] Host is up to date.
4/12/2025, 6:46:13 PM GMT+5:30 [Modules] Checking for module updates at https://discord.com/api/modules/stable/versions.json
4/12/2025, 6:46:13 PM GMT+5:30 [Modules] No module updates available.
4/12/2025, 6:46:15 PM GMT+5:30 [Modules] Checking for host updates.
4/12/2025, 6:46:15 PM GMT+5:30 [Modules] Host is up to date.
4/12/2025, 6:46:15 PM GMT+5:30 [Modules] Checking for module updates at https://discord.com/api/modules/stable/versions.json
4/12/2025, 6:46:15 PM GMT+5:30 [Modules] No module updates available.
4/12/2025, 7:11:09 PM GMT+5:30 [Modules] Modules initializing
4/12/2025, 7:11:09 PM GMT+5:30 [Modules] Distribution: remote
4/12/2025, 7:11:09 PM GMT+5:30 [Modules] Host updates: enabled
4/12/2025, 7:11:09 PM GMT+5:30 [Modules] Module updates: enabled
4/12/2025, 7:11:09 PM GMT+5:30 [Modules] Module install path: /home/SamDaaEpic/.config/discord/0.0.90/modules
4/12/2025, 7:11:09 PM GMT+5:30 [Modules] Module installed file path: /home/SamDaaEpic/.config/discord/0.0.90/modules/installed.json
4/12/2025, 7:11:09 PM GMT+5:30 [Modules] Module download path: /home/SamDaaEpic/.config/discord/0.0.90/modules/pending
4/12/2025, 7:11:09 PM GMT+5:30 [Modules] No updates to install
4/12/2025, 7:11:09 PM GMT+5:30 [Modules] Checking for host updates.
4/12/2025, 7:11:09 PM GMT+5:30 [Modules] Host is up to date.
4/12/2025, 7:11:09 PM GMT+5:30 [Modules] Checking for module updates at https://discord.com/api/modules/stable/versions.json
4/12/2025, 7:11:09 PM GMT+5:30 [Modules] No module updates available.
4/12/2025, 7:11:11 PM GMT+5:30 [Modules] Checking for host updates.
4/12/2025, 7:11:12 PM GMT+5:30 [Modules] Host is up to date.
4/12/2025, 7:11:12 PM GMT+5:30 [Modules] Checking for module updates at https://discord.com/api/modules/stable/versions.json
4/12/2025, 7:11:12 PM GMT+5:30 [Modules] No module updates available.
4/12/2025, 9:53:40 PM GMT+5:30 [Modules] Checking for host updates.
4/12/2025, 9:53:41 PM GMT+5:30 [Modules] Host is up to date.
4/12/2025, 9:53:41 PM GMT+5:30 [Modules] Checking for module updates at https://discord.com/api/modules/stable/versions.json
4/12/2025, 9:53:41 PM GMT+5:30 [Modules] No module updates available.
4/12/2025, 10:39:12 PM GMT+5:30 [Modules] Modules initializing
4/12/2025, 10:39:12 PM GMT+5:30 [Modules] Distribution: remote
4/12/2025, 10:39:12 PM GMT+5:30 [Modules] Host updates: enabled
4/12/2025, 10:39:12 PM GMT+5:30 [Modules] Module updates: enabled
4/12/2025, 10:39:12 PM GMT+5:30 [Modules] Module install path: /home/SamDaaEpic/.config/discord/0.0.90/modules
4/12/2025, 10:39:12 PM GMT+5:30 [Modules] Module installed file path: /home/SamDaaEpic/.config/discord/0.0.90/modules/installed.json
4/12/2025, 10:39:12 PM GMT+5:30 [Modules] Module download path: /home/SamDaaEpic/.config/discord/0.0.90/modules/pending
4/12/2025, 10:39:13 PM GMT+5:30 [Modules] No updates to install
4/12/2025, 10:39:13 PM GMT+5:30 [Modules] Checking for host updates.
4/12/2025, 10:39:13 PM GMT+5:30 [Modules] Host is up to date.
4/12/2025, 10:39:13 PM GMT+5:30 [Modules] Checking for module updates at https://discord.com/api/modules/stable/versions.json
4/12/2025, 10:39:13 PM GMT+5:30 [Modules] No module updates available.
4/12/2025, 10:39:15 PM GMT+5:30 [Modules] Checking for host updates.
4/12/2025, 10:39:16 PM GMT+5:30 [Modules] Host is up to date.
4/12/2025, 10:39:16 PM GMT+5:30 [Modules] Checking for module updates at https://discord.com/api/modules/stable/versions.json
4/12/2025, 10:39:16 PM GMT+5:30 [Modules] No module updates available.
4/13/2025, 9:27:50 AM GMT+5:30 [Modules] Modules initializing
4/13/2025, 9:27:50 AM GMT+5:30 [Modules] Distribution: remote
4/13/2025, 9:27:50 AM GMT+5:30 [Modules] Host updates: enabled
4/13/2025, 9:27:50 AM GMT+5:30 [Modules] Module updates: enabled
4/13/2025, 9:27:50 AM GMT+5:30 [Modules] Module install path: /home/SamDaaEpic/.config/discord/0.0.90/modules
4/13/2025, 9:27:50 AM GMT+5:30 [Modules] Module installed file path: /home/SamDaaEpic/.config/discord/0.0.90/modules/installed.json
4/13/2025, 9:27:50 AM GMT+5:30 [Modules] Module download path: /home/SamDaaEpic/.config/discord/0.0.90/modules/pending
4/13/2025, 9:27:50 AM GMT+5:30 [Modules] No updates to install
4/13/2025, 9:27:50 AM GMT+5:30 [Modules] Checking for host updates.
4/13/2025, 9:27:51 AM GMT+5:30 [Modules] Host is up to date.
4/13/2025, 9:27:51 AM GMT+5:30 [Modules] Checking for module updates at https://discord.com/api/modules/stable/versions.json
4/13/2025, 9:27:51 AM GMT+5:30 [Modules] No module updates available.
4/13/2025, 9:27:53 AM GMT+5:30 [Modules] Checking for host updates.
4/13/2025, 9:27:53 AM GMT+5:30 [Modules] Host is up to date.
4/13/2025, 9:27:53 AM GMT+5:30 [Modules] Checking for module updates at https://discord.com/api/modules/stable/versions.json
4/13/2025, 9:27:53 AM GMT+5:30 [Modules] No module updates available.
4/13/2025, 10:16:08 AM GMT+5:30 [Modules] Modules initializing
4/13/2025, 10:16:08 AM GMT+5:30 [Modules] Distribution: remote
4/13/2025, 10:16:08 AM GMT+5:30 [Modules] Host updates: enabled
4/13/2025, 10:16:08 AM GMT+5:30 [Modules] Module updates: enabled
4/13/2025, 10:16:08 AM GMT+5:30 [Modules] Module install path: /home/SamDaaEpic/.config/discord/0.0.90/modules
4/13/2025, 10:16:08 AM GMT+5:30 [Modules] Module installed file path: /home/SamDaaEpic/.config/discord/0.0.90/modules/installed.json
4/13/2025, 10:16:08 AM GMT+5:30 [Modules] Module download path: /home/SamDaaEpic/.config/discord/0.0.90/modules/pending
4/13/2025, 10:16:08 AM GMT+5:30 [Modules] No updates to install
4/13/2025, 10:16:08 AM GMT+5:30 [Modules] Checking for host updates.
4/13/2025, 10:16:09 AM GMT+5:30 [Modules] Host is up to date.
4/13/2025, 10:16:09 AM GMT+5:30 [Modules] Checking for module updates at https://discord.com/api/modules/stable/versions.json
4/13/2025, 10:16:09 AM GMT+5:30 [Modules] No module updates available.
4/13/2025, 10:16:11 AM GMT+5:30 [Modules] Checking for host updates.
4/13/2025, 10:16:11 AM GMT+5:30 [Modules] Host is up to date.
4/13/2025, 10:16:11 AM GMT+5:30 [Modules] Checking for module updates at https://discord.com/api/modules/stable/versions.json
4/13/2025, 10:16:11 AM GMT+5:30 [Modules] No module updates available.
4/13/2025, 11:01:08 AM GMT+5:30 [Modules] Modules initializing
4/13/2025, 11:01:08 AM GMT+5:30 [Modules] Distribution: remote
4/13/2025, 11:01:08 AM GMT+5:30 [Modules] Host updates: enabled
4/13/2025, 11:01:08 AM GMT+5:30 [Modules] Module updates: enabled
4/13/2025, 11:01:08 AM GMT+5:30 [Modules] Module install path: /home/SamDaaEpic/.config/discord/0.0.90/modules
4/13/2025, 11:01:08 AM GMT+5:30 [Modules] Module installed file path: /home/SamDaaEpic/.config/discord/0.0.90/modules/installed.json
4/13/2025, 11:01:08 AM GMT+5:30 [Modules] Module download path: /home/SamDaaEpic/.config/discord/0.0.90/modules/pending
4/13/2025, 11:01:08 AM GMT+5:30 [Modules] No updates to install
4/13/2025, 11:01:08 AM GMT+5:30 [Modules] Checking for host updates.
4/13/2025, 11:01:09 AM GMT+5:30 [Modules] Host is up to date.
4/13/2025, 11:01:09 AM GMT+5:30 [Modules] Checking for module updates at https://discord.com/api/modules/stable/versions.json
4/13/2025, 11:01:09 AM GMT+5:30 [Modules] No module updates available.
4/13/2025, 11:01:11 AM GMT+5:30 [Modules] Checking for host updates.
4/13/2025, 11:01:11 AM GMT+5:30 [Modules] Host is up to date.
4/13/2025, 11:01:11 AM GMT+5:30 [Modules] Checking for module updates at https://discord.com/api/modules/stable/versions.json
4/13/2025, 11:01:11 AM GMT+5:30 [Modules] No module updates available.
4/13/2025, 11:09:00 AM GMT+5:30 [Modules] Modules initializing
4/13/2025, 11:09:00 AM GMT+5:30 [Modules] Distribution: remote
4/13/2025, 11:09:00 AM GMT+5:30 [Modules] Host updates: enabled
4/13/2025, 11:09:00 AM GMT+5:30 [Modules] Module updates: enabled
4/13/2025, 11:09:00 AM GMT+5:30 [Modules] Module install path: /home/SamDaaEpic/.config/discord/0.0.90/modules
4/13/2025, 11:09:00 AM GMT+5:30 [Modules] Module installed file path: /home/SamDaaEpic/.config/discord/0.0.90/modules/installed.json
4/13/2025, 11:09:00 AM GMT+5:30 [Modules] Module download path: /home/SamDaaEpic/.config/discord/0.0.90/modules/pending
4/13/2025, 11:09:00 AM GMT+5:30 [Modules] No updates to install
4/13/2025, 11:09:00 AM GMT+5:30 [Modules] Checking for host updates.
4/13/2025, 11:09:01 AM GMT+5:30 [Modules] Host is up to date.
4/13/2025, 11:09:01 AM GMT+5:30 [Modules] Checking for module updates at https://discord.com/api/modules/stable/versions.json
4/13/2025, 11:09:01 AM GMT+5:30 [Modules] No module updates available.
4/13/2025, 11:09:03 AM GMT+5:30 [Modules] Checking for host updates.
4/13/2025, 11:09:03 AM GMT+5:30 [Modules] Host is up to date.
4/13/2025, 11:09:03 AM GMT+5:30 [Modules] Checking for module updates at https://discord.com/api/modules/stable/versions.json
4/13/2025, 11:09:03 AM GMT+5:30 [Modules] No module updates available.
4/13/2025, 11:28:40 AM GMT+5:30 [Modules] Modules initializing
4/13/2025, 11:28:40 AM GMT+5:30 [Modules] Distribution: remote
4/13/2025, 11:28:40 AM GMT+5:30 [Modules] Host updates: enabled
4/13/2025, 11:28:40 AM GMT+5:30 [Modules] Module updates: enabled
4/13/2025, 11:28:40 AM GMT+5:30 [Modules] Module install path: /home/SamDaaEpic/.config/discord/0.0.90/modules
4/13/2025, 11:28:40 AM GMT+5:30 [Modules] Module installed file path: /home/SamDaaEpic/.config/discord/0.0.90/modules/installed.json
4/13/2025, 11:28:40 AM GMT+5:30 [Modules] Module download path: /home/SamDaaEpic/.config/discord/0.0.90/modules/pending
4/13/2025, 11:28:40 AM GMT+5:30 [Modules] No updates to install
4/13/2025, 11:28:40 AM GMT+5:30 [Modules] Checking for host updates.
4/13/2025, 11:28:41 AM GMT+5:30 [Modules] Host is up to date.
4/13/2025, 11:28:41 AM GMT+5:30 [Modules] Checking for module updates at https://discord.com/api/modules/stable/versions.json
4/13/2025, 11:28:41 AM GMT+5:30 [Modules] No module updates available.
4/13/2025, 11:28:44 AM GMT+5:30 [Modules] Checking for host updates.
4/13/2025, 11:28:44 AM GMT+5:30 [Modules] Host is up to date.
4/13/2025, 11:28:44 AM GMT+5:30 [Modules] Checking for module updates at https://discord.com/api/modules/stable/versions.json
4/13/2025, 11:28:44 AM GMT+5:30 [Modules] No module updates available.
4/13/2025, 11:40:35 AM GMT+5:30 [Modules] Modules initializing
4/13/2025, 11:40:35 AM GMT+5:30 [Modules] Distribution: remote
4/13/2025, 11:40:35 AM GMT+5:30 [Modules] Host updates: enabled
4/13/2025, 11:40:35 AM GMT+5:30 [Modules] Module updates: enabled
4/13/2025, 11:40:35 AM GMT+5:30 [Modules] Module install path: /home/SamDaaEpic/.config/discord/0.0.90/modules
4/13/2025, 11:40:35 AM GMT+5:30 [Modules] Module installed file path: /home/SamDaaEpic/.config/discord/0.0.90/modules/installed.json
4/13/2025, 11:40:35 AM GMT+5:30 [Modules] Module download path: /home/SamDaaEpic/.config/discord/0.0.90/modules/pending
4/13/2025, 11:40:35 AM GMT+5:30 [Modules] No updates to install
4/13/2025, 11:40:35 AM GMT+5:30 [Modules] Checking for host updates.
4/13/2025, 11:40:36 AM GMT+5:30 [Modules] Host is up to date.
4/13/2025, 11:40:36 AM GMT+5:30 [Modules] Checking for module updates at https://discord.com/api/modules/stable/versions.json
4/13/2025, 11:40:36 AM GMT+5:30 [Modules] No module updates available.
4/13/2025, 11:40:39 AM GMT+5:30 [Modules] Checking for host updates.
4/13/2025, 11:40:40 AM GMT+5:30 [Modules] Host is up to date.
4/13/2025, 11:40:40 AM GMT+5:30 [Modules] Checking for module updates at https://discord.com/api/modules/stable/versions.json
4/13/2025, 11:40:40 AM GMT+5:30 [Modules] No module updates available.
4/13/2025, 12:36:55 PM GMT+5:30 [Modules] Modules initializing
4/13/2025, 12:36:55 PM GMT+5:30 [Modules] Distribution: remote
4/13/2025, 12:36:55 PM GMT+5:30 [Modules] Host updates: enabled
4/13/2025, 12:36:55 PM GMT+5:30 [Modules] Module updates: enabled
4/13/2025, 12:36:55 PM GMT+5:30 [Modules] Module install path: /home/SamDaaEpic/.config/discord/0.0.90/modules
4/13/2025, 12:36:55 PM GMT+5:30 [Modules] Module installed file path: /home/SamDaaEpic/.config/discord/0.0.90/modules/installed.json
4/13/2025, 12:36:55 PM GMT+5:30 [Modules] Module download path: /home/SamDaaEpic/.config/discord/0.0.90/modules/pending
4/13/2025, 12:36:55 PM GMT+5:30 [Modules] No updates to install
4/13/2025, 12:36:55 PM GMT+5:30 [Modules] Checking for host updates.
4/13/2025, 12:36:55 PM GMT+5:30 [Modules] Host is up to date.
4/13/2025, 12:36:55 PM GMT+5:30 [Modules] Checking for module updates at https://discord.com/api/modules/stable/versions.json
4/13/2025, 12:36:56 PM GMT+5:30 [Modules] No module updates available.
4/13/2025, 12:36:59 PM GMT+5:30 [Modules] Checking for host updates.
4/13/2025, 12:37:00 PM GMT+5:30 [Modules] Host is up to date.
4/13/2025, 12:37:00 PM GMT+5:30 [Modules] Checking for module updates at https://discord.com/api/modules/stable/versions.json
4/13/2025, 12:37:00 PM GMT+5:30 [Modules] No module updates available.
4/13/2025, 12:41:51 PM GMT+5:30 [Modules] Modules initializing
4/13/2025, 12:41:51 PM GMT+5:30 [Modules] Distribution: remote
4/13/2025, 12:41:51 PM GMT+5:30 [Modules] Host updates: enabled
4/13/2025, 12:41:51 PM GMT+5:30 [Modules] Module updates: enabled
4/13/2025, 12:41:51 PM GMT+5:30 [Modules] Module install path: /home/SamDaaEpic/.config/discord/0.0.90/modules
4/13/2025, 12:41:51 PM GMT+5:30 [Modules] Module installed file path: /home/SamDaaEpic/.config/discord/0.0.90/modules/installed.json
4/13/2025, 12:41:51 PM GMT+5:30 [Modules] Module download path: /home/SamDaaEpic/.config/discord/0.0.90/modules/pending
4/13/2025, 12:41:52 PM GMT+5:30 [Modules] No updates to install
4/13/2025, 12:41:52 PM GMT+5:30 [Modules] Checking for host updates.
4/13/2025, 12:41:52 PM GMT+5:30 [Modules] Host is up to date.
4/13/2025, 12:41:52 PM GMT+5:30 [Modules] Checking for module updates at https://discord.com/api/modules/stable/versions.json
4/13/2025, 12:41:52 PM GMT+5:30 [Modules] No module updates available.
4/13/2025, 12:41:55 PM GMT+5:30 [Modules] Checking for host updates.
4/13/2025, 12:41:55 PM GMT+5:30 [Modules] Host is up to date.
4/13/2025, 12:41:55 PM GMT+5:30 [Modules] Checking for module updates at https://discord.com/api/modules/stable/versions.json
4/13/2025, 12:41:56 PM GMT+5:30 [Modules] No module updates available.
4/13/2025, 2:00:37 PM GMT+5:30 [Modules] Modules initializing
4/13/2025, 2:00:37 PM GMT+5:30 [Modules] Distribution: remote
4/13/2025, 2:00:37 PM GMT+5:30 [Modules] Host updates: enabled
4/13/2025, 2:00:37 PM GMT+5:30 [Modules] Module updates: enabled
4/13/2025, 2:00:37 PM GMT+5:30 [Modules] Module install path: /home/SamDaaEpic/.config/discord/0.0.90/modules
4/13/2025, 2:00:37 PM GMT+5:30 [Modules] Module installed file path: /home/SamDaaEpic/.config/discord/0.0.90/modules/installed.json
4/13/2025, 2:00:37 PM GMT+5:30 [Modules] Module download path: /home/SamDaaEpic/.config/discord/0.0.90/modules/pending
4/13/2025, 2:00:37 PM GMT+5:30 [Modules] No updates to install
4/13/2025, 2:00:37 PM GMT+5:30 [Modules] Checking for host updates.
4/13/2025, 2:00:38 PM GMT+5:30 [Modules] Host is up to date.
4/13/2025, 2:00:38 PM GMT+5:30 [Modules] Checking for module updates at https://discord.com/api/modules/stable/versions.json
4/13/2025, 2:00:38 PM GMT+5:30 [Modules] No module updates available.
4/13/2025, 2:00:40 PM GMT+5:30 [Modules] Checking for host updates.
4/13/2025, 2:00:40 PM GMT+5:30 [Modules] Host is up to date.
4/13/2025, 2:00:40 PM GMT+5:30 [Modules] Checking for module updates at https://discord.com/api/modules/stable/versions.json
4/13/2025, 2:00:40 PM GMT+5:30 [Modules] No module updates available.
4/13/2025, 2:19:50 PM GMT+5:30 [Modules] Modules initializing
4/13/2025, 2:19:50 PM GMT+5:30 [Modules] Distribution: remote
4/13/2025, 2:19:50 PM GMT+5:30 [Modules] Host updates: enabled
4/13/2025, 2:19:50 PM GMT+5:30 [Modules] Module updates: enabled
4/13/2025, 2:19:50 PM GMT+5:30 [Modules] Module install path: /home/SamDaaEpic/.config/discord/0.0.90/modules
4/13/2025, 2:19:50 PM GMT+5:30 [Modules] Module installed file path: /home/SamDaaEpic/.config/discord/0.0.90/modules/installed.json
4/13/2025, 2:19:50 PM GMT+5:30 [Modules] Module download path: /home/SamDaaEpic/.config/discord/0.0.90/modules/pending
4/13/2025, 2:19:50 PM GMT+5:30 [Modules] No updates to install
4/13/2025, 2:19:50 PM GMT+5:30 [Modules] Checking for host updates.
4/13/2025, 2:19:50 PM GMT+5:30 [Modules] Host is up to date.
4/13/2025, 2:19:50 PM GMT+5:30 [Modules] Checking for module updates at https://discord.com/api/modules/stable/versions.json
4/13/2025, 2:19:50 PM GMT+5:30 [Modules] No module updates available.
4/13/2025, 2:19:52 PM GMT+5:30 [Modules] Checking for host updates.
4/13/2025, 2:19:53 PM GMT+5:30 [Modules] Host is up to date.
4/13/2025, 2:19:53 PM GMT+5:30 [Modules] Checking for module updates at https://discord.com/api/modules/stable/versions.json
4/13/2025, 2:19:53 PM GMT+5:30 [Modules] No module updates available.
4/13/2025, 3:01:42 PM GMT+5:30 [Modules] Modules initializing
4/13/2025, 3:01:42 PM GMT+5:30 [Modules] Distribution: remote
4/13/2025, 3:01:42 PM GMT+5:30 [Modules] Host updates: enabled
4/13/2025, 3:01:42 PM GMT+5:30 [Modules] Module updates: enabled
4/13/2025, 3:01:42 PM GMT+5:30 [Modules] Module install path: /home/SamDaaEpic/.config/discord/0.0.90/modules
4/13/2025, 3:01:42 PM GMT+5:30 [Modules] Module installed file path: /home/SamDaaEpic/.config/discord/0.0.90/modules/installed.json
4/13/2025, 3:01:42 PM GMT+5:30 [Modules] Module download path: /home/SamDaaEpic/.config/discord/0.0.90/modules/pending
4/13/2025, 3:01:43 PM GMT+5:30 [Modules] No updates to install
4/13/2025, 3:01:43 PM GMT+5:30 [Modules] Checking for host updates.
4/13/2025, 3:01:43 PM GMT+5:30 [Modules] Host is up to date.
4/13/2025, 3:01:43 PM GMT+5:30 [Modules] Checking for module updates at https://discord.com/api/modules/stable/versions.json
4/13/2025, 3:01:43 PM GMT+5:30 [Modules] No module updates available.
4/13/2025, 3:01:45 PM GMT+5:30 [Modules] Checking for host updates.
4/13/2025, 3:01:45 PM GMT+5:30 [Modules] Host is up to date.
4/13/2025, 3:01:45 PM GMT+5:30 [Modules] Checking for module updates at https://discord.com/api/modules/stable/versions.json
4/13/2025, 3:01:45 PM GMT+5:30 [Modules] No module updates available.
4/13/2025, 3:02:24 PM GMT+5:30 [Modules] Modules initializing
4/13/2025, 3:02:24 PM GMT+5:30 [Modules] Distribution: remote
4/13/2025, 3:02:24 PM GMT+5:30 [Modules] Host updates: enabled
4/13/2025, 3:02:24 PM GMT+5:30 [Modules] Module updates: enabled
4/13/2025, 3:02:24 PM GMT+5:30 [Modules] Module install path: /home/SamDaaEpic/.config/discord/0.0.90/modules
4/13/2025, 3:02:24 PM GMT+5:30 [Modules] Module installed file path: /home/SamDaaEpic/.config/discord/0.0.90/modules/installed.json
4/13/2025, 3:02:24 PM GMT+5:30 [Modules] Module download path: /home/SamDaaEpic/.config/discord/0.0.90/modules/pending
4/13/2025, 3:02:24 PM GMT+5:30 [Modules] No updates to install
4/13/2025, 3:02:24 PM GMT+5:30 [Modules] Checking for host updates.
4/13/2025, 3:02:24 PM GMT+5:30 [Modules] Host is up to date.
4/13/2025, 3:02:24 PM GMT+5:30 [Modules] Checking for module updates at https://discord.com/api/modules/stable/versions.json
4/13/2025, 3:02:24 PM GMT+5:30 [Modules] No module updates available.
4/13/2025, 3:02:26 PM GMT+5:30 [Modules] Checking for host updates.
4/13/2025, 3:02:27 PM GMT+5:30 [Modules] Host is up to date.
4/13/2025, 3:02:27 PM GMT+5:30 [Modules] Checking for module updates at https://discord.com/api/modules/stable/versions.json
4/13/2025, 3:02:27 PM GMT+5:30 [Modules] No module updates available.
4/13/2025, 3:20:34 PM GMT+5:30 [Modules] Modules initializing
4/13/2025, 3:20:34 PM GMT+5:30 [Modules] Distribution: remote
4/13/2025, 3:20:34 PM GMT+5:30 [Modules] Host updates: enabled
4/13/2025, 3:20:34 PM GMT+5:30 [Modules] Module updates: enabled
4/13/2025, 3:20:34 PM GMT+5:30 [Modules] Module install path: /home/SamDaaEpic/.config/discord/0.0.90/modules
4/13/2025, 3:20:34 PM GMT+5:30 [Modules] Module installed file path: /home/SamDaaEpic/.config/discord/0.0.90/modules/installed.json
4/13/2025, 3:20:34 PM GMT+5:30 [Modules] Module download path: /home/SamDaaEpic/.config/discord/0.0.90/modules/pending
4/13/2025, 3:20:34 PM GMT+5:30 [Modules] No updates to install
4/13/2025, 3:20:34 PM GMT+5:30 [Modules] Checking for host updates.
4/13/2025, 3:20:35 PM GMT+5:30 [Modules] Host is up to date.
4/13/2025, 3:20:35 PM GMT+5:30 [Modules] Checking for module updates at https://discord.com/api/modules/stable/versions.json
4/13/2025, 3:20:35 PM GMT+5:30 [Modules] No module updates available.
4/13/2025, 3:20:37 PM GMT+5:30 [Modules] Checking for host updates.
4/13/2025, 3:20:38 PM GMT+5:30 [Modules] Host is up to date.
4/13/2025, 3:20:38 PM GMT+5:30 [Modules] Checking for module updates at https://discord.com/api/modules/stable/versions.json
4/13/2025, 3:20:38 PM GMT+5:30 [Modules] No module updates available.
4/13/2025, 3:25:12 PM GMT+5:30 [Modules] Modules initializing
4/13/2025, 3:25:12 PM GMT+5:30 [Modules] Distribution: remote
4/13/2025, 3:25:12 PM GMT+5:30 [Modules] Host updates: enabled
4/13/2025, 3:25:12 PM GMT+5:30 [Modules] Module updates: enabled
4/13/2025, 3:25:12 PM GMT+5:30 [Modules] Module install path: /home/SamDaaEpic/.config/discord/0.0.90/modules
4/13/2025, 3:25:12 PM GMT+5:30 [Modules] Module installed file path: /home/SamDaaEpic/.config/discord/0.0.90/modules/installed.json
4/13/2025, 3:25:12 PM GMT+5:30 [Modules] Module download path: /home/SamDaaEpic/.config/discord/0.0.90/modules/pending
4/13/2025, 3:25:13 PM GMT+5:30 [Modules] No updates to install
4/13/2025, 3:25:13 PM GMT+5:30 [Modules] Checking for host updates.
4/13/2025, 3:25:13 PM GMT+5:30 [Modules] Host is up to date.
4/13/2025, 3:25:13 PM GMT+5:30 [Modules] Checking for module updates at https://discord.com/api/modules/stable/versions.json
4/13/2025, 3:25:13 PM GMT+5:30 [Modules] No module updates available.
4/13/2025, 3:25:15 PM GMT+5:30 [Modules] Checking for host updates.
4/13/2025, 3:25:16 PM GMT+5:30 [Modules] Host is up to date.
4/13/2025, 3:25:16 PM GMT+5:30 [Modules] Checking for module updates at https://discord.com/api/modules/stable/versions.json
4/13/2025, 3:25:16 PM GMT+5:30 [Modules] No module updates available.
4/13/2025, 5:51:32 PM GMT+5:30 [Modules] Modules initializing
4/13/2025, 5:51:32 PM GMT+5:30 [Modules] Distribution: remote
4/13/2025, 5:51:32 PM GMT+5:30 [Modules] Host updates: enabled
4/13/2025, 5:51:32 PM GMT+5:30 [Modules] Module updates: enabled
4/13/2025, 5:51:32 PM GMT+5:30 [Modules] Module install path: /home/SamDaaEpic/.config/discord/0.0.90/modules
4/13/2025, 5:51:32 PM GMT+5:30 [Modules] Module installed file path: /home/SamDaaEpic/.config/discord/0.0.90/modules/installed.json
4/13/2025, 5:51:32 PM GMT+5:30 [Modules] Module download path: /home/SamDaaEpic/.config/discord/0.0.90/modules/pending
4/13/2025, 5:51:33 PM GMT+5:30 [Modules] No updates to install
4/13/2025, 5:51:33 PM GMT+5:30 [Modules] Checking for host updates.
4/13/2025, 5:51:33 PM GMT+5:30 [Modules] Host is up to date.
4/13/2025, 5:51:33 PM GMT+5:30 [Modules] Checking for module updates at https://discord.com/api/modules/stable/versions.json
4/13/2025, 5:51:33 PM GMT+5:30 [Modules] No module updates available.
4/13/2025, 5:51:35 PM GMT+5:30 [Modules] Checking for host updates.
4/13/2025, 5:51:36 PM GMT+5:30 [Modules] Host is up to date.
4/13/2025, 5:51:36 PM GMT+5:30 [Modules] Checking for module updates at https://discord.com/api/modules/stable/versions.json
4/13/2025, 5:51:36 PM GMT+5:30 [Modules] No module updates available.
4/13/2025, 6:23:45 PM GMT+5:30 [Modules] Modules initializing
4/13/2025, 6:23:45 PM GMT+5:30 [Modules] Distribution: remote
4/13/2025, 6:23:45 PM GMT+5:30 [Modules] Host updates: enabled
4/13/2025, 6:23:45 PM GMT+5:30 [Modules] Module updates: enabled
4/13/2025, 6:23:45 PM GMT+5:30 [Modules] Module install path: /home/SamDaaEpic/.config/discord/0.0.90/modules
4/13/2025, 6:23:45 PM GMT+5:30 [Modules] Module installed file path: /home/SamDaaEpic/.config/discord/0.0.90/modules/installed.json
4/13/2025, 6:23:45 PM GMT+5:30 [Modules] Module download path: /home/SamDaaEpic/.config/discord/0.0.90/modules/pending
4/13/2025, 6:23:46 PM GMT+5:30 [Modules] No updates to install
4/13/2025, 6:23:46 PM GMT+5:30 [Modules] Checking for host updates.
4/13/2025, 6:23:46 PM GMT+5:30 [Modules] Host is up to date.
4/13/2025, 6:23:46 PM GMT+5:30 [Modules] Checking for module updates at https://discord.com/api/modules/stable/versions.json
4/13/2025, 6:23:46 PM GMT+5:30 [Modules] No module updates available.
4/13/2025, 6:23:48 PM GMT+5:30 [Modules] Checking for host updates.
4/13/2025, 6:23:49 PM GMT+5:30 [Modules] Host is up to date.
4/13/2025, 6:23:49 PM GMT+5:30 [Modules] Checking for module updates at https://discord.com/api/modules/stable/versions.json
4/13/2025, 6:23:49 PM GMT+5:30 [Modules] No module updates available.
4/13/2025, 6:42:58 PM GMT+5:30 [Modules] Modules initializing
4/13/2025, 6:42:58 PM GMT+5:30 [Modules] Distribution: remote
4/13/2025, 6:42:58 PM GMT+5:30 [Modules] Host updates: enabled
4/13/2025, 6:42:58 PM GMT+5:30 [Modules] Module updates: enabled
4/13/2025, 6:42:58 PM GMT+5:30 [Modules] Module install path: /home/SamDaaEpic/.config/discord/0.0.90/modules
4/13/2025, 6:42:58 PM GMT+5:30 [Modules] Module installed file path: /home/SamDaaEpic/.config/discord/0.0.90/modules/installed.json
4/13/2025, 6:42:58 PM GMT+5:30 [Modules] Module download path: /home/SamDaaEpic/.config/discord/0.0.90/modules/pending
4/13/2025, 6:42:58 PM GMT+5:30 [Modules] No updates to install
4/13/2025, 6:42:58 PM GMT+5:30 [Modules] Checking for host updates.
4/13/2025, 6:42:58 PM GMT+5:30 [Modules] Host is up to date.
4/13/2025, 6:42:58 PM GMT+5:30 [Modules] Checking for module updates at https://discord.com/api/modules/stable/versions.json
4/13/2025, 6:42:59 PM GMT+5:30 [Modules] No module updates available.
4/13/2025, 6:43:00 PM GMT+5:30 [Modules] Checking for host updates.
4/13/2025, 6:43:01 PM GMT+5:30 [Modules] Host is up to date.
4/13/2025, 6:43:01 PM GMT+5:30 [Modules] Checking for module updates at https://discord.com/api/modules/stable/versions.json
4/13/2025, 6:43:01 PM GMT+5:30 [Modules] No module updates available.
4/13/2025, 6:45:51 PM GMT+5:30 [Modules] Modules initializing
4/13/2025, 6:45:51 PM GMT+5:30 [Modules] Distribution: remote
4/13/2025, 6:45:51 PM GMT+5:30 [Modules] Host updates: enabled
4/13/2025, 6:45:51 PM GMT+5:30 [Modules] Module updates: enabled
4/13/2025, 6:45:51 PM GMT+5:30 [Modules] Module install path: /home/SamDaaEpic/.config/discord/0.0.90/modules
4/13/2025, 6:45:51 PM GMT+5:30 [Modules] Module installed file path: /home/SamDaaEpic/.config/discord/0.0.90/modules/installed.json
4/13/2025, 6:45:51 PM GMT+5:30 [Modules] Module download path: /home/SamDaaEpic/.config/discord/0.0.90/modules/pending
4/13/2025, 6:45:51 PM GMT+5:30 [Modules] No updates to install
4/13/2025, 6:45:51 PM GMT+5:30 [Modules] Checking for host updates.
4/13/2025, 6:45:52 PM GMT+5:30 [Modules] Host is up to date.
4/13/2025, 6:45:52 PM GMT+5:30 [Modules] Checking for module updates at https://discord.com/api/modules/stable/versions.json
4/13/2025, 6:45:52 PM GMT+5:30 [Modules] No module updates available.
4/13/2025, 6:45:54 PM GMT+5:30 [Modules] Checking for host updates.
4/13/2025, 6:45:54 PM GMT+5:30 [Modules] Host is up to date.
4/13/2025, 6:45:54 PM GMT+5:30 [Modules] Checking for module updates at https://discord.com/api/modules/stable/versions.json
4/13/2025, 6:45:54 PM GMT+5:30 [Modules] No module updates available.
4/13/2025, 8:13:29 PM GMT+5:30 [Modules] Modules initializing
4/13/2025, 8:13:29 PM GMT+5:30 [Modules] Distribution: remote
4/13/2025, 8:13:29 PM GMT+5:30 [Modules] Host updates: enabled
4/13/2025, 8:13:29 PM GMT+5:30 [Modules] Module updates: enabled
4/13/2025, 8:13:29 PM GMT+5:30 [Modules] Module install path: /home/SamDaaEpic/.config/discord/0.0.90/modules
4/13/2025, 8:13:29 PM GMT+5:30 [Modules] Module installed file path: /home/SamDaaEpic/.config/discord/0.0.90/modules/installed.json
4/13/2025, 8:13:29 PM GMT+5:30 [Modules] Module download path: /home/SamDaaEpic/.config/discord/0.0.90/modules/pending
4/13/2025, 8:13:29 PM GMT+5:30 [Modules] No updates to install
4/13/2025, 8:13:29 PM GMT+5:30 [Modules] Checking for host updates.
4/13/2025, 8:13:30 PM GMT+5:30 [Modules] Host is up to date.
4/13/2025, 8:13:30 PM GMT+5:30 [Modules] Checking for module updates at https://discord.com/api/modules/stable/versions.json
4/13/2025, 8:13:30 PM GMT+5:30 [Modules] No module updates available.
4/13/2025, 8:13:32 PM GMT+5:30 [Modules] Checking for host updates.
4/13/2025, 8:13:32 PM GMT+5:30 [Modules] Host is up to date.
4/13/2025, 8:13:32 PM GMT+5:30 [Modules] Checking for module updates at https://discord.com/api/modules/stable/versions.json
4/13/2025, 8:13:32 PM GMT+5:30 [Modules] No module updates available.
4/13/2025, 9:03:31 PM GMT+5:30 [Modules] Modules initializing
4/13/2025, 9:03:31 PM GMT+5:30 [Modules] Distribution: remote
4/13/2025, 9:03:31 PM GMT+5:30 [Modules] Host updates: enabled
4/13/2025, 9:03:31 PM GMT+5:30 [Modules] Module updates: enabled
4/13/2025, 9:03:31 PM GMT+5:30 [Modules] Module install path: /home/SamDaaEpic/.config/discord/0.0.90/modules
4/13/2025, 9:03:31 PM GMT+5:30 [Modules] Module installed file path: /home/SamDaaEpic/.config/discord/0.0.90/modules/installed.json
4/13/2025, 9:03:31 PM GMT+5:30 [Modules] Module download path: /home/SamDaaEpic/.config/discord/0.0.90/modules/pending
4/13/2025, 9:03:31 PM GMT+5:30 [Modules] No updates to install
4/13/2025, 9:03:31 PM GMT+5:30 [Modules] Checking for host updates.
4/13/2025, 9:03:32 PM GMT+5:30 [Modules] Host is up to date.
4/13/2025, 9:03:32 PM GMT+5:30 [Modules] Checking for module updates at https://discord.com/api/modules/stable/versions.json
4/13/2025, 9:03:32 PM GMT+5:30 [Modules] No module updates available.
4/13/2025, 9:03:34 PM GMT+5:30 [Modules] Checking for host updates.
4/13/2025, 9:03:34 PM GMT+5:30 [Modules] Host is up to date.
4/13/2025, 9:03:34 PM GMT+5:30 [Modules] Checking for module updates at https://discord.com/api/modules/stable/versions.json
4/13/2025, 9:03:34 PM GMT+5:30 [Modules] No module updates available.
4/13/2025, 9:07:48 PM GMT+5:30 [Modules] Modules initializing
4/13/2025, 9:07:48 PM GMT+5:30 [Modules] Distribution: remote
4/13/2025, 9:07:48 PM GMT+5:30 [Modules] Host updates: enabled
4/13/2025, 9:07:48 PM GMT+5:30 [Modules] Module updates: enabled
4/13/2025, 9:07:48 PM GMT+5:30 [Modules] Module install path: /home/SamDaaEpic/.config/discord/0.0.90/modules
4/13/2025, 9:07:48 PM GMT+5:30 [Modules] Module installed file path: /home/SamDaaEpic/.config/discord/0.0.90/modules/installed.json
4/13/2025, 9:07:48 PM GMT+5:30 [Modules] Module download path: /home/SamDaaEpic/.config/discord/0.0.90/modules/pending
4/13/2025, 9:07:48 PM GMT+5:30 [Modules] No updates to install
4/13/2025, 9:07:48 PM GMT+5:30 [Modules] Checking for host updates.
4/13/2025, 9:07:49 PM GMT+5:30 [Modules] Host is up to date.
4/13/2025, 9:07:49 PM GMT+5:30 [Modules] Checking for module updates at https://discord.com/api/modules/stable/versions.json
4/13/2025, 9:07:49 PM GMT+5:30 [Modules] No module updates available.
4/13/2025, 9:07:51 PM GMT+5:30 [Modules] Checking for host updates.
4/13/2025, 9:07:51 PM GMT+5:30 [Modules] Host is up to date.
4/13/2025, 9:07:51 PM GMT+5:30 [Modules] Checking for module updates at https://discord.com/api/modules/stable/versions.json
4/13/2025, 9:07:51 PM GMT+5:30 [Modules] No module updates available.
4/13/2025, 10:19:36 PM GMT+5:30 [Modules] Checking for host updates.
4/13/2025, 10:19:36 PM GMT+5:30 [Modules] Host is up to date.
4/13/2025, 10:19:36 PM GMT+5:30 [Modules] Checking for module updates at https://discord.com/api/modules/stable/versions.json
4/13/2025, 10:19:37 PM GMT+5:30 [Modules] No module updates available.
4/13/2025, 11:19:36 PM GMT+5:30 [Modules] Checking for host updates.
4/13/2025, 11:19:37 PM GMT+5:30 [Modules] Host is up to date.
4/13/2025, 11:19:37 PM GMT+5:30 [Modules] Checking for module updates at https://discord.com/api/modules/stable/versions.json
4/13/2025, 11:19:37 PM GMT+5:30 [Modules] No module updates available.
4/14/2025, 9:33:00 AM GMT+5:30 [Modules] Modules initializing
4/14/2025, 9:33:01 AM GMT+5:30 [Modules] Distribution: remote
4/14/2025, 9:33:01 AM GMT+5:30 [Modules] Host updates: enabled
4/14/2025, 9:33:01 AM GMT+5:30 [Modules] Module updates: enabled
4/14/2025, 9:33:01 AM GMT+5:30 [Modules] Module install path: /home/SamDaaEpic/.config/discord/0.0.90/modules
4/14/2025, 9:33:01 AM GMT+5:30 [Modules] Module installed file path: /home/SamDaaEpic/.config/discord/0.0.90/modules/installed.json
4/14/2025, 9:33:01 AM GMT+5:30 [Modules] Module download path: /home/SamDaaEpic/.config/discord/0.0.90/modules/pending
4/14/2025, 9:33:01 AM GMT+5:30 [Modules] No updates to install
4/14/2025, 9:33:01 AM GMT+5:30 [Modules] Checking for host updates.
4/14/2025, 9:33:01 AM GMT+5:30 [Modules] Host is up to date.
4/14/2025, 9:33:01 AM GMT+5:30 [Modules] Checking for module updates at https://discord.com/api/modules/stable/versions.json
4/14/2025, 9:33:01 AM GMT+5:30 [Modules] No module updates available.
4/14/2025, 9:33:03 AM GMT+5:30 [Modules] Checking for host updates.
4/14/2025, 9:33:04 AM GMT+5:30 [Modules] Host is up to date.
4/14/2025, 9:33:04 AM GMT+5:30 [Modules] Checking for module updates at https://discord.com/api/modules/stable/versions.json
4/14/2025, 9:33:04 AM GMT+5:30 [Modules] No module updates available.
4/14/2025, 10:14:19 AM GMT+5:30 [Modules] Modules initializing
4/14/2025, 10:14:19 AM GMT+5:30 [Modules] Distribution: remote
4/14/2025, 10:14:19 AM GMT+5:30 [Modules] Host updates: enabled
4/14/2025, 10:14:19 AM GMT+5:30 [Modules] Module updates: enabled
4/14/2025, 10:14:19 AM GMT+5:30 [Modules] Module install path: /home/SamDaaEpic/.config/discord/0.0.90/modules
4/14/2025, 10:14:19 AM GMT+5:30 [Modules] Module installed file path: /home/SamDaaEpic/.config/discord/0.0.90/modules/installed.json
4/14/2025, 10:14:19 AM GMT+5:30 [Modules] Module download path: /home/SamDaaEpic/.config/discord/0.0.90/modules/pending
4/14/2025, 10:14:19 AM GMT+5:30 [Modules] No updates to install
4/14/2025, 10:14:19 AM GMT+5:30 [Modules] Checking for host updates.
4/14/2025, 10:14:19 AM GMT+5:30 [Modules] Host is up to date.
4/14/2025, 10:14:19 AM GMT+5:30 [Modules] Checking for module updates at https://discord.com/api/modules/stable/versions.json
4/14/2025, 10:14:19 AM GMT+5:30 [Modules] No module updates available.
4/14/2025, 10:14:21 AM GMT+5:30 [Modules] Checking for host updates.
4/14/2025, 10:14:22 AM GMT+5:30 [Modules] Host is up to date.
4/14/2025, 10:14:22 AM GMT+5:30 [Modules] Checking for module updates at https://discord.com/api/modules/stable/versions.json
4/14/2025, 10:14:22 AM GMT+5:30 [Modules] No module updates available.
4/14/2025, 10:46:22 AM GMT+5:30 [Modules] Modules initializing
4/14/2025, 10:46:22 AM GMT+5:30 [Modules] Distribution: remote
4/14/2025, 10:46:22 AM GMT+5:30 [Modules] Host updates: enabled
4/14/2025, 10:46:22 AM GMT+5:30 [Modules] Module updates: enabled
4/14/2025, 10:46:22 AM GMT+5:30 [Modules] Module install path: /home/SamDaaEpic/.config/discord/0.0.90/modules
4/14/2025, 10:46:22 AM GMT+5:30 [Modules] Module installed file path: /home/SamDaaEpic/.config/discord/0.0.90/modules/installed.json
4/14/2025, 10:46:22 AM GMT+5:30 [Modules] Module download path: /home/SamDaaEpic/.config/discord/0.0.90/modules/pending
4/14/2025, 10:46:22 AM GMT+5:30 [Modules] No updates to install
4/14/2025, 10:46:22 AM GMT+5:30 [Modules] Checking for host updates.
4/14/2025, 10:46:23 AM GMT+5:30 [Modules] Host is up to date.
4/14/2025, 10:46:23 AM GMT+5:30 [Modules] Checking for module updates at https://discord.com/api/modules/stable/versions.json
4/14/2025, 10:46:23 AM GMT+5:30 [Modules] No module updates available.
4/14/2025, 10:46:26 AM GMT+5:30 [Modules] Checking for host updates.
4/14/2025, 10:46:26 AM GMT+5:30 [Modules] Host is up to date.
4/14/2025, 10:46:26 AM GMT+5:30 [Modules] Checking for module updates at https://discord.com/api/modules/stable/versions.json
4/14/2025, 10:46:26 AM GMT+5:30 [Modules] No module updates available.
